"             ELEM1","             ELEM2","                 X","                 Y","                 Z","     FLOW_HYDROG_G","      FLOW_WATER_L"
"                  ","                  ","               (M)","               (M)","               (M)","            (KG/S)","            (KG/S)"
"TIME [sec]  0.98004000E+05"
"             A11 0","             A11 1",  0.66900076985E-001,  0.33450000000E-001, -0.33450000000E-001,  0.00000000000E+000,  0.00000000000E+000
"TIME [sec]  0.19600800E+06"
"             A11 0","             A11 1",  0.66900076985E-001,  0.33450000000E-001, -0.33450000000E-001,  0.00000000000E+000,  0.00000000000E+000
"TIME [sec]  0.29401200E+06"
"             A11 0","             A11 1",  0.66900076985E-001,  0.33450000000E-001, -0.33450000000E-001,  0.00000000000E+000,  0.00000000000E+000
"TIME [sec]  0.39201600E+06"
"             A11 0","             A11 1",  0.66900076985E-001,  0.33450000000E-001, -0.33450000000E-001,  0.00000000000E+000,  0.00000000000E+000
"TIME [sec]  0.49002000E+06"
"             A11 0","             A11 1",  0.66900076985E-001,  0.33450000000E-001, -0.33450000000E-001,  0.00000000000E+000,  0.00000000000E+000
"TIME [sec]  0.58802400E+06"
"             A11 0","             A11 1",  0.66900076985E-001,  0.33450000000E-001, -0.33450000000E-001,  0.00000000000E+000,  0.00000000000E+000
"TIME [sec]  0.68602800E+06"
"             A11 0","             A11 1",  0.66900076985E-001,  0.33450000000E-001, -0.33450000000E-001,  0.00000000000E+000,  0.00000000000E+000
"TIME [sec]  0.78403200E+06"
"             A11 0","             A11 1",  0.66900076985E-001,  0.33450000000E-001, -0.33450000000E-001,  0.00000000000E+000,  0.00000000000E+000
"TIME [sec]  0.88203600E+06"
"             A11 0","             A11 1",  0.66900076985E-001,  0.33450000000E-001, -0.33450000000E-001,  0.00000000000E+000,  0.00000000000E+000
"TIME [sec]  0.98004000E+06"
"             A11 0","             A11 1",  0.66900076985E-001,  0.33450000000E-001, -0.33450000000E-001,  0.00000000000E+000,  0.00000000000E+000
"TIME [sec]  0.10780400E+07"
"             A11 0","             A11 1",  0.66900076985E-001,  0.33450000000E-001, -0.33450000000E-001,  0.00000000000E+000,  0.00000000000E+000
"TIME [sec]  0.11760400E+07"
"             A11 0","             A11 1",  0.66900076985E-001,  0.33450000000E-001, -0.33450000000E-001,  0.00000000000E+000,  0.00000000000E+000
"TIME [sec]  0.11992000E+07"
"             A11 0","             A11 1",  0.66900076985E-001,  0.33450000000E-001, -0.33450000000E-001,  0.00000000000E+000,  0.00000000000E+000
"TIME [sec]  0.12740500E+07"
"             A11 0","             A11 1",  0.66900076985E-001,  0.33450000000E-001, -0.33450000000E-001,  0.00000000000E+000,  0.00000000000E+000
"TIME [sec]  0.13720500E+07"
"             A11 0","             A11 1",  0.66900076985E-001,  0.33450000000E-001, -0.33450000000E-001,  0.00000000000E+000,  0.00000000000E+000
"TIME [sec]  0.14700600E+07"
"             A11 0","             A11 1",  0.66900076985E-001,  0.33450000000E-001, -0.33450000000E-001,  0.00000000000E+000,  0.00000000000E+000
"TIME [sec]  0.15680600E+07"
"             A11 0","             A11 1",  0.66900076985E-001,  0.33450000000E-001, -0.33450000000E-001,  0.00000000000E+000,  0.00000000000E+000
"TIME [sec]  0.16660600E+07"
"             A11 0","             A11 1",  0.66900076985E-001,  0.33450000000E-001, -0.33450000000E-001,  0.00000000000E+000,  0.00000000000E+000
"TIME [sec]  0.17640700E+07"
"             A11 0","             A11 1",  0.66900076985E-001,  0.33450000000E-001, -0.33450000000E-001,  0.00000000000E+000,  0.00000000000E+000
"TIME [sec]  0.18620700E+07"
"             A11 0","             A11 1",  0.66900076985E-001,  0.33450000000E-001, -0.33450000000E-001,  0.00000000000E+000,  0.00000000000E+000
"TIME [sec]  0.19600800E+07"
"             A11 0","             A11 1",  0.66900076985E-001,  0.33450000000E-001, -0.33450000000E-001,  0.00000000000E+000,  0.00000000000E+000
"TIME [sec]  0.20580800E+07"
"             A11 0","             A11 1",  0.66900076985E-001,  0.33450000000E-001, -0.33450000000E-001,  0.00000000000E+000,  0.00000000000E+000
"TIME [sec]  0.21560800E+07"
"             A11 0","             A11 1",  0.66900076985E-001,  0.33450000000E-001, -0.33450000000E-001,  0.00000000000E+000,  0.00000000000E+000
"TIME [sec]  0.22540900E+07"
"             A11 0","             A11 1",  0.66900076985E-001,  0.33450000000E-001, -0.33450000000E-001,  0.00000000000E+000,  0.00000000000E+000
"TIME [sec]  0.23520900E+07"
"             A11 0","             A11 1",  0.66900076985E-001,  0.33450000000E-001, -0.33450000000E-001,  0.00000000000E+000,  0.00000000000E+000
"TIME [sec]  0.23986500E+07"
"             A11 0","             A11 1",  0.66900076985E-001,  0.33450000000E-001, -0.33450000000E-001,  0.00000000000E+000,  0.00000000000E+000
"TIME [sec]  0.24501000E+07"
"             A11 0","             A11 1",  0.66900076985E-001,  0.33450000000E-001, -0.33450000000E-001,  0.00000000000E+000,  0.00000000000E+000
"TIME [sec]  0.25481000E+07"
"             A11 0","             A11 1",  0.66900076985E-001,  0.33450000000E-001, -0.33450000000E-001,  0.00000000000E+000,  0.00000000000E+000
"TIME [sec]  0.26461000E+07"
"             A11 0","             A11 1",  0.66900076985E-001,  0.33450000000E-001, -0.33450000000E-001,  0.00000000000E+000,  0.00000000000E+000
"TIME [sec]  0.27441100E+07"
"             A11 0","             A11 1",  0.66900076985E-001,  0.33450000000E-001, -0.33450000000E-001,  0.00000000000E+000,  0.00000000000E+000
"TIME [sec]  0.28421100E+07"
"             A11 0","             A11 1",  0.66900076985E-001,  0.33450000000E-001, -0.33450000000E-001,  0.00000000000E+000,  0.00000000000E+000
"TIME [sec]  0.29401200E+07"
"             A11 0","             A11 1",  0.66900076985E-001,  0.33450000000E-001, -0.33450000000E-001,  0.00000000000E+000,  0.00000000000E+000
"TIME [sec]  0.30381200E+07"
"             A11 0","             A11 1",  0.66900076985E-001,  0.33450000000E-001, -0.33450000000E-001,  0.00000000000E+000,  0.00000000000E+000
"TIME [sec]  0.31361200E+07"
"             A11 0","             A11 1",  0.66900076985E-001,  0.33450000000E-001, -0.33450000000E-001,  0.00000000000E+000,  0.00000000000E+000
"TIME [sec]  0.32341300E+07"
"             A11 0","             A11 1",  0.66900076985E-001,  0.33450000000E-001, -0.33450000000E-001,  0.00000000000E+000,  0.00000000000E+000
"TIME [sec]  0.33321300E+07"
"             A11 0","             A11 1",  0.66900076985E-001,  0.33450000000E-001, -0.33450000000E-001,  0.00000000000E+000,  0.00000000000E+000
"TIME [sec]  0.34301400E+07"
"             A11 0","             A11 1",  0.66900076985E-001,  0.33450000000E-001, -0.33450000000E-001,  0.00000000000E+000,  0.00000000000E+000
"TIME [sec]  0.35281400E+07"
"             A11 0","             A11 1",  0.66900076985E-001,  0.33450000000E-001, -0.33450000000E-001,  0.00000000000E+000,  0.00000000000E+000
"TIME [sec]  0.35981000E+07"
"             A11 0","             A11 1",  0.66900076985E-001,  0.33450000000E-001, -0.33450000000E-001,  0.00000000000E+000,  0.00000000000E+000
"TIME [sec]  0.36261400E+07"
"             A11 0","             A11 1",  0.66900076985E-001,  0.33450000000E-001, -0.33450000000E-001,  0.00000000000E+000,  0.00000000000E+000
"TIME [sec]  0.37241500E+07"
"             A11 0","             A11 1",  0.66900076985E-001,  0.33450000000E-001, -0.33450000000E-001,  0.00000000000E+000,  0.00000000000E+000
"TIME [sec]  0.38221500E+07"
"             A11 0","             A11 1",  0.66900076985E-001,  0.33450000000E-001, -0.33450000000E-001,  0.00000000000E+000,  0.00000000000E+000
"TIME [sec]  0.39201600E+07"
"             A11 0","             A11 1",  0.66900076985E-001,  0.33450000000E-001, -0.33450000000E-001,  0.00000000000E+000,  0.00000000000E+000
"TIME [sec]  0.40181600E+07"
"             A11 0","             A11 1",  0.66900076985E-001,  0.33450000000E-001, -0.33450000000E-001,  0.00000000000E+000,  0.00000000000E+000
"TIME [sec]  0.41161600E+07"
"             A11 0","             A11 1",  0.66900076985E-001,  0.33450000000E-001, -0.33450000000E-001,  0.00000000000E+000,  0.00000000000E+000
"TIME [sec]  0.42141700E+07"
"             A11 0","             A11 1",  0.66900076985E-001,  0.33450000000E-001, -0.33450000000E-001,  0.00000000000E+000,  0.00000000000E+000
"TIME [sec]  0.43121700E+07"
"             A11 0","             A11 1",  0.66900076985E-001,  0.33450000000E-001, -0.33450000000E-001,  0.00000000000E+000,  0.00000000000E+000
"TIME [sec]  0.44101800E+07"
"             A11 0","             A11 1",  0.66900076985E-001,  0.33450000000E-001, -0.33450000000E-001,  0.00000000000E+000,  0.00000000000E+000
"TIME [sec]  0.45081800E+07"
"             A11 0","             A11 1",  0.66900076985E-001,  0.33450000000E-001, -0.33450000000E-001,  0.00000000000E+000,  0.00000000000E+000
"TIME [sec]  0.46061800E+07"
"             A11 0","             A11 1",  0.66900076985E-001,  0.33450000000E-001, -0.33450000000E-001,  0.00000000000E+000,  0.00000000000E+000
"TIME [sec]  0.47041900E+07"
"             A11 0","             A11 1",  0.66900076985E-001,  0.33450000000E-001, -0.33450000000E-001,  0.00000000000E+000,  0.00000000000E+000
"TIME [sec]  0.47975500E+07"
"             A11 0","             A11 1",  0.66900076985E-001,  0.33450000000E-001, -0.33450000000E-001,  0.00000000000E+000,  0.00000000000E+000
"TIME [sec]  0.48021900E+07"
"             A11 0","             A11 1",  0.66900076985E-001,  0.33450000000E-001, -0.33450000000E-001,  0.00000000000E+000,  0.00000000000E+000
"TIME [sec]  0.49002000E+07"
"             A11 0","             A11 1",  0.66900076985E-001,  0.33450000000E-001, -0.33450000000E-001,  0.00000000000E+000,  0.00000000000E+000
"TIME [sec]  0.49982000E+07"
"             A11 0","             A11 1",  0.66900076985E-001,  0.33450000000E-001, -0.33450000000E-001,  0.00000000000E+000,  0.00000000000E+000
"TIME [sec]  0.50962000E+07"
"             A11 0","             A11 1",  0.66900076985E-001,  0.33450000000E-001, -0.33450000000E-001,  0.00000000000E+000,  0.00000000000E+000
"TIME [sec]  0.51942100E+07"
"             A11 0","             A11 1",  0.66900076985E-001,  0.33450000000E-001, -0.33450000000E-001,  0.00000000000E+000,  0.00000000000E+000
"TIME [sec]  0.52922100E+07"
"             A11 0","             A11 1",  0.66900076985E-001,  0.33450000000E-001, -0.33450000000E-001,  0.00000000000E+000,  0.00000000000E+000
"TIME [sec]  0.53902200E+07"
"             A11 0","             A11 1",  0.66900076985E-001,  0.33450000000E-001, -0.33450000000E-001,  0.00000000000E+000,  0.00000000000E+000
"TIME [sec]  0.54882200E+07"
"             A11 0","             A11 1",  0.66900076985E-001,  0.33450000000E-001, -0.33450000000E-001,  0.00000000000E+000,  0.00000000000E+000
"TIME [sec]  0.55862200E+07"
"             A11 0","             A11 1",  0.66900076985E-001,  0.33450000000E-001, -0.33450000000E-001,  0.00000000000E+000,  0.00000000000E+000
"TIME [sec]  0.56842300E+07"
"             A11 0","             A11 1",  0.66900076985E-001,  0.33450000000E-001, -0.33450000000E-001,  0.00000000000E+000,  0.00000000000E+000
"TIME [sec]  0.57822300E+07"
"             A11 0","             A11 1",  0.66900076985E-001,  0.33450000000E-001, -0.33450000000E-001,  0.00000000000E+000,  0.00000000000E+000
"TIME [sec]  0.58802400E+07"
"             A11 0","             A11 1",  0.66900076985E-001,  0.33450000000E-001, -0.33450000000E-001,  0.00000000000E+000,  0.00000000000E+000
"TIME [sec]  0.59782400E+07"
"             A11 0","             A11 1",  0.66900076985E-001,  0.33450000000E-001, -0.33450000000E-001,  0.00000000000E+000,  0.00000000000E+000
"TIME [sec]  0.59969600E+07"
"             A11 0","             A11 1",  0.66900076985E-001,  0.33450000000E-001, -0.33450000000E-001,  0.00000000000E+000,  0.00000000000E+000
"TIME [sec]  0.60762400E+07"
"             A11 0","             A11 1",  0.66900076985E-001,  0.33450000000E-001, -0.33450000000E-001,  0.00000000000E+000,  0.00000000000E+000
"TIME [sec]  0.61742500E+07"
"             A11 0","             A11 1",  0.66900076985E-001,  0.33450000000E-001, -0.33450000000E-001,  0.00000000000E+000,  0.00000000000E+000
"TIME [sec]  0.62722500E+07"
"             A11 0","             A11 1",  0.66900076985E-001,  0.33450000000E-001, -0.33450000000E-001,  0.00000000000E+000,  0.00000000000E+000
"TIME [sec]  0.63702600E+07"
"             A11 0","             A11 1",  0.66900076985E-001,  0.33450000000E-001, -0.33450000000E-001,  0.00000000000E+000,  0.00000000000E+000
"TIME [sec]  0.64682600E+07"
"             A11 0","             A11 1",  0.66900076985E-001,  0.33450000000E-001, -0.33450000000E-001,  0.00000000000E+000,  0.00000000000E+000
"TIME [sec]  0.65662600E+07"
"             A11 0","             A11 1",  0.66900076985E-001,  0.33450000000E-001, -0.33450000000E-001,  0.00000000000E+000,  0.00000000000E+000
"TIME [sec]  0.66642700E+07"
"             A11 0","             A11 1",  0.66900076985E-001,  0.33450000000E-001, -0.33450000000E-001,  0.00000000000E+000,  0.00000000000E+000
"TIME [sec]  0.67622700E+07"
"             A11 0","             A11 1",  0.66900076985E-001,  0.33450000000E-001, -0.33450000000E-001,  0.00000000000E+000,  0.00000000000E+000
"TIME [sec]  0.68602800E+07"
"             A11 0","             A11 1",  0.66900076985E-001,  0.33450000000E-001, -0.33450000000E-001,  0.00000000000E+000,  0.00000000000E+000
"TIME [sec]  0.69582800E+07"
"             A11 0","             A11 1",  0.66900076985E-001,  0.33450000000E-001, -0.33450000000E-001,  0.00000000000E+000,  0.00000000000E+000
"TIME [sec]  0.70562800E+07"
"             A11 0","             A11 1",  0.66900076985E-001,  0.33450000000E-001, -0.33450000000E-001,  0.00000000000E+000,  0.00000000000E+000
"TIME [sec]  0.71542900E+07"
"             A11 0","             A11 1",  0.66900076985E-001,  0.33450000000E-001, -0.33450000000E-001,  0.00000000000E+000,  0.00000000000E+000
"TIME [sec]  0.71964100E+07"
"             A11 0","             A11 1",  0.66900076985E-001,  0.33450000000E-001, -0.33450000000E-001,  0.00000000000E+000,  0.00000000000E+000
"TIME [sec]  0.72522900E+07"
"             A11 0","             A11 1",  0.66900076985E-001,  0.33450000000E-001, -0.33450000000E-001,  0.00000000000E+000,  0.00000000000E+000
"TIME [sec]  0.73503000E+07"
"             A11 0","             A11 1",  0.66900076985E-001,  0.33450000000E-001, -0.33450000000E-001,  0.00000000000E+000,  0.00000000000E+000
"TIME [sec]  0.74483000E+07"
"             A11 0","             A11 1",  0.66900076985E-001,  0.33450000000E-001, -0.33450000000E-001,  0.00000000000E+000,  0.00000000000E+000
"TIME [sec]  0.75463000E+07"
"             A11 0","             A11 1",  0.66900076985E-001,  0.33450000000E-001, -0.33450000000E-001,  0.00000000000E+000,  0.00000000000E+000
"TIME [sec]  0.76443100E+07"
"             A11 0","             A11 1",  0.66900076985E-001,  0.33450000000E-001, -0.33450000000E-001,  0.00000000000E+000,  0.00000000000E+000
"TIME [sec]  0.77423100E+07"
"             A11 0","             A11 1",  0.66900076985E-001,  0.33450000000E-001, -0.33450000000E-001,  0.00000000000E+000,  0.00000000000E+000
"TIME [sec]  0.78403200E+07"
"             A11 0","             A11 1",  0.66900076985E-001,  0.33450000000E-001, -0.33450000000E-001,  0.00000000000E+000,  0.00000000000E+000
"TIME [sec]  0.79383200E+07"
"             A11 0","             A11 1",  0.66900076985E-001,  0.33450000000E-001, -0.33450000000E-001,  0.00000000000E+000,  0.00000000000E+000
"TIME [sec]  0.80363200E+07"
"             A11 0","             A11 1",  0.66900076985E-001,  0.33450000000E-001, -0.33450000000E-001,  0.00000000000E+000,  0.00000000000E+000
"TIME [sec]  0.81343300E+07"
"             A11 0","             A11 1",  0.66900076985E-001,  0.33450000000E-001, -0.33450000000E-001,  0.00000000000E+000,  0.00000000000E+000
"TIME [sec]  0.82323300E+07"
"             A11 0","             A11 1",  0.66900076985E-001,  0.33450000000E-001, -0.33450000000E-001,  0.00000000000E+000,  0.00000000000E+000
"TIME [sec]  0.83303400E+07"
"             A11 0","             A11 1",  0.66900076985E-001,  0.33450000000E-001, -0.33450000000E-001,  0.00000000000E+000,  0.00000000000E+000
"TIME [sec]  0.83958600E+07"
"             A11 0","             A11 1",  0.66900076985E-001,  0.33450000000E-001, -0.33450000000E-001,  0.00000000000E+000,  0.00000000000E+000
"TIME [sec]  0.84283400E+07"
"             A11 0","             A11 1",  0.66900076985E-001,  0.33450000000E-001, -0.33450000000E-001,  0.00000000000E+000,  0.00000000000E+000
"TIME [sec]  0.85263400E+07"
"             A11 0","             A11 1",  0.66900076985E-001,  0.33450000000E-001, -0.33450000000E-001,  0.00000000000E+000,  0.00000000000E+000
"TIME [sec]  0.86243500E+07"
"             A11 0","             A11 1",  0.66900076985E-001,  0.33450000000E-001, -0.33450000000E-001,  0.00000000000E+000,  0.00000000000E+000
"TIME [sec]  0.87223500E+07"
"             A11 0","             A11 1",  0.66900076985E-001,  0.33450000000E-001, -0.33450000000E-001,  0.00000000000E+000,  0.00000000000E+000
"TIME [sec]  0.88203600E+07"
"             A11 0","             A11 1",  0.66900076985E-001,  0.33450000000E-001, -0.33450000000E-001,  0.00000000000E+000,  0.00000000000E+000
"TIME [sec]  0.89183600E+07"
"             A11 0","             A11 1",  0.66900076985E-001,  0.33450000000E-001, -0.33450000000E-001,  0.00000000000E+000,  0.00000000000E+000
"TIME [sec]  0.90163700E+07"
"             A11 0","             A11 1",  0.66900076985E-001,  0.33450000000E-001, -0.33450000000E-001,  0.00000000000E+000,  0.00000000000E+000
"TIME [sec]  0.91143700E+07"
"             A11 0","             A11 1",  0.66900076985E-001,  0.33450000000E-001, -0.33450000000E-001,  0.00000000000E+000,  0.00000000000E+000
"TIME [sec]  0.92123700E+07"
"             A11 0","             A11 1",  0.66900076985E-001,  0.33450000000E-001, -0.33450000000E-001,  0.00000000000E+000,  0.00000000000E+000
"TIME [sec]  0.93103800E+07"
"             A11 0","             A11 1",  0.66900076985E-001,  0.33450000000E-001, -0.33450000000E-001,  0.00000000000E+000,  0.00000000000E+000
"TIME [sec]  0.94083800E+07"
"             A11 0","             A11 1",  0.66900076985E-001,  0.33450000000E-001, -0.33450000000E-001,  0.00000000000E+000,  0.00000000000E+000
"TIME [sec]  0.95063900E+07"
"             A11 0","             A11 1",  0.66900076985E-001,  0.33450000000E-001, -0.33450000000E-001,  0.00000000000E+000,  0.00000000000E+000
"TIME [sec]  0.95953100E+07"
"             A11 0","             A11 1",  0.66900076985E-001,  0.33450000000E-001, -0.33450000000E-001,  0.00000000000E+000,  0.00000000000E+000
"TIME [sec]  0.96043900E+07"
"             A11 0","             A11 1",  0.66900076985E-001,  0.33450000000E-001, -0.33450000000E-001,  0.00000000000E+000,  0.00000000000E+000
"TIME [sec]  0.97023900E+07"
"             A11 0","             A11 1",  0.66900076985E-001,  0.33450000000E-001, -0.33450000000E-001,  0.00000000000E+000,  0.00000000000E+000
"TIME [sec]  0.98004000E+07"
"             A11 0","             A11 1",  0.66900076985E-001,  0.33450000000E-001, -0.33450000000E-001,  0.00000000000E+000,  0.00000000000E+000
"TIME [sec]  0.98984000E+07"
"             A11 0","             A11 1",  0.66900076985E-001,  0.33450000000E-001, -0.33450000000E-001,  0.00000000000E+000,  0.00000000000E+000
"TIME [sec]  0.99964100E+07"
"             A11 0","             A11 1",  0.66900076985E-001,  0.33450000000E-001, -0.33450000000E-001,  0.00000000000E+000,  0.00000000000E+000
"TIME [sec]  0.10094400E+08"
"             A11 0","             A11 1",  0.66900076985E-001,  0.33450000000E-001, -0.33450000000E-001,  0.00000000000E+000,  0.00000000000E+000
"TIME [sec]  0.10192400E+08"
"             A11 0","             A11 1",  0.66900076985E-001,  0.33450000000E-001, -0.33450000000E-001,  0.00000000000E+000,  0.00000000000E+000
"TIME [sec]  0.10290400E+08"
"             A11 0","             A11 1",  0.66900076985E-001,  0.33450000000E-001, -0.33450000000E-001,  0.00000000000E+000,  0.00000000000E+000
"TIME [sec]  0.10388400E+08"
"             A11 0","             A11 1",  0.66900076985E-001,  0.33450000000E-001, -0.33450000000E-001,  0.00000000000E+000,  0.00000000000E+000
"TIME [sec]  0.10486400E+08"
"             A11 0","             A11 1",  0.66900076985E-001,  0.33450000000E-001, -0.33450000000E-001,  0.00000000000E+000,  0.00000000000E+000
"TIME [sec]  0.10584400E+08"
"             A11 0","             A11 1",  0.66900076985E-001,  0.33450000000E-001, -0.33450000000E-001,  0.00000000000E+000,  0.00000000000E+000
"TIME [sec]  0.10682400E+08"
"             A11 0","             A11 1",  0.66900076985E-001,  0.33450000000E-001, -0.33450000000E-001,  0.00000000000E+000,  0.00000000000E+000
"TIME [sec]  0.10780400E+08"
"             A11 0","             A11 1",  0.66900076985E-001,  0.33450000000E-001, -0.33450000000E-001,  0.00000000000E+000,  0.00000000000E+000
"TIME [sec]  0.10794680E+08"
"             A11 0","             A11 1",  0.66900076985E-001,  0.33450000000E-001, -0.33450000000E-001,  0.00000000000E+000,  0.00000000000E+000
"TIME [sec]  0.10878400E+08"
"             A11 0","             A11 1",  0.66900076985E-001,  0.33450000000E-001, -0.33450000000E-001,  0.00000000000E+000,  0.00000000000E+000
"TIME [sec]  0.10976400E+08"
"             A11 0","             A11 1",  0.66900076985E-001,  0.33450000000E-001, -0.33450000000E-001,  0.00000000000E+000,  0.00000000000E+000
"TIME [sec]  0.11074400E+08"
"             A11 0","             A11 1",  0.66900076985E-001,  0.33450000000E-001, -0.33450000000E-001,  0.00000000000E+000,  0.00000000000E+000
"TIME [sec]  0.11172400E+08"
"             A11 0","             A11 1",  0.66900076985E-001,  0.33450000000E-001, -0.33450000000E-001,  0.00000000000E+000,  0.00000000000E+000
"TIME [sec]  0.11270400E+08"
"             A11 0","             A11 1",  0.66900076985E-001,  0.33450000000E-001, -0.33450000000E-001,  0.00000000000E+000,  0.00000000000E+000
"TIME [sec]  0.11368400E+08"
"             A11 0","             A11 1",  0.66900076985E-001,  0.33450000000E-001, -0.33450000000E-001,  0.00000000000E+000,  0.00000000000E+000
"TIME [sec]  0.11466400E+08"
"             A11 0","             A11 1",  0.66900076985E-001,  0.33450000000E-001, -0.33450000000E-001,  0.00000000000E+000,  0.00000000000E+000
"TIME [sec]  0.11564400E+08"
"             A11 0","             A11 1",  0.66900076985E-001,  0.33450000000E-001, -0.33450000000E-001,  0.00000000000E+000,  0.00000000000E+000
"TIME [sec]  0.11662400E+08"
"             A11 0","             A11 1",  0.66900076985E-001,  0.33450000000E-001, -0.33450000000E-001,  0.00000000000E+000,  0.00000000000E+000
"TIME [sec]  0.11760400E+08"
"             A11 0","             A11 1",  0.66900076985E-001,  0.33450000000E-001, -0.33450000000E-001,  0.00000000000E+000,  0.00000000000E+000
"TIME [sec]  0.11858400E+08"
"             A11 0","             A11 1",  0.66900076985E-001,  0.33450000000E-001, -0.33450000000E-001,  0.00000000000E+000,  0.00000000000E+000
"TIME [sec]  0.11956400E+08"
"             A11 0","             A11 1",  0.66900076985E-001,  0.33450000000E-001, -0.33450000000E-001,  0.00000000000E+000,  0.00000000000E+000
"TIME [sec]  0.11994080E+08"
"             A11 0","             A11 1",  0.66900076985E-001,  0.33450000000E-001, -0.33450000000E-001,  0.00000000000E+000,  0.00000000000E+000
"TIME [sec]  0.12054400E+08"
"             A11 0","             A11 1",  0.66900076985E-001,  0.33450000000E-001, -0.33450000000E-001,  0.00000000000E+000,  0.00000000000E+000
"TIME [sec]  0.12152400E+08"
"             A11 0","             A11 1",  0.66900076985E-001,  0.33450000000E-001, -0.33450000000E-001,  0.00000000000E+000,  0.00000000000E+000
"TIME [sec]  0.12250500E+08"
"             A11 0","             A11 1",  0.66900076985E-001,  0.33450000000E-001, -0.33450000000E-001,  0.00000000000E+000,  0.00000000000E+000
"TIME [sec]  0.12348500E+08"
"             A11 0","             A11 1",  0.66900076985E-001,  0.33450000000E-001, -0.33450000000E-001,  0.00000000000E+000,  0.00000000000E+000
"TIME [sec]  0.12446500E+08"
"             A11 0","             A11 1",  0.66900076985E-001,  0.33450000000E-001, -0.33450000000E-001,  0.00000000000E+000,  0.00000000000E+000
"TIME [sec]  0.12544500E+08"
"             A11 0","             A11 1",  0.66900076985E-001,  0.33450000000E-001, -0.33450000000E-001,  0.00000000000E+000,  0.00000000000E+000
"TIME [sec]  0.12642500E+08"
"             A11 0","             A11 1",  0.66900076985E-001,  0.33450000000E-001, -0.33450000000E-001,  0.00000000000E+000,  0.00000000000E+000
"TIME [sec]  0.12740500E+08"
"             A11 0","             A11 1",  0.66900076985E-001,  0.33450000000E-001, -0.33450000000E-001,  0.00000000000E+000,  0.00000000000E+000
"TIME [sec]  0.12838500E+08"
"             A11 0","             A11 1",  0.66900076985E-001,  0.33450000000E-001, -0.33450000000E-001,  0.00000000000E+000,  0.00000000000E+000
"TIME [sec]  0.12936500E+08"
"             A11 0","             A11 1",  0.66900076985E-001,  0.33450000000E-001, -0.33450000000E-001,  0.00000000000E+000,  0.00000000000E+000
"TIME [sec]  0.13034500E+08"
"             A11 0","             A11 1",  0.66900076985E-001,  0.33450000000E-001, -0.33450000000E-001,  0.00000000000E+000,  0.00000000000E+000
"TIME [sec]  0.13132500E+08"
"             A11 0","             A11 1",  0.66900076985E-001,  0.33450000000E-001, -0.33450000000E-001,  0.00000000000E+000,  0.00000000000E+000
"TIME [sec]  0.13193460E+08"
"             A11 0","             A11 1",  0.66900076985E-001,  0.33450000000E-001, -0.33450000000E-001,  0.00000000000E+000,  0.00000000000E+000
"TIME [sec]  0.13230500E+08"
"             A11 0","             A11 1",  0.66900076985E-001,  0.33450000000E-001, -0.33450000000E-001,  0.00000000000E+000,  0.00000000000E+000
"TIME [sec]  0.13328500E+08"
"             A11 0","             A11 1",  0.66900076985E-001,  0.33450000000E-001, -0.33450000000E-001,  0.00000000000E+000,  0.00000000000E+000
"TIME [sec]  0.13426500E+08"
"             A11 0","             A11 1",  0.66900076985E-001,  0.33450000000E-001, -0.33450000000E-001,  0.00000000000E+000,  0.00000000000E+000
"TIME [sec]  0.13524500E+08"
"             A11 0","             A11 1",  0.66900076985E-001,  0.33450000000E-001, -0.33450000000E-001,  0.00000000000E+000,  0.00000000000E+000
"TIME [sec]  0.13622500E+08"
"             A11 0","             A11 1",  0.66900076985E-001,  0.33450000000E-001, -0.33450000000E-001,  0.00000000000E+000,  0.00000000000E+000
"TIME [sec]  0.13720500E+08"
"             A11 0","             A11 1",  0.66900076985E-001,  0.33450000000E-001, -0.33450000000E-001,  0.00000000000E+000,  0.00000000000E+000
"TIME [sec]  0.13818500E+08"
"             A11 0","             A11 1",  0.66900076985E-001,  0.33450000000E-001, -0.33450000000E-001,  0.00000000000E+000,  0.00000000000E+000
"TIME [sec]  0.13916500E+08"
"             A11 0","             A11 1",  0.66900076985E-001,  0.33450000000E-001, -0.33450000000E-001,  0.00000000000E+000,  0.00000000000E+000
"TIME [sec]  0.14014500E+08"
"             A11 0","             A11 1",  0.66900076985E-001,  0.33450000000E-001, -0.33450000000E-001,  0.00000000000E+000,  0.00000000000E+000
"TIME [sec]  0.14112500E+08"
"             A11 0","             A11 1",  0.66900076985E-001,  0.33450000000E-001, -0.33450000000E-001,  0.00000000000E+000,  0.00000000000E+000
"TIME [sec]  0.14210500E+08"
"             A11 0","             A11 1",  0.66900076985E-001,  0.33450000000E-001, -0.33450000000E-001,  0.00000000000E+000,  0.00000000000E+000
"TIME [sec]  0.14308500E+08"
"             A11 0","             A11 1",  0.66900076985E-001,  0.33450000000E-001, -0.33450000000E-001,  0.00000000000E+000,  0.00000000000E+000
"TIME [sec]  0.14392860E+08"
"             A11 0","             A11 1",  0.66900076985E-001,  0.33450000000E-001, -0.33450000000E-001,  0.00000000000E+000,  0.00000000000E+000
"TIME [sec]  0.14406500E+08"
"             A11 0","             A11 1",  0.66900076985E-001,  0.33450000000E-001, -0.33450000000E-001,  0.00000000000E+000,  0.00000000000E+000
"TIME [sec]  0.14504500E+08"
"             A11 0","             A11 1",  0.66900076985E-001,  0.33450000000E-001, -0.33450000000E-001,  0.00000000000E+000,  0.00000000000E+000
"TIME [sec]  0.14602500E+08"
"             A11 0","             A11 1",  0.66900076985E-001,  0.33450000000E-001, -0.33450000000E-001,  0.00000000000E+000,  0.00000000000E+000
"TIME [sec]  0.14700600E+08"
"             A11 0","             A11 1",  0.66900076985E-001,  0.33450000000E-001, -0.33450000000E-001,  0.00000000000E+000,  0.00000000000E+000
"TIME [sec]  0.14798600E+08"
"             A11 0","             A11 1",  0.66900076985E-001,  0.33450000000E-001, -0.33450000000E-001,  0.00000000000E+000,  0.00000000000E+000
"TIME [sec]  0.14896600E+08"
"             A11 0","             A11 1",  0.66900076985E-001,  0.33450000000E-001, -0.33450000000E-001,  0.00000000000E+000,  0.00000000000E+000
"TIME [sec]  0.14994600E+08"
"             A11 0","             A11 1",  0.66900076985E-001,  0.33450000000E-001, -0.33450000000E-001,  0.00000000000E+000,  0.00000000000E+000
"TIME [sec]  0.15092600E+08"
"             A11 0","             A11 1",  0.66900076985E-001,  0.33450000000E-001, -0.33450000000E-001,  0.00000000000E+000,  0.00000000000E+000
"TIME [sec]  0.15190600E+08"
"             A11 0","             A11 1",  0.66900076985E-001,  0.33450000000E-001, -0.33450000000E-001,  0.00000000000E+000,  0.00000000000E+000
"TIME [sec]  0.15288600E+08"
"             A11 0","             A11 1",  0.66900076985E-001,  0.33450000000E-001, -0.33450000000E-001,  0.00000000000E+000,  0.00000000000E+000
"TIME [sec]  0.15386600E+08"
"             A11 0","             A11 1",  0.66900076985E-001,  0.33450000000E-001, -0.33450000000E-001,  0.00000000000E+000,  0.00000000000E+000
"TIME [sec]  0.15484600E+08"
"             A11 0","             A11 1",  0.66900076985E-001,  0.33450000000E-001, -0.33450000000E-001,  0.00000000000E+000,  0.00000000000E+000
"TIME [sec]  0.15582600E+08"
"             A11 0","             A11 1",  0.66900076985E-001,  0.33450000000E-001, -0.33450000000E-001,  0.00000000000E+000,  0.00000000000E+000
"TIME [sec]  0.15592200E+08"
"             A11 0","             A11 1",  0.66900076985E-001,  0.33450000000E-001, -0.33450000000E-001,  0.00000000000E+000,  0.00000000000E+000
"TIME [sec]  0.15680600E+08"
"             A11 0","             A11 1",  0.66900076985E-001,  0.33450000000E-001, -0.33450000000E-001,  0.00000000000E+000,  0.00000000000E+000
"TIME [sec]  0.15778600E+08"
"             A11 0","             A11 1",  0.66900076985E-001,  0.33450000000E-001, -0.33450000000E-001,  0.00000000000E+000,  0.00000000000E+000
"TIME [sec]  0.15876600E+08"
"             A11 0","             A11 1",  0.66900076985E-001,  0.33450000000E-001, -0.33450000000E-001,  0.00000000000E+000,  0.00000000000E+000
"TIME [sec]  0.15974600E+08"
"             A11 0","             A11 1",  0.66900076985E-001,  0.33450000000E-001, -0.33450000000E-001,  0.00000000000E+000,  0.00000000000E+000
"TIME [sec]  0.16072600E+08"
"             A11 0","             A11 1",  0.66900076985E-001,  0.33450000000E-001, -0.33450000000E-001,  0.00000000000E+000,  0.00000000000E+000
"TIME [sec]  0.16170600E+08"
"             A11 0","             A11 1",  0.66900076985E-001,  0.33450000000E-001, -0.33450000000E-001,  0.00000000000E+000,  0.00000000000E+000
"TIME [sec]  0.16268600E+08"
"             A11 0","             A11 1",  0.66900076985E-001,  0.33450000000E-001, -0.33450000000E-001,  0.00000000000E+000,  0.00000000000E+000
"TIME [sec]  0.16366600E+08"
"             A11 0","             A11 1",  0.66900076985E-001,  0.33450000000E-001, -0.33450000000E-001,  0.00000000000E+000,  0.00000000000E+000
"TIME [sec]  0.16464600E+08"
"             A11 0","             A11 1",  0.66900076985E-001,  0.33450000000E-001, -0.33450000000E-001,  0.00000000000E+000,  0.00000000000E+000
"TIME [sec]  0.16562600E+08"
"             A11 0","             A11 1",  0.66900076985E-001,  0.33450000000E-001, -0.33450000000E-001,  0.00000000000E+000,  0.00000000000E+000
"TIME [sec]  0.16660600E+08"
"             A11 0","             A11 1",  0.66900076985E-001,  0.33450000000E-001, -0.33450000000E-001,  0.00000000000E+000,  0.00000000000E+000
"TIME [sec]  0.16758600E+08"
"             A11 0","             A11 1",  0.66900076985E-001,  0.33450000000E-001, -0.33450000000E-001,  0.00000000000E+000,  0.00000000000E+000
"TIME [sec]  0.16791600E+08"
"             A11 0","             A11 1",  0.66900076985E-001,  0.33450000000E-001, -0.33450000000E-001,  0.00000000000E+000,  0.00000000000E+000
"TIME [sec]  0.16856600E+08"
"             A11 0","             A11 1",  0.66900076985E-001,  0.33450000000E-001, -0.33450000000E-001,  0.00000000000E+000,  0.00000000000E+000
"TIME [sec]  0.16954600E+08"
"             A11 0","             A11 1",  0.66900076985E-001,  0.33450000000E-001, -0.33450000000E-001,  0.00000000000E+000,  0.00000000000E+000
"TIME [sec]  0.17052600E+08"
"             A11 0","             A11 1",  0.66900076985E-001,  0.33450000000E-001, -0.33450000000E-001,  0.00000000000E+000,  0.00000000000E+000
"TIME [sec]  0.17150700E+08"
"             A11 0","             A11 1",  0.66900076985E-001,  0.33450000000E-001, -0.33450000000E-001,  0.00000000000E+000,  0.00000000000E+000
"TIME [sec]  0.17248700E+08"
"             A11 0","             A11 1",  0.66900076985E-001,  0.33450000000E-001, -0.33450000000E-001,  0.00000000000E+000,  0.00000000000E+000
"TIME [sec]  0.17346700E+08"
"             A11 0","             A11 1",  0.66900076985E-001,  0.33450000000E-001, -0.33450000000E-001,  0.00000000000E+000,  0.00000000000E+000
"TIME [sec]  0.17444700E+08"
"             A11 0","             A11 1",  0.66900076985E-001,  0.33450000000E-001, -0.33450000000E-001,  0.00000000000E+000,  0.00000000000E+000
"TIME [sec]  0.17542700E+08"
"             A11 0","             A11 1",  0.66900076985E-001,  0.33450000000E-001, -0.33450000000E-001,  0.00000000000E+000,  0.00000000000E+000
"TIME [sec]  0.17640700E+08"
"             A11 0","             A11 1",  0.66900076985E-001,  0.33450000000E-001, -0.33450000000E-001,  0.00000000000E+000,  0.00000000000E+000
"TIME [sec]  0.17738700E+08"
"             A11 0","             A11 1",  0.66900076985E-001,  0.33450000000E-001, -0.33450000000E-001,  0.00000000000E+000,  0.00000000000E+000
"TIME [sec]  0.17836700E+08"
"             A11 0","             A11 1",  0.66900076985E-001,  0.33450000000E-001, -0.33450000000E-001,  0.00000000000E+000,  0.00000000000E+000
"TIME [sec]  0.17934700E+08"
"             A11 0","             A11 1",  0.66900076985E-001,  0.33450000000E-001, -0.33450000000E-001,  0.00000000000E+000,  0.00000000000E+000
"TIME [sec]  0.17990980E+08"
"             A11 0","             A11 1",  0.66900076985E-001,  0.33450000000E-001, -0.33450000000E-001,  0.00000000000E+000,  0.00000000000E+000
"TIME [sec]  0.18032700E+08"
"             A11 0","             A11 1",  0.66900076985E-001,  0.33450000000E-001, -0.33450000000E-001,  0.00000000000E+000,  0.00000000000E+000
"TIME [sec]  0.18130700E+08"
"             A11 0","             A11 1",  0.66900076985E-001,  0.33450000000E-001, -0.33450000000E-001,  0.00000000000E+000,  0.00000000000E+000
"TIME [sec]  0.18228700E+08"
"             A11 0","             A11 1",  0.66900076985E-001,  0.33450000000E-001, -0.33450000000E-001,  0.00000000000E+000,  0.00000000000E+000
"TIME [sec]  0.18326700E+08"
"             A11 0","             A11 1",  0.66900076985E-001,  0.33450000000E-001, -0.33450000000E-001, -0.24715184815E-010, -0.12605358864E-009
"TIME [sec]  0.18424700E+08"
"             A11 0","             A11 1",  0.66900076985E-001,  0.33450000000E-001, -0.33450000000E-001, -0.53634523957E-010, -0.26876155744E-009
"TIME [sec]  0.18522700E+08"
"             A11 0","             A11 1",  0.66900076985E-001,  0.33450000000E-001, -0.33450000000E-001, -0.55689813744E-010, -0.27411908971E-009
"TIME [sec]  0.18620700E+08"
"             A11 0","             A11 1",  0.66900076985E-001,  0.33450000000E-001, -0.33450000000E-001, -0.57574483123E-010, -0.27828782244E-009
"TIME [sec]  0.18718700E+08"
"             A11 0","             A11 1",  0.66900076985E-001,  0.33450000000E-001, -0.33450000000E-001, -0.59654861955E-010, -0.28305163503E-009
"TIME [sec]  0.18816700E+08"
"             A11 0","             A11 1",  0.66900076985E-001,  0.33450000000E-001, -0.33450000000E-001, -0.62070001964E-010, -0.28900525832E-009
"TIME [sec]  0.18914700E+08"
"             A11 0","             A11 1",  0.66900076985E-001,  0.33450000000E-001, -0.33450000000E-001, -0.64579582145E-010, -0.29495946335E-009
"TIME [sec]  0.19012700E+08"
"             A11 0","             A11 1",  0.66900076985E-001,  0.33450000000E-001, -0.33450000000E-001, -0.66923280628E-010, -0.29972489789E-009
"TIME [sec]  0.19110700E+08"
"             A11 0","             A11 1",  0.66900076985E-001,  0.33450000000E-001, -0.33450000000E-001, -0.69903616196E-010, -0.30686975125E-009
"TIME [sec]  0.19187740E+08"
"             A11 0","             A11 1",  0.66900076985E-001,  0.33450000000E-001, -0.33450000000E-001, -0.72134891316E-010, -0.31163449247E-009
"TIME [sec]  0.19208700E+08"
"             A11 0","             A11 1",  0.66900076985E-001,  0.33450000000E-001, -0.33450000000E-001, -0.72730067233E-010, -0.31282590793E-009
"TIME [sec]  0.19306700E+08"
"             A11 0","             A11 1",  0.66900076985E-001,  0.33450000000E-001, -0.33450000000E-001, -0.75675650862E-010, -0.31878279828E-009
"TIME [sec]  0.19404700E+08"
"             A11 0","             A11 1",  0.66900076985E-001,  0.33450000000E-001, -0.33450000000E-001, -0.79325066143E-010, -0.32711952128E-009
"TIME [sec]  0.19502800E+08"
"             A11 0","             A11 1",  0.66900076985E-001,  0.33450000000E-001, -0.33450000000E-001, -0.82547405991E-010, -0.33307811589E-009
"TIME [sec]  0.19600800E+08"
"             A11 0","             A11 1",  0.66900076985E-001,  0.33450000000E-001, -0.33450000000E-001, -0.86515788083E-010, -0.34141680304E-009
"TIME [sec]  0.19698800E+08"
"             A11 0","             A11 1",  0.66900076985E-001,  0.33450000000E-001, -0.33450000000E-001, -0.51379946779E-011, -0.20223377296E-010
"TIME [sec]  0.19796800E+08"
"             A11 0","             A11 1",  0.66900076985E-001,  0.33450000000E-001, -0.33450000000E-001, -0.51449770863E-011, -0.20223420311E-010
"TIME [sec]  0.19894800E+08"
"             A11 0","             A11 1",  0.66900076985E-001,  0.33450000000E-001, -0.33450000000E-001, -0.18177915099E-011, -0.71376895679E-011
"TIME [sec]  0.19992800E+08"
"             A11 0","             A11 1",  0.66900076985E-001,  0.33450000000E-001, -0.33450000000E-001,  0.00000000000E+000,  0.29740394028E-010
"TIME [sec]  0.20090800E+08"
"             A11 0","             A11 1",  0.66900076985E-001,  0.33450000000E-001, -0.33450000000E-001, -0.21226509917E-011, -0.83273161652E-011
"TIME [sec]  0.20188800E+08"
"             A11 0","             A11 1",  0.66900076985E-001,  0.33450000000E-001, -0.33450000000E-001,  0.00000000000E+000,  0.28550817888E-010
"TIME [sec]  0.20286800E+08"
"             A11 0","             A11 1",  0.66900076985E-001,  0.33450000000E-001, -0.33450000000E-001, -0.15175005463E-011, -0.59480911148E-011
"TIME [sec]  0.20384800E+08"
"             A11 0","             A11 1",  0.66900076985E-001,  0.33450000000E-001, -0.33450000000E-001,  0.00000000000E+000,  0.28550856831E-010
"TIME [sec]  0.20387080E+08"
"             A11 0","             A11 1",  0.66900076985E-001,  0.33450000000E-001, -0.33450000000E-001, -0.21254445288E-011, -0.83273333747E-011
"TIME [sec]  0.20482800E+08"
"             A11 0","             A11 1",  0.66900076985E-001,  0.33450000000E-001, -0.33450000000E-001, -0.18225826477E-011, -0.71377190835E-011
"TIME [sec]  0.20580800E+08"
"             A11 0","             A11 1",  0.66900076985E-001,  0.33450000000E-001, -0.33450000000E-001,  0.00000000000E+000,  0.28550895854E-010
"TIME [sec]  0.20678800E+08"
"             A11 0","             A11 1",  0.66900076985E-001,  0.33450000000E-001, -0.33450000000E-001, -0.69975784787E-011, -0.27361324323E-010
"TIME [sec]  0.20776800E+08"
"             A11 0","             A11 1",  0.66900076985E-001,  0.33450000000E-001, -0.33450000000E-001, -0.70104079835E-011, -0.27361403358E-010
"TIME [sec]  0.20874800E+08"
"             A11 0","             A11 1",  0.66900076985E-001,  0.33450000000E-001, -0.33450000000E-001, -0.70232845476E-011, -0.27361482683E-010
"TIME [sec]  0.20972800E+08"
"             A11 0","             A11 1",  0.66900076985E-001,  0.33450000000E-001, -0.33450000000E-001, -0.10715865438E-010, -0.41637212947E-010
"TIME [sec]  0.21070800E+08"
"             A11 0","             A11 1",  0.66900076985E-001,  0.33450000000E-001, -0.33450000000E-001, -0.10745301012E-010, -0.41637394280E-010
"TIME [sec]  0.21168800E+08"
"             A11 0","             A11 1",  0.66900076985E-001,  0.33450000000E-001, -0.33450000000E-001, -0.10774907042E-010, -0.41637576661E-010
"TIME [sec]  0.21266800E+08"
"             A11 0","             A11 1",  0.66900076985E-001,  0.33450000000E-001, -0.33450000000E-001, -0.10804698070E-010, -0.41637760181E-010
"TIME [sec]  0.21364800E+08"
"             A11 0","             A11 1",  0.66900076985E-001,  0.33450000000E-001, -0.33450000000E-001, -0.11144215578E-010, -0.42827600279E-010
"TIME [sec]  0.21462800E+08"
"             A11 0","             A11 1",  0.66900076985E-001,  0.33450000000E-001, -0.33450000000E-001, -0.10864762586E-010, -0.41638130189E-010
"TIME [sec]  0.21560800E+08"
"             A11 0","             A11 1",  0.66900076985E-001,  0.33450000000E-001, -0.33450000000E-001, -0.10895031969E-010, -0.41638316652E-010
"TIME [sec]  0.21586480E+08"
"             A11 0","             A11 1",  0.66900076985E-001,  0.33450000000E-001, -0.33450000000E-001, -0.10902991648E-010, -0.41638365684E-010
"TIME [sec]  0.21658800E+08"
"             A11 0","             A11 1",  0.66900076985E-001,  0.33450000000E-001, -0.33450000000E-001, -0.11237634772E-010, -0.42828175752E-010
"TIME [sec]  0.21756800E+08"
"             A11 0","             A11 1",  0.66900076985E-001,  0.33450000000E-001, -0.33450000000E-001, -0.11269255396E-010, -0.42828370537E-010
"TIME [sec]  0.21854800E+08"
"             A11 0","             A11 1",  0.66900076985E-001,  0.33450000000E-001, -0.33450000000E-001, -0.10987136016E-010, -0.41638884017E-010
"TIME [sec]  0.21952900E+08"
"             A11 0","             A11 1",  0.66900076985E-001,  0.33450000000E-001, -0.33450000000E-001, -0.11333031564E-010, -0.42828763397E-010
"TIME [sec]  0.22050900E+08"
"             A11 0","             A11 1",  0.66900076985E-001,  0.33450000000E-001, -0.33450000000E-001, -0.11365116537E-010, -0.42828961038E-010
"TIME [sec]  0.22148900E+08"
"             A11 0","             A11 1",  0.66900076985E-001,  0.33450000000E-001, -0.33450000000E-001, -0.11713977386E-010, -0.44018858681E-010
"TIME [sec]  0.22246900E+08"
"             A11 0","             A11 1",  0.66900076985E-001,  0.33450000000E-001, -0.33450000000E-001, -0.11429815063E-010, -0.42829359572E-010
"TIME [sec]  0.22344900E+08"
"             A11 0","             A11 1",  0.66900076985E-001,  0.33450000000E-001, -0.33450000000E-001, -0.11780828924E-010, -0.44019270475E-010
"TIME [sec]  0.22442900E+08"
"             A11 0","             A11 1",  0.66900076985E-001,  0.33450000000E-001, -0.33450000000E-001, -0.11814531320E-010, -0.44019478074E-010
"TIME [sec]  0.22540900E+08"
"             A11 0","             A11 1",  0.66900076985E-001,  0.33450000000E-001, -0.33450000000E-001, -0.11528173452E-010, -0.42829965436E-010
"TIME [sec]  0.22638900E+08"
"             A11 0","             A11 1",  0.66900076985E-001,  0.33450000000E-001, -0.33450000000E-001, -0.11561316409E-010, -0.42830169586E-010
"TIME [sec]  0.22736900E+08"
"             A11 0","             A11 1",  0.66900076985E-001,  0.33450000000E-001, -0.33450000000E-001, -0.11916731063E-010, -0.44020107592E-010
"TIME [sec]  0.22785860E+08"
"             A11 0","             A11 1",  0.66900076985E-001,  0.33450000000E-001, -0.33450000000E-001, -0.11933926749E-010, -0.44020213510E-010
"TIME [sec]  0.22834900E+08"
"             A11 0","             A11 1",  0.66900076985E-001,  0.33450000000E-001, -0.33450000000E-001, -0.11628194856E-010, -0.42830581532E-010
"TIME [sec]  0.22932900E+08"
"             A11 0","             A11 1",  0.66900076985E-001,  0.33450000000E-001, -0.33450000000E-001, -0.11985868745E-010, -0.44020533451E-010
"TIME [sec]  0.23030900E+08"
"             A11 0","             A11 1",  0.66900076985E-001,  0.33450000000E-001, -0.33450000000E-001, -0.11695831164E-010, -0.42830998140E-010
"TIME [sec]  0.23128900E+08"
"             A11 0","             A11 1",  0.66900076985E-001,  0.33450000000E-001, -0.33450000000E-001, -0.11729933361E-010, -0.42831208192E-010
"TIME [sec]  0.23226900E+08"
"             A11 0","             A11 1",  0.66900076985E-001,  0.33450000000E-001, -0.33450000000E-001, -0.12091076161E-010, -0.44021181473E-010
"TIME [sec]  0.23324900E+08"
"             A11 0","             A11 1",  0.66900076985E-001,  0.33450000000E-001, -0.33450000000E-001, -0.12454428009E-010, -0.45211168358E-010
"TIME [sec]  0.23422900E+08"
"             A11 0","             A11 1",  0.66900076985E-001,  0.33450000000E-001, -0.33450000000E-001, -0.12162493578E-010, -0.44021621359E-010
"TIME [sec]  0.23520900E+08"
"             A11 0","             A11 1",  0.66900076985E-001,  0.33450000000E-001, -0.33450000000E-001, -0.12857777863E-010, -0.46401401602E-010
"TIME [sec]  0.23618900E+08"
"             A11 0","             A11 1",  0.66900076985E-001,  0.33450000000E-001, -0.33450000000E-001, -0.12234497688E-010, -0.44022064852E-010
"TIME [sec]  0.23716900E+08"
"             A11 0","             A11 1",  0.66900076985E-001,  0.33450000000E-001, -0.33450000000E-001, -0.12602436876E-010, -0.45212079986E-010
"TIME [sec]  0.23814900E+08"
"             A11 0","             A11 1",  0.66900076985E-001,  0.33450000000E-001, -0.33450000000E-001, -0.12639883138E-010, -0.45212310624E-010
"TIME [sec]  0.23912900E+08"
"             A11 0","             A11 1",  0.66900076985E-001,  0.33450000000E-001, -0.33450000000E-001, -0.13011171990E-010, -0.46402346386E-010
"TIME [sec]  0.23985260E+08"
"             A11 0","             A11 1",  0.66900076985E-001,  0.33450000000E-001, -0.33450000000E-001, -0.12705541260E-010, -0.45212715020E-010
"TIME [sec]  0.24010900E+08"
"             A11 0","             A11 1",  0.66900076985E-001,  0.33450000000E-001, -0.33450000000E-001, -0.12380885752E-010, -0.44022966478E-010
"TIME [sec]  0.24108900E+08"
"             A11 0","             A11 1",  0.66900076985E-001,  0.33450000000E-001, -0.33450000000E-001, -0.12753728654E-010, -0.45213011808E-010
"TIME [sec]  0.24206900E+08"
"             A11 0","             A11 1",  0.66900076985E-001,  0.33450000000E-001, -0.33450000000E-001, -0.12792183109E-010, -0.45213248649E-010
"TIME [sec]  0.24304900E+08"
"             A11 0","             A11 1",  0.66900076985E-001,  0.33450000000E-001, -0.33450000000E-001, -0.13506322164E-010, -0.47593145008E-010
"TIME [sec]  0.24403000E+08"
"             A11 0","             A11 1",  0.66900076985E-001,  0.33450000000E-001, -0.33450000000E-001, -0.12870111315E-010, -0.45213728603E-010
"TIME [sec]  0.24501000E+08"
"             A11 0","             A11 1",  0.66900076985E-001,  0.33450000000E-001, -0.33450000000E-001, -0.13249064504E-010, -0.46403811559E-010
"TIME [sec]  0.24599000E+08"
"             A11 0","             A11 1",  0.66900076985E-001,  0.33450000000E-001, -0.33450000000E-001, -0.13289430003E-010, -0.46404060162E-010
"TIME [sec]  0.24697000E+08"
"             A11 0","             A11 1",  0.66900076985E-001,  0.33450000000E-001, -0.33450000000E-001, -0.12988245808E-010, -0.45214456171E-010
"TIME [sec]  0.24795000E+08"
"             A11 0","             A11 1",  0.66900076985E-001,  0.33450000000E-001, -0.33450000000E-001, -0.13370920253E-010, -0.46404562040E-010
"TIME [sec]  0.24893000E+08"
"             A11 0","             A11 1",  0.66900076985E-001,  0.33450000000E-001, -0.33450000000E-001, -0.13412057830E-010, -0.46404815392E-010
"TIME [sec]  0.24991000E+08"
"             A11 0","             A11 1",  0.66900076985E-001,  0.33450000000E-001, -0.33450000000E-001, -0.13453458257E-010, -0.46405070362E-010
"TIME [sec]  0.25089000E+08"
"             A11 0","             A11 1",  0.66900076985E-001,  0.33450000000E-001, -0.33450000000E-001, -0.13841303939E-010, -0.47595208073E-010
"TIME [sec]  0.25184640E+08"
"             A11 0","             A11 1",  0.66900076985E-001,  0.33450000000E-001, -0.33450000000E-001, -0.13536328366E-010, -0.46405580722E-010
"TIME [sec]  0.25187000E+08"
"             A11 0","             A11 1",  0.66900076985E-001,  0.33450000000E-001, -0.33450000000E-001, -0.13884456037E-010, -0.47595473826E-010
"TIME [sec]  0.25285000E+08"
"             A11 0","             A11 1",  0.66900076985E-001,  0.33450000000E-001, -0.33450000000E-001, -0.13579621381E-010, -0.46405847341E-010
"TIME [sec]  0.25383000E+08"
"             A11 0","             A11 1",  0.66900076985E-001,  0.33450000000E-001, -0.33450000000E-001, -0.13971365290E-010, -0.47596009053E-010
"TIME [sec]  0.25481000E+08"
"             A11 0","             A11 1",  0.66900076985E-001,  0.33450000000E-001, -0.33450000000E-001, -0.13664806761E-010, -0.46406371947E-010
"TIME [sec]  0.25579000E+08"
"             A11 0","             A11 1",  0.66900076985E-001,  0.33450000000E-001, -0.33450000000E-001, -0.14059213341E-010, -0.47596550053E-010
"TIME [sec]  0.25677000E+08"
"             A11 0","             A11 1",  0.66900076985E-001,  0.33450000000E-001, -0.33450000000E-001, -0.14103497835E-010, -0.47596822769E-010
"TIME [sec]  0.25775000E+08"
"             A11 0","             A11 1",  0.66900076985E-001,  0.33450000000E-001, -0.33450000000E-001, -0.14148074515E-010, -0.47597097283E-010
"TIME [sec]  0.25873000E+08"
"             A11 0","             A11 1",  0.66900076985E-001,  0.33450000000E-001, -0.33450000000E-001, -0.14548073231E-010, -0.48787309820E-010
"TIME [sec]  0.25971000E+08"
"             A11 0","             A11 1",  0.66900076985E-001,  0.33450000000E-001, -0.33450000000E-001, -0.14594666030E-010, -0.48787596744E-010
"TIME [sec]  0.26069000E+08"
"             A11 0","             A11 1",  0.66900076985E-001,  0.33450000000E-001, -0.33450000000E-001, -0.14284315004E-010, -0.47597936270E-010
"TIME [sec]  0.26167000E+08"
"             A11 0","             A11 1",  0.66900076985E-001,  0.33450000000E-001, -0.33450000000E-001, -0.14330046041E-010, -0.47598217884E-010
"TIME [sec]  0.26265000E+08"
"             A11 0","             A11 1",  0.66900076985E-001,  0.33450000000E-001, -0.33450000000E-001, -0.14735471977E-010, -0.48788463832E-010
"TIME [sec]  0.26363000E+08"
"             A11 0","             A11 1",  0.66900076985E-001,  0.33450000000E-001, -0.33450000000E-001, -0.14782950127E-010, -0.48788756199E-010
"TIME [sec]  0.26384000E+08"
"             A11 0","             A11 1",  0.66900076985E-001,  0.33450000000E-001, -0.33450000000E-001, -0.14793163766E-010, -0.48788819094E-010
"TIME [sec]  0.26461000E+08"
"             A11 0","             A11 1",  0.66900076985E-001,  0.33450000000E-001, -0.33450000000E-001, -0.15192459805E-010, -0.49979027290E-010
"TIME [sec]  0.26559000E+08"
"             A11 0","             A11 1",  0.66900076985E-001,  0.33450000000E-001, -0.33450000000E-001, -0.14878828277E-010, -0.48789346603E-010
"TIME [sec]  0.26657000E+08"
"             A11 0","             A11 1",  0.66900076985E-001,  0.33450000000E-001, -0.33450000000E-001, -0.15291313135E-010, -0.49979636010E-010
"TIME [sec]  0.26755000E+08"
"             A11 0","             A11 1",  0.66900076985E-001,  0.33450000000E-001, -0.33450000000E-001, -0.58395152854E-011, -0.19039949104E-010
"TIME [sec]  0.26853100E+08"
"             A11 0","             A11 1",  0.66900076985E-001,  0.33450000000E-001, -0.33450000000E-001,  0.00000000000E+000,  0.69019974725E-010
"TIME [sec]  0.26951100E+08"
"             A11 0","             A11 1",  0.66900076985E-001,  0.33450000000E-001, -0.33450000000E-001, -0.54879296391E-011, -0.17850034700E-010
"TIME [sec]  0.27049100E+08"
"             A11 0","             A11 1",  0.66900076985E-001,  0.33450000000E-001, -0.33450000000E-001, -0.15409656489E-010, -0.49980364731E-010
"TIME [sec]  0.27147100E+08"
"             A11 0","             A11 1",  0.66900076985E-001,  0.33450000000E-001, -0.33450000000E-001, -0.15460272691E-010, -0.49980676405E-010
"TIME [sec]  0.27245100E+08"
"             A11 0","             A11 1",  0.66900076985E-001,  0.33450000000E-001, -0.33450000000E-001, -0.15511258245E-010, -0.49980990351E-010
"TIME [sec]  0.27343100E+08"
"             A11 0","             A11 1",  0.66900076985E-001,  0.33450000000E-001, -0.33450000000E-001, -0.15562767905E-010, -0.49981307521E-010
"TIME [sec]  0.27441100E+08"
"             A11 0","             A11 1",  0.66900076985E-001,  0.33450000000E-001, -0.33450000000E-001, -0.15614620047E-010, -0.49981626797E-010
"TIME [sec]  0.27539100E+08"
"             A11 0","             A11 1",  0.66900076985E-001,  0.33450000000E-001, -0.33450000000E-001, -0.15666876465E-010, -0.49981948560E-010
"TIME [sec]  0.27583380E+08"
"             A11 0","             A11 1",  0.66900076985E-001,  0.33450000000E-001, -0.33450000000E-001, -0.15690624063E-010, -0.49982094782E-010
"TIME [sec]  0.27637100E+08"
"             A11 0","             A11 1",  0.66900076985E-001,  0.33450000000E-001, -0.33450000000E-001, -0.16093805541E-010, -0.51172326884E-010
"TIME [sec]  0.27735100E+08"
"             A11 0","             A11 1",  0.66900076985E-001,  0.33450000000E-001, -0.33450000000E-001, -0.16148076504E-010, -0.51172661045E-010
"TIME [sec]  0.27833100E+08"
"             A11 0","             A11 1",  0.66900076985E-001,  0.33450000000E-001, -0.33450000000E-001, -0.16579363146E-010, -0.52363066194E-010
"TIME [sec]  0.27931100E+08"
"             A11 0","             A11 1",  0.66900076985E-001,  0.33450000000E-001, -0.33450000000E-001, -0.16257400830E-010, -0.51173334175E-010
"TIME [sec]  0.28029100E+08"
"             A11 0","             A11 1",  0.66900076985E-001,  0.33450000000E-001, -0.33450000000E-001, -0.16691976979E-010, -0.52363759572E-010
"TIME [sec]  0.28127100E+08"
"             A11 0","             A11 1",  0.66900076985E-001,  0.33450000000E-001, -0.33450000000E-001, -0.16368202330E-010, -0.51174016388E-010
"TIME [sec]  0.28225100E+08"
"             A11 0","             A11 1",  0.66900076985E-001,  0.33450000000E-001, -0.33450000000E-001, -0.16424170053E-010, -0.51174360980E-010
"TIME [sec]  0.28323100E+08"
"             A11 0","             A11 1",  0.66900076985E-001,  0.33450000000E-001, -0.33450000000E-001, -0.16480493319E-010, -0.51174707758E-010
"TIME [sec]  0.28421100E+08"
"             A11 0","             A11 1",  0.66900076985E-001,  0.33450000000E-001, -0.33450000000E-001, -0.16921778497E-010, -0.52365174449E-010
"TIME [sec]  0.28519100E+08"
"             A11 0","             A11 1",  0.66900076985E-001,  0.33450000000E-001, -0.33450000000E-001, -0.16980198252E-010, -0.52365534129E-010
"TIME [sec]  0.28617100E+08"
"             A11 0","             A11 1",  0.66900076985E-001,  0.33450000000E-001, -0.33450000000E-001, -0.17039039488E-010, -0.52365896399E-010
"TIME [sec]  0.28715100E+08"
"             A11 0","             A11 1",  0.66900076985E-001,  0.33450000000E-001, -0.33450000000E-001, -0.17486886428E-010, -0.53556403479E-010
"TIME [sec]  0.28782780E+08"
"             A11 0","             A11 1",  0.66900076985E-001,  0.33450000000E-001, -0.33450000000E-001, -0.17139451830E-010, -0.52366514605E-010
"TIME [sec]  0.28813100E+08"
"             A11 0","             A11 1",  0.66900076985E-001,  0.33450000000E-001, -0.33450000000E-001, -0.17547914760E-010, -0.53556779208E-010
"TIME [sec]  0.28911100E+08"
"             A11 0","             A11 1",  0.66900076985E-001,  0.33450000000E-001, -0.33450000000E-001, -0.17218060282E-010, -0.52366998564E-010
"TIME [sec]  0.29009100E+08"
"             A11 0","             A11 1",  0.66900076985E-001,  0.33450000000E-001, -0.33450000000E-001, -0.17278580916E-010, -0.52367371160E-010
"TIME [sec]  0.29107100E+08"
"             A11 0","             A11 1",  0.66900076985E-001,  0.33450000000E-001, -0.33450000000E-001, -0.16945393217E-010, -0.51177569987E-010
"TIME [sec]  0.29205100E+08"
"             A11 0","             A11 1",  0.66900076985E-001,  0.33450000000E-001, -0.33450000000E-001, -0.17796258679E-010, -0.53558308132E-010
"TIME [sec]  0.29303200E+08"
"             A11 0","             A11 1",  0.66900076985E-001,  0.33450000000E-001, -0.33450000000E-001, -0.17462597693E-010, -0.52368504038E-010
"TIME [sec]  0.29401200E+08"
"             A11 0","             A11 1",  0.66900076985E-001,  0.33450000000E-001, -0.33450000000E-001, -0.17923075585E-010, -0.53559088854E-010
"TIME [sec]  0.29499200E+08"
"             A11 0","             A11 1",  0.66900076985E-001,  0.33450000000E-001, -0.33450000000E-001, -0.17987129693E-010, -0.53559483184E-010
"TIME [sec]  0.29597200E+08"
"             A11 0","             A11 1",  0.66900076985E-001,  0.33450000000E-001, -0.33450000000E-001, -0.18051145019E-010, -0.53559877271E-010
"TIME [sec]  0.29695200E+08"
"             A11 0","             A11 1",  0.66900076985E-001,  0.33450000000E-001, -0.33450000000E-001, -0.18115334100E-010, -0.53560272424E-010
"TIME [sec]  0.29793200E+08"
"             A11 0","             A11 1",  0.66900076985E-001,  0.33450000000E-001, -0.33450000000E-001, -0.18180006291E-010, -0.53560670546E-010
"TIME [sec]  0.29891200E+08"
"             A11 0","             A11 1",  0.66900076985E-001,  0.33450000000E-001, -0.33450000000E-001, -0.18651441675E-010, -0.54751322797E-010
"TIME [sec]  0.29982160E+08"
"             A11 0","             A11 1",  0.66900076985E-001,  0.33450000000E-001, -0.33450000000E-001, -0.19121307153E-010, -0.55941965380E-010
"TIME [sec]  0.29989200E+08"
"             A11 0","             A11 1",  0.66900076985E-001,  0.33450000000E-001, -0.33450000000E-001, -0.18719366795E-010, -0.54751740936E-010
"TIME [sec]  0.30087200E+08"
"             A11 0","             A11 1",  0.66900076985E-001,  0.33450000000E-001, -0.33450000000E-001, -0.18379347423E-010, -0.53561897666E-010
"TIME [sec]  0.30185200E+08"
"             A11 0","             A11 1",  0.66900076985E-001,  0.33450000000E-001, -0.33450000000E-001, -0.18856674898E-010, -0.54752586175E-010
"TIME [sec]  0.30283200E+08"
"             A11 0","             A11 1",  0.66900076985E-001,  0.33450000000E-001, -0.33450000000E-001, -0.18926078224E-010, -0.54753013400E-010
"TIME [sec]  0.30381200E+08"
"             A11 0","             A11 1",  0.66900076985E-001,  0.33450000000E-001, -0.33450000000E-001, -0.19409195353E-010, -0.55943737538E-010
"TIME [sec]  0.30479200E+08"
"             A11 0","             A11 1",  0.66900076985E-001,  0.33450000000E-001, -0.33450000000E-001, -0.19895970019E-010, -0.57134484186E-010
"TIME [sec]  0.30577200E+08"
"             A11 0","             A11 1",  0.66900076985E-001,  0.33450000000E-001, -0.33450000000E-001, -0.19554213555E-010, -0.55944630200E-010
"TIME [sec]  0.30675200E+08"
"             A11 0","             A11 1",  0.66900076985E-001,  0.33450000000E-001, -0.33450000000E-001, -0.20044675932E-010, -0.57135399537E-010
"TIME [sec]  0.30773200E+08"
"             A11 0","             A11 1",  0.66900076985E-001,  0.33450000000E-001, -0.33450000000E-001, -0.19700487005E-010, -0.55945530568E-010
"TIME [sec]  0.30871200E+08"
"             A11 0","             A11 1",  0.66900076985E-001,  0.33450000000E-001, -0.33450000000E-001, -0.20195423286E-010, -0.57136327433E-010
"TIME [sec]  0.30969200E+08"
"             A11 0","             A11 1",  0.66900076985E-001,  0.33450000000E-001, -0.33450000000E-001, -0.20272009835E-010, -0.57136798839E-010
"TIME [sec]  0.31067200E+08"
"             A11 0","             A11 1",  0.66900076985E-001,  0.33450000000E-001, -0.33450000000E-001, -0.20349177784E-010, -0.57137273818E-010
"TIME [sec]  0.31165200E+08"
"             A11 0","             A11 1",  0.66900076985E-001,  0.33450000000E-001, -0.33450000000E-001, -0.20426463185E-010, -0.57137749514E-010
"TIME [sec]  0.31181520E+08"
"             A11 0","             A11 1",  0.66900076985E-001,  0.33450000000E-001, -0.33450000000E-001, -0.20013558035E-010, -0.55947457570E-010
"TIME [sec]  0.31263200E+08"
"             A11 0","             A11 1",  0.66900076985E-001,  0.33450000000E-001, -0.33450000000E-001, -0.20504263375E-010, -0.57138228373E-010
"TIME [sec]  0.31361200E+08"
"             A11 0","             A11 1",  0.66900076985E-001,  0.33450000000E-001, -0.33450000000E-001, -0.21011514773E-010, -0.58329101012E-010
"TIME [sec]  0.31459200E+08"
"             A11 0","             A11 1",  0.66900076985E-001,  0.33450000000E-001, -0.33450000000E-001, -0.21092395223E-010, -0.58329598819E-010
"TIME [sec]  0.31557200E+08"
"             A11 0","             A11 1",  0.66900076985E-001,  0.33450000000E-001, -0.33450000000E-001, -0.21173898877E-010, -0.58330100455E-010
"TIME [sec]  0.31655200E+08"
"             A11 0","             A11 1",  0.66900076985E-001,  0.33450000000E-001, -0.33450000000E-001, -0.21256096435E-010, -0.58330606356E-010
"TIME [sec]  0.31753300E+08"
"             A11 0","             A11 1",  0.66900076985E-001,  0.33450000000E-001, -0.33450000000E-001, -0.21339064499E-010, -0.58331116993E-010
"TIME [sec]  0.31851300E+08"
"             A11 0","             A11 1",  0.66900076985E-001,  0.33450000000E-001, -0.33450000000E-001, -0.20985399408E-010, -0.57141189636E-010
"TIME [sec]  0.31949300E+08"
"             A11 0","             A11 1",  0.66900076985E-001,  0.33450000000E-001, -0.33450000000E-001, -0.21945640677E-010, -0.59522600897E-010
"TIME [sec]  0.32047300E+08"
"             A11 0","             A11 1",  0.66900076985E-001,  0.33450000000E-001, -0.33450000000E-001, -0.21591518070E-010, -0.58332670712E-010
"TIME [sec]  0.32145300E+08"
"             A11 0","             A11 1",  0.66900076985E-001,  0.33450000000E-001, -0.33450000000E-001, -0.22119390182E-010, -0.59523670214E-010
"TIME [sec]  0.32243300E+08"
"             A11 0","             A11 1",  0.66900076985E-001,  0.33450000000E-001, -0.33450000000E-001, -0.22207372950E-010, -0.59524211681E-010
"TIME [sec]  0.32341300E+08"
"             A11 0","             A11 1",  0.66900076985E-001,  0.33450000000E-001, -0.33450000000E-001, -0.22741977319E-010, -0.60715252601E-010
"TIME [sec]  0.32380900E+08"
"             A11 0","             A11 1",  0.66900076985E-001,  0.33450000000E-001, -0.33450000000E-001, -0.22332092077E-010, -0.59524979221E-010
"TIME [sec]  0.32439300E+08"
"             A11 0","             A11 1",  0.66900076985E-001,  0.33450000000E-001, -0.33450000000E-001, -0.22833161531E-010, -0.60715813757E-010
"TIME [sec]  0.32537300E+08"
"             A11 0","             A11 1",  0.66900076985E-001,  0.33450000000E-001, -0.33450000000E-001, -0.22925080691E-010, -0.60716379428E-010
"TIME [sec]  0.32635300E+08"
"             A11 0","             A11 1",  0.66900076985E-001,  0.33450000000E-001, -0.33450000000E-001, -0.23469068733E-010, -0.61907478074E-010
"TIME [sec]  0.32733300E+08"
"             A11 0","             A11 1",  0.66900076985E-001,  0.33450000000E-001, -0.33450000000E-001, -0.23111028095E-010, -0.60717523727E-010
"TIME [sec]  0.32831300E+08"
"             A11 0","             A11 1",  0.66900076985E-001,  0.33450000000E-001, -0.33450000000E-001, -0.23205064879E-010, -0.60718102407E-010
"TIME [sec]  0.32929300E+08"
"             A11 0","             A11 1",  0.66900076985E-001,  0.33450000000E-001, -0.33450000000E-001, -0.23756707683E-010, -0.61909248136E-010
"TIME [sec]  0.33027300E+08"
"             A11 0","             A11 1",  0.66900076985E-001,  0.33450000000E-001, -0.33450000000E-001, -0.23854093877E-010, -0.61909847412E-010
"TIME [sec]  0.33125300E+08"
"             A11 0","             A11 1",  0.66900076985E-001,  0.33450000000E-001, -0.33450000000E-001, -0.23952279061E-010, -0.61910451597E-010
"TIME [sec]  0.33223300E+08"
"             A11 0","             A11 1",  0.66900076985E-001,  0.33450000000E-001, -0.33450000000E-001,  0.00000000000E+000,  0.32145931997E-010
"TIME [sec]  0.33321300E+08"
"             A11 0","             A11 1",  0.66900076985E-001,  0.33450000000E-001, -0.33450000000E-001, -0.18459516621E-011, -0.47623637747E-011
"TIME [sec]  0.33419300E+08"
"             A11 0","             A11 1",  0.66900076985E-001,  0.33450000000E-001, -0.33450000000E-001,  0.00000000000E+000,  0.32145978977E-010
"TIME [sec]  0.33517300E+08"
"             A11 0","             A11 1",  0.66900076985E-001,  0.33450000000E-001, -0.33450000000E-001, -0.13853125764E-011, -0.35717780543E-011
"TIME [sec]  0.33580300E+08"
"             A11 0","             A11 1",  0.66900076985E-001,  0.33450000000E-001, -0.33450000000E-001,  0.00000000000E+000,  0.51195509528E-010
"TIME [sec]  0.33615300E+08"
"             A11 0","             A11 1",  0.66900076985E-001,  0.33450000000E-001, -0.33450000000E-001,  0.00000000000E+000,  0.33336619571E-010
"TIME [sec]  0.33713300E+08"
"             A11 0","             A11 1",  0.66900076985E-001,  0.33450000000E-001, -0.33450000000E-001,  0.00000000000E+000,  0.00000000000E+000
"TIME [sec]  0.33811300E+08"
"             A11 0","             A11 1",  0.66900076985E-001,  0.33450000000E-001, -0.33450000000E-001,  0.00000000000E+000,  0.00000000000E+000
"TIME [sec]  0.33909300E+08"
"             A11 0","             A11 1",  0.66900076985E-001,  0.33450000000E-001, -0.33450000000E-001,  0.00000000000E+000,  0.00000000000E+000
"TIME [sec]  0.34007300E+08"
"             A11 0","             A11 1",  0.66900076985E-001,  0.33450000000E-001, -0.33450000000E-001,  0.00000000000E+000,  0.00000000000E+000
"TIME [sec]  0.34105300E+08"
"             A11 0","             A11 1",  0.66900076985E-001,  0.33450000000E-001, -0.33450000000E-001,  0.00000000000E+000,  0.00000000000E+000
"TIME [sec]  0.34203400E+08"
"             A11 0","             A11 1",  0.66900076985E-001,  0.33450000000E-001, -0.33450000000E-001, -0.64679889665E-011, -0.16668317259E-010
"TIME [sec]  0.34301400E+08"
"             A11 0","             A11 1",  0.66900076985E-001,  0.33450000000E-001, -0.33450000000E-001, -0.64681130372E-011, -0.16668318022E-010
"TIME [sec]  0.34399400E+08"
"             A11 0","             A11 1",  0.66900076985E-001,  0.33450000000E-001, -0.33450000000E-001, -0.64682371127E-011, -0.16668318786E-010
"TIME [sec]  0.34497400E+08"
"             A11 0","             A11 1",  0.66900076985E-001,  0.33450000000E-001, -0.33450000000E-001, -0.69303869923E-011, -0.17858913803E-010
"TIME [sec]  0.34595400E+08"
"             A11 0","             A11 1",  0.66900076985E-001,  0.33450000000E-001, -0.33450000000E-001,  0.00000000000E+000,  0.23811886161E-011
"TIME [sec]  0.34693400E+08"
"             A11 0","             A11 1",  0.66900076985E-001,  0.33450000000E-001, -0.33450000000E-001,  0.00000000000E+000,  0.23811887252E-011
"TIME [sec]  0.34779680E+08"
"             A11 0","             A11 1",  0.66900076985E-001,  0.33450000000E-001, -0.33450000000E-001, -0.46205785302E-012, -0.11905944508E-011
"TIME [sec]  0.34791400E+08"
"             A11 0","             A11 1",  0.66900076985E-001,  0.33450000000E-001, -0.33450000000E-001,  0.00000000000E+000,  0.00000000000E+000
"TIME [sec]  0.34889400E+08"
"             A11 0","             A11 1",  0.66900076985E-001,  0.33450000000E-001, -0.33450000000E-001,  0.00000000000E+000,  0.35717837189E-011
"TIME [sec]  0.34987400E+08"
"             A11 0","             A11 1",  0.66900076985E-001,  0.33450000000E-001, -0.33450000000E-001, -0.92419091692E-012, -0.23811893643E-011
"TIME [sec]  0.35085400E+08"
"             A11 0","             A11 1",  0.66900076985E-001,  0.33450000000E-001, -0.33450000000E-001,  0.00000000000E+000,  0.35717843740E-011
"TIME [sec]  0.35183400E+08"
"             A11 0","             A11 1",  0.66900076985E-001,  0.33450000000E-001, -0.33450000000E-001,  0.00000000000E+000,  0.47623796021E-011
"TIME [sec]  0.35281400E+08"
"             A11 0","             A11 1",  0.66900076985E-001,  0.33450000000E-001, -0.33450000000E-001,  0.00000000000E+000,  0.00000000000E+000
"TIME [sec]  0.35379400E+08"
"             A11 0","             A11 1",  0.66900076985E-001,  0.33450000000E-001, -0.33450000000E-001,  0.00000000000E+000,  0.00000000000E+000
"TIME [sec]  0.35477400E+08"
"             A11 0","             A11 1",  0.66900076985E-001,  0.33450000000E-001, -0.33450000000E-001,  0.00000000000E+000,  0.00000000000E+000
"TIME [sec]  0.35575400E+08"
"             A11 0","             A11 1",  0.66900076985E-001,  0.33450000000E-001, -0.33450000000E-001, -0.69322024350E-011, -0.17858924974E-010
"TIME [sec]  0.35673400E+08"
"             A11 0","             A11 1",  0.66900076985E-001,  0.33450000000E-001, -0.33450000000E-001, -0.69323354526E-011, -0.17858925792E-010
"TIME [sec]  0.35771400E+08"
"             A11 0","             A11 1",  0.66900076985E-001,  0.33450000000E-001, -0.33450000000E-001,  0.00000000000E+000,  0.00000000000E+000
"TIME [sec]  0.35869400E+08"
"             A11 0","             A11 1",  0.66900076985E-001,  0.33450000000E-001, -0.33450000000E-001,  0.00000000000E+000,  0.00000000000E+000
"TIME [sec]  0.35967400E+08"
"             A11 0","             A11 1",  0.66900076985E-001,  0.33450000000E-001, -0.33450000000E-001,  0.00000000000E+000,  0.00000000000E+000
"TIME [sec]  0.35979040E+08"
"             A11 0","             A11 1",  0.66900076985E-001,  0.33450000000E-001, -0.33450000000E-001,  0.00000000000E+000,  0.00000000000E+000
"TIME [sec]  0.36065400E+08"
"             A11 0","             A11 1",  0.66900076985E-001,  0.33450000000E-001, -0.33450000000E-001,  0.00000000000E+000,  0.00000000000E+000
"TIME [sec]  0.36163400E+08"
"             A11 0","             A11 1",  0.66900076985E-001,  0.33450000000E-001, -0.33450000000E-001,  0.00000000000E+000,  0.00000000000E+000
"TIME [sec]  0.36261400E+08"
"             A11 0","             A11 1",  0.66900076985E-001,  0.33450000000E-001, -0.33450000000E-001,  0.00000000000E+000,  0.35717852779E-011
"TIME [sec]  0.36359400E+08"
"             A11 0","             A11 1",  0.66900076985E-001,  0.33450000000E-001, -0.33450000000E-001,  0.00000000000E+000,  0.00000000000E+000
"TIME [sec]  0.36457400E+08"
"             A11 0","             A11 1",  0.66900076985E-001,  0.33450000000E-001, -0.33450000000E-001,  0.00000000000E+000,  0.47623812423E-011
"TIME [sec]  0.36555500E+08"
"             A11 0","             A11 1",  0.66900076985E-001,  0.33450000000E-001, -0.33450000000E-001,  0.00000000000E+000,  0.35717862590E-011
"TIME [sec]  0.36653500E+08"
"             A11 0","             A11 1",  0.66900076985E-001,  0.33450000000E-001, -0.33450000000E-001,  0.00000000000E+000,  0.00000000000E+000
"TIME [sec]  0.36751500E+08"
"             A11 0","             A11 1",  0.66900076985E-001,  0.33450000000E-001, -0.33450000000E-001,  0.00000000000E+000,  0.35717869130E-011
"TIME [sec]  0.36849500E+08"
"             A11 0","             A11 1",  0.66900076985E-001,  0.33450000000E-001, -0.33450000000E-001,  0.00000000000E+000,  0.00000000000E+000
"TIME [sec]  0.36947500E+08"
"             A11 0","             A11 1",  0.66900076985E-001,  0.33450000000E-001, -0.33450000000E-001,  0.00000000000E+000,  0.47623834227E-011
"TIME [sec]  0.37045500E+08"
"             A11 0","             A11 1",  0.66900076985E-001,  0.33450000000E-001, -0.33450000000E-001, -0.69345451246E-011, -0.17858939389E-010
"TIME [sec]  0.37143500E+08"
"             A11 0","             A11 1",  0.66900076985E-001,  0.33450000000E-001, -0.33450000000E-001,  0.00000000000E+000,  0.23811920278E-011
"TIME [sec]  0.37178420E+08"
"             A11 0","             A11 1",  0.66900076985E-001,  0.33450000000E-001, -0.33450000000E-001, -0.46231504820E-012, -0.11905960334E-011
"TIME [sec]  0.37241500E+08"
"             A11 0","             A11 1",  0.66900076985E-001,  0.33450000000E-001, -0.33450000000E-001, -0.64724906708E-011, -0.16668344960E-010
"TIME [sec]  0.37339500E+08"
"             A11 0","             A11 1",  0.66900076985E-001,  0.33450000000E-001, -0.33450000000E-001,  0.00000000000E+000,  0.00000000000E+000
"TIME [sec]  0.37437500E+08"
"             A11 0","             A11 1",  0.66900076985E-001,  0.33450000000E-001, -0.33450000000E-001,  0.00000000000E+000,  0.00000000000E+000
"TIME [sec]  0.37535500E+08"
"             A11 0","             A11 1",  0.66900076985E-001,  0.33450000000E-001, -0.33450000000E-001,  0.00000000000E+000,  0.00000000000E+000
"TIME [sec]  0.37633500E+08"
"             A11 0","             A11 1",  0.66900076985E-001,  0.33450000000E-001, -0.33450000000E-001, -0.69349929421E-011, -0.17858942145E-010
"TIME [sec]  0.37731500E+08"
"             A11 0","             A11 1",  0.66900076985E-001,  0.33450000000E-001, -0.33450000000E-001,  0.00000000000E+000,  0.23811923953E-011
"TIME [sec]  0.37829500E+08"
"             A11 0","             A11 1",  0.66900076985E-001,  0.33450000000E-001, -0.33450000000E-001,  0.00000000000E+000,  0.00000000000E+000
"TIME [sec]  0.37927500E+08"
"             A11 0","             A11 1",  0.66900076985E-001,  0.33450000000E-001, -0.33450000000E-001,  0.00000000000E+000,  0.00000000000E+000
"TIME [sec]  0.38025500E+08"
"             A11 0","             A11 1",  0.66900076985E-001,  0.33450000000E-001, -0.33450000000E-001,  0.00000000000E+000,  0.00000000000E+000
"TIME [sec]  0.38123500E+08"
"             A11 0","             A11 1",  0.66900076985E-001,  0.33450000000E-001, -0.33450000000E-001,  0.00000000000E+000,  0.00000000000E+000
"TIME [sec]  0.38221500E+08"
"             A11 0","             A11 1",  0.66900076985E-001,  0.33450000000E-001, -0.33450000000E-001,  0.00000000000E+000,  0.00000000000E+000
"TIME [sec]  0.38319500E+08"
"             A11 0","             A11 1",  0.66900076985E-001,  0.33450000000E-001, -0.33450000000E-001,  0.00000000000E+000,  0.00000000000E+000
"TIME [sec]  0.38377820E+08"
"             A11 0","             A11 1",  0.66900076985E-001,  0.33450000000E-001, -0.33450000000E-001,  0.00000000000E+000,  0.00000000000E+000
"TIME [sec]  0.38417500E+08"
"             A11 0","             A11 1",  0.66900076985E-001,  0.33450000000E-001, -0.33450000000E-001,  0.00000000000E+000,  0.00000000000E+000
"TIME [sec]  0.38515500E+08"
"             A11 0","             A11 1",  0.66900076985E-001,  0.33450000000E-001, -0.33450000000E-001,  0.00000000000E+000,  0.00000000000E+000
"TIME [sec]  0.38613500E+08"
"             A11 0","             A11 1",  0.66900076985E-001,  0.33450000000E-001, -0.33450000000E-001,  0.00000000000E+000,  0.00000000000E+000
"TIME [sec]  0.38711500E+08"
"             A11 0","             A11 1",  0.66900076985E-001,  0.33450000000E-001, -0.33450000000E-001,  0.00000000000E+000,  0.00000000000E+000
"TIME [sec]  0.38809500E+08"
"             A11 0","             A11 1",  0.66900076985E-001,  0.33450000000E-001, -0.33450000000E-001,  0.00000000000E+000,  0.00000000000E+000
"TIME [sec]  0.38907500E+08"
"             A11 0","             A11 1",  0.66900076985E-001,  0.33450000000E-001, -0.33450000000E-001,  0.00000000000E+000,  0.00000000000E+000
"TIME [sec]  0.39103600E+08"
"             A11 0","             A11 1",  0.66900076985E-001,  0.33450000000E-001, -0.33450000000E-001,  0.00000000000E+000,  0.00000000000E+000
