"              ELEM","                 X","                 Y","                 Z","             SAT_G","             SAT_L","             SAT_S","              PRES","           PCAP_GL","             DEN_G","             DEN_L","             DEN_S","             VIS_G","             VIS_L","             VIS_S"
"                  ","               (M)","               (M)","               (M)","               (-)","               (-)","               (-)","              (PA)","              (PA)","         (KG/M**3)","         (KG/M**3)","         (KG/M**3)","            (PA*S)","            (PA*S)","            (PA*S)"
"TIME [sec]  0.87272700E+04"
"             A11 0",  0.25000000000E+000,  0.50000000000E+000, -0.50000000000E+000,  0.39966217748E+000,  0.60033782252E+000,  0.00000000000E+000,  0.35004469382E+007,  0.00000000000E+000,  0.84423149268E+002,  0.10092095370E+004,  0.21614091199E+004,  0.15571777648E-004,  0.11368845923E-002,  0.10000000000E+001
"             A11 1",  0.75000000000E+000,  0.50000000000E+000, -0.50000000000E+000,  0.39965937766E+000,  0.60034062234E+000,  0.00000000000E+000,  0.35004469382E+007,  0.00000000000E+000,  0.84423149268E+002,  0.10092095370E+004,  0.21614091199E+004,  0.15571777648E-004,  0.11368845923E-002,  0.10000000000E+001
"TIME [sec]  0.17454500E+05"
"             A11 0",  0.25000000000E+000,  0.50000000000E+000, -0.50000000000E+000,  0.39966126236E+000,  0.60033873764E+000,  0.00000000000E+000,  0.35008984237E+007,  0.00000000000E+000,  0.84438356700E+002,  0.10092105096E+004,  0.21614091590E+004,  0.15572053070E-004,  0.11368843183E-002,  0.10000000000E+001
"             A11 1",  0.75000000000E+000,  0.50000000000E+000, -0.50000000000E+000,  0.39965563491E+000,  0.60034436509E+000,  0.00000000000E+000,  0.35008984237E+007,  0.00000000000E+000,  0.84438356700E+002,  0.10092105096E+004,  0.21614091590E+004,  0.15572053070E-004,  0.11368843183E-002,  0.10000000000E+001
"TIME [sec]  0.26181800E+05"
"             A11 0",  0.25000000000E+000,  0.50000000000E+000, -0.50000000000E+000,  0.39966034737E+000,  0.60033965263E+000,  0.00000000000E+000,  0.35013499479E+007,  0.00000000000E+000,  0.84453565437E+002,  0.10092114819E+004,  0.21614091980E+004,  0.15572328515E-004,  0.11368840443E-002,  0.10000000000E+001
"             A11 1",  0.75000000000E+000,  0.50000000000E+000, -0.50000000000E+000,  0.39965189271E+000,  0.60034810729E+000,  0.00000000000E+000,  0.35013499479E+007,  0.00000000000E+000,  0.84453565437E+002,  0.10092114819E+004,  0.21614091980E+004,  0.15572328515E-004,  0.11368840443E-002,  0.10000000000E+001
"TIME [sec]  0.34909000E+05"
"             A11 0",  0.25000000000E+000,  0.50000000000E+000, -0.50000000000E+000,  0.39965943253E+000,  0.60034056747E+000,  0.00000000000E+000,  0.35018015020E+007,  0.00000000000E+000,  0.84468775182E+002,  0.10092124542E+004,  0.21614092370E+004,  0.15572603979E-004,  0.11368837703E-002,  0.10000000000E+001
"             A11 1",  0.75000000000E+000,  0.50000000000E+000, -0.50000000000E+000,  0.39964815114E+000,  0.60035184886E+000,  0.00000000000E+000,  0.35018015020E+007,  0.00000000000E+000,  0.84468775182E+002,  0.10092124542E+004,  0.21614092370E+004,  0.15572603979E-004,  0.11368837703E-002,  0.10000000000E+001
"TIME [sec]  0.43636300E+05"
"             A11 0",  0.25000000000E+000,  0.50000000000E+000, -0.50000000000E+000,  0.39965851781E+000,  0.60034148219E+000,  0.00000000000E+000,  0.35022530964E+007,  0.00000000000E+000,  0.84483986283E+002,  0.10092134264E+004,  0.21614092761E+004,  0.15572879468E-004,  0.11368834962E-002,  0.10000000000E+001
"             A11 1",  0.75000000000E+000,  0.50000000000E+000, -0.50000000000E+000,  0.39964441013E+000,  0.60035558987E+000,  0.00000000000E+000,  0.35022530964E+007,  0.00000000000E+000,  0.84483986283E+002,  0.10092134264E+004,  0.21614092761E+004,  0.15572879468E-004,  0.11368834962E-002,  0.10000000000E+001
"TIME [sec]  0.52363600E+05"
"             A11 0",  0.25000000000E+000,  0.50000000000E+000, -0.50000000000E+000,  0.39965760323E+000,  0.60034239677E+000,  0.00000000000E+000,  0.35027047259E+007,  0.00000000000E+000,  0.84499198567E+002,  0.10092143984E+004,  0.21614093151E+004,  0.15573154977E-004,  0.11368832221E-002,  0.10000000000E+001
"             A11 1",  0.75000000000E+000,  0.50000000000E+000, -0.50000000000E+000,  0.39964066970E+000,  0.60035933030E+000,  0.00000000000E+000,  0.35027047259E+007,  0.00000000000E+000,  0.84499198567E+002,  0.10092143984E+004,  0.21614093151E+004,  0.15573154977E-004,  0.11368832221E-002,  0.10000000000E+001
"TIME [sec]  0.61090900E+05"
"             A11 0",  0.25000000000E+000,  0.50000000000E+000, -0.50000000000E+000,  0.39965668879E+000,  0.60034331121E+000,  0.00000000000E+000,  0.35031563905E+007,  0.00000000000E+000,  0.84514412033E+002,  0.10092153703E+004,  0.21614093542E+004,  0.15573430509E-004,  0.11368829481E-002,  0.10000000000E+001
"             A11 1",  0.75000000000E+000,  0.50000000000E+000, -0.50000000000E+000,  0.39963692986E+000,  0.60036307014E+000,  0.00000000000E+000,  0.35031563905E+007,  0.00000000000E+000,  0.84514412033E+002,  0.10092153703E+004,  0.21614093542E+004,  0.15573430509E-004,  0.11368829481E-002,  0.10000000000E+001
"TIME [sec]  0.69818100E+05"
"             A11 0",  0.25000000000E+000,  0.50000000000E+000, -0.50000000000E+000,  0.39965577450E+000,  0.60034422550E+000,  0.00000000000E+000,  0.35036080850E+007,  0.00000000000E+000,  0.84529626507E+002,  0.10092163421E+004,  0.21614093932E+004,  0.15573706058E-004,  0.11368826739E-002,  0.10000000000E+001
"             A11 1",  0.75000000000E+000,  0.50000000000E+000, -0.50000000000E+000,  0.39963319065E+000,  0.60036680935E+000,  0.00000000000E+000,  0.35036080850E+007,  0.00000000000E+000,  0.84529626507E+002,  0.10092163421E+004,  0.21614093932E+004,  0.15573706058E-004,  0.11368826739E-002,  0.10000000000E+001
"TIME [sec]  0.78545400E+05"
"             A11 0",  0.25000000000E+000,  0.50000000000E+000, -0.50000000000E+000,  0.39965486033E+000,  0.60034513967E+000,  0.00000000000E+000,  0.35040598199E+007,  0.00000000000E+000,  0.84544842338E+002,  0.10092173138E+004,  0.21614094323E+004,  0.15573981632E-004,  0.11368823998E-002,  0.10000000000E+001
"             A11 1",  0.75000000000E+000,  0.50000000000E+000, -0.50000000000E+000,  0.39962945199E+000,  0.60037054801E+000,  0.00000000000E+000,  0.35040598199E+007,  0.00000000000E+000,  0.84544842338E+002,  0.10092173138E+004,  0.21614094323E+004,  0.15573981632E-004,  0.11368823998E-002,  0.10000000000E+001
"TIME [sec]  0.87272700E+05"
"             A11 0",  0.25000000000E+000,  0.50000000000E+000, -0.50000000000E+000,  0.39965394630E+000,  0.60034605370E+000,  0.00000000000E+000,  0.35045115898E+007,  0.00000000000E+000,  0.84560059352E+002,  0.10092182854E+004,  0.21614094713E+004,  0.15574257228E-004,  0.11368821257E-002,  0.10000000000E+001
"             A11 1",  0.75000000000E+000,  0.50000000000E+000, -0.50000000000E+000,  0.39962571392E+000,  0.60037428608E+000,  0.00000000000E+000,  0.35045115898E+007,  0.00000000000E+000,  0.84560059352E+002,  0.10092182854E+004,  0.21614094713E+004,  0.15574257228E-004,  0.11368821257E-002,  0.10000000000E+001
"TIME [sec]  0.96000000E+05"
"             A11 0",  0.25000000000E+000,  0.50000000000E+000, -0.50000000000E+000,  0.39965303241E+000,  0.60034696759E+000,  0.00000000000E+000,  0.35049633948E+007,  0.00000000000E+000,  0.84575277548E+002,  0.10092192569E+004,  0.21614095104E+004,  0.15574532845E-004,  0.11368818515E-002,  0.10000000000E+001
"             A11 1",  0.75000000000E+000,  0.50000000000E+000, -0.50000000000E+000,  0.39962197644E+000,  0.60037802356E+000,  0.00000000000E+000,  0.35049633948E+007,  0.00000000000E+000,  0.84575277548E+002,  0.10092192569E+004,  0.21614095104E+004,  0.15574532845E-004,  0.11368818515E-002,  0.10000000000E+001
"TIME [sec]  0.10472700E+06"
"             A11 0",  0.25000000000E+000,  0.50000000000E+000, -0.50000000000E+000,  0.39965211868E+000,  0.60034788132E+000,  0.00000000000E+000,  0.35054152194E+007,  0.00000000000E+000,  0.84590496404E+002,  0.10092202282E+004,  0.21614095495E+004,  0.15574808473E-004,  0.11368815773E-002,  0.10000000000E+001
"             A11 1",  0.75000000000E+000,  0.50000000000E+000, -0.50000000000E+000,  0.39961823968E+000,  0.60038176032E+000,  0.00000000000E+000,  0.35054152194E+007,  0.00000000000E+000,  0.84590496404E+002,  0.10092202282E+004,  0.21614095495E+004,  0.15574808473E-004,  0.11368815773E-002,  0.10000000000E+001
"TIME [sec]  0.11345400E+06"
"             A11 0",  0.25000000000E+000,  0.50000000000E+000, -0.50000000000E+000,  0.39965120510E+000,  0.60034879490E+000,  0.00000000000E+000,  0.35058670791E+007,  0.00000000000E+000,  0.84605716443E+002,  0.10092211994E+004,  0.21614095885E+004,  0.15575084124E-004,  0.11368813031E-002,  0.10000000000E+001
"             A11 1",  0.75000000000E+000,  0.50000000000E+000, -0.50000000000E+000,  0.39961450350E+000,  0.60038549650E+000,  0.00000000000E+000,  0.35058670791E+007,  0.00000000000E+000,  0.84605716443E+002,  0.10092211994E+004,  0.21614095885E+004,  0.15575084124E-004,  0.11368813031E-002,  0.10000000000E+001
"TIME [sec]  0.12218100E+06"
"             A11 0",  0.25000000000E+000,  0.50000000000E+000, -0.50000000000E+000,  0.39965029165E+000,  0.60034970835E+000,  0.00000000000E+000,  0.35063189740E+007,  0.00000000000E+000,  0.84620937664E+002,  0.10092221704E+004,  0.21614096276E+004,  0.15575359795E-004,  0.11368810289E-002,  0.10000000000E+001
"             A11 1",  0.75000000000E+000,  0.50000000000E+000, -0.50000000000E+000,  0.39961076792E+000,  0.60038923208E+000,  0.00000000000E+000,  0.35063189740E+007,  0.00000000000E+000,  0.84620937664E+002,  0.10092221704E+004,  0.21614096276E+004,  0.15575359795E-004,  0.11368810289E-002,  0.10000000000E+001
"TIME [sec]  0.13090900E+06"
"             A11 0",  0.25000000000E+000,  0.50000000000E+000, -0.50000000000E+000,  0.39964937824E+000,  0.60035062176E+000,  0.00000000000E+000,  0.35067709557E+007,  0.00000000000E+000,  0.84636161812E+002,  0.10092231415E+004,  0.21614096667E+004,  0.15575635520E-004,  0.11368807546E-002,  0.10000000000E+001
"             A11 1",  0.75000000000E+000,  0.50000000000E+000, -0.50000000000E+000,  0.39960703249E+000,  0.60039296751E+000,  0.00000000000E+000,  0.35067709557E+007,  0.00000000000E+000,  0.84636161812E+002,  0.10092231415E+004,  0.21614096667E+004,  0.15575635520E-004,  0.11368807546E-002,  0.10000000000E+001
"TIME [sec]  0.13963600E+06"
"             A11 0",  0.25000000000E+000,  0.50000000000E+000, -0.50000000000E+000,  0.39964846507E+000,  0.60035153493E+000,  0.00000000000E+000,  0.35072229208E+007,  0.00000000000E+000,  0.84651385399E+002,  0.10092241123E+004,  0.21614097058E+004,  0.15575911234E-004,  0.11368804804E-002,  0.10000000000E+001
"             A11 1",  0.75000000000E+000,  0.50000000000E+000, -0.50000000000E+000,  0.39960329808E+000,  0.60039670192E+000,  0.00000000000E+000,  0.35072229208E+007,  0.00000000000E+000,  0.84651385399E+002,  0.10092241123E+004,  0.21614097058E+004,  0.15575911234E-004,  0.11368804804E-002,  0.10000000000E+001
"TIME [sec]  0.14836300E+06"
"             A11 0",  0.25000000000E+000,  0.50000000000E+000, -0.50000000000E+000,  0.39964755204E+000,  0.60035244796E+000,  0.00000000000E+000,  0.35076749210E+007,  0.00000000000E+000,  0.84666610169E+002,  0.10092250831E+004,  0.21614097448E+004,  0.15576186970E-004,  0.11368802061E-002,  0.10000000000E+001
"             A11 1",  0.75000000000E+000,  0.50000000000E+000, -0.50000000000E+000,  0.39959956426E+000,  0.60040043574E+000,  0.00000000000E+000,  0.35076749210E+007,  0.00000000000E+000,  0.84666610169E+002,  0.10092250831E+004,  0.21614097448E+004,  0.15576186970E-004,  0.11368802061E-002,  0.10000000000E+001
"TIME [sec]  0.15709000E+06"
"             A11 0",  0.25000000000E+000,  0.50000000000E+000, -0.50000000000E+000,  0.39964663914E+000,  0.60035336086E+000,  0.00000000000E+000,  0.35081269563E+007,  0.00000000000E+000,  0.84681836122E+002,  0.10092260537E+004,  0.21614097839E+004,  0.15576462728E-004,  0.11368799318E-002,  0.10000000000E+001
"             A11 1",  0.75000000000E+000,  0.50000000000E+000, -0.50000000000E+000,  0.39959583103E+000,  0.60040416897E+000,  0.00000000000E+000,  0.35081269563E+007,  0.00000000000E+000,  0.84681836122E+002,  0.10092260537E+004,  0.21614097839E+004,  0.15576462728E-004,  0.11368799318E-002,  0.10000000000E+001
"TIME [sec]  0.16581800E+06"
"             A11 0",  0.25000000000E+000,  0.50000000000E+000, -0.50000000000E+000,  0.39964572628E+000,  0.60035427372E+000,  0.00000000000E+000,  0.35085790785E+007,  0.00000000000E+000,  0.84697065003E+002,  0.10092270243E+004,  0.21614098230E+004,  0.15576738538E-004,  0.11368796574E-002,  0.10000000000E+001
"             A11 1",  0.75000000000E+000,  0.50000000000E+000, -0.50000000000E+000,  0.39959209797E+000,  0.60040790203E+000,  0.00000000000E+000,  0.35085790785E+007,  0.00000000000E+000,  0.84697065003E+002,  0.10092270243E+004,  0.21614098230E+004,  0.15576738538E-004,  0.11368796574E-002,  0.10000000000E+001
"TIME [sec]  0.17454500E+06"
"             A11 0",  0.25000000000E+000,  0.50000000000E+000, -0.50000000000E+000,  0.39964481366E+000,  0.60035518634E+000,  0.00000000000E+000,  0.35090311841E+007,  0.00000000000E+000,  0.84712293322E+002,  0.10092279946E+004,  0.21614098621E+004,  0.15577014338E-004,  0.11368793831E-002,  0.10000000000E+001
"             A11 1",  0.75000000000E+000,  0.50000000000E+000, -0.50000000000E+000,  0.39958836591E+000,  0.60041163409E+000,  0.00000000000E+000,  0.35090311841E+007,  0.00000000000E+000,  0.84712293322E+002,  0.10092279946E+004,  0.21614098621E+004,  0.15577014338E-004,  0.11368793831E-002,  0.10000000000E+001
"TIME [sec]  0.18327200E+06"
"             A11 0",  0.25000000000E+000,  0.50000000000E+000, -0.50000000000E+000,  0.39964390118E+000,  0.60035609882E+000,  0.00000000000E+000,  0.35094833248E+007,  0.00000000000E+000,  0.84727522825E+002,  0.10092289649E+004,  0.21614099012E+004,  0.15577290160E-004,  0.11368791087E-002,  0.10000000000E+001
"             A11 1",  0.75000000000E+000,  0.50000000000E+000, -0.50000000000E+000,  0.39958463445E+000,  0.60041536555E+000,  0.00000000000E+000,  0.35094833248E+007,  0.00000000000E+000,  0.84727522825E+002,  0.10092289649E+004,  0.21614099012E+004,  0.15577290160E-004,  0.11368791087E-002,  0.10000000000E+001
"TIME [sec]  0.19200000E+06"
"             A11 0",  0.25000000000E+000,  0.50000000000E+000, -0.50000000000E+000,  0.39964298874E+000,  0.60035701126E+000,  0.00000000000E+000,  0.35099355524E+007,  0.00000000000E+000,  0.84742755255E+002,  0.10092299351E+004,  0.21614099403E+004,  0.15577566035E-004,  0.11368788343E-002,  0.10000000000E+001
"             A11 1",  0.75000000000E+000,  0.50000000000E+000, -0.50000000000E+000,  0.39958090315E+000,  0.60041909685E+000,  0.00000000000E+000,  0.35099355524E+007,  0.00000000000E+000,  0.84742755255E+002,  0.10092299351E+004,  0.21614099403E+004,  0.15577566035E-004,  0.11368788343E-002,  0.10000000000E+001
"TIME [sec]  0.20072700E+06"
"             A11 0",  0.25000000000E+000,  0.50000000000E+000, -0.50000000000E+000,  0.39964207654E+000,  0.60035792346E+000,  0.00000000000E+000,  0.35103877634E+007,  0.00000000000E+000,  0.84757987124E+002,  0.10092309052E+004,  0.21614099794E+004,  0.15577841899E-004,  0.11368785599E-002,  0.10000000000E+001
"             A11 1",  0.75000000000E+000,  0.50000000000E+000, -0.50000000000E+000,  0.39957717286E+000,  0.60042282714E+000,  0.00000000000E+000,  0.35103877634E+007,  0.00000000000E+000,  0.84757987124E+002,  0.10092309052E+004,  0.21614099794E+004,  0.15577841899E-004,  0.11368785599E-002,  0.10000000000E+001
"TIME [sec]  0.20945400E+06"
"             A11 0",  0.25000000000E+000,  0.50000000000E+000, -0.50000000000E+000,  0.39964116447E+000,  0.60035883553E+000,  0.00000000000E+000,  0.35108400095E+007,  0.00000000000E+000,  0.84773220177E+002,  0.10092318751E+004,  0.21614100185E+004,  0.15578117785E-004,  0.11368782855E-002,  0.10000000000E+001
"             A11 1",  0.75000000000E+000,  0.50000000000E+000, -0.50000000000E+000,  0.39957344317E+000,  0.60042655683E+000,  0.00000000000E+000,  0.35108400095E+007,  0.00000000000E+000,  0.84773220177E+002,  0.10092318751E+004,  0.21614100185E+004,  0.15578117785E-004,  0.11368782855E-002,  0.10000000000E+001
"TIME [sec]  0.21818100E+06"
"             A11 0",  0.25000000000E+000,  0.50000000000E+000, -0.50000000000E+000,  0.39964025255E+000,  0.60035974745E+000,  0.00000000000E+000,  0.35112922907E+007,  0.00000000000E+000,  0.84788454412E+002,  0.10092328448E+004,  0.21614100576E+004,  0.15578393693E-004,  0.11368780111E-002,  0.10000000000E+001
"             A11 1",  0.75000000000E+000,  0.50000000000E+000, -0.50000000000E+000,  0.39956971406E+000,  0.60043028594E+000,  0.00000000000E+000,  0.35112922907E+007,  0.00000000000E+000,  0.84788454412E+002,  0.10092328448E+004,  0.21614100576E+004,  0.15578393693E-004,  0.11368780111E-002,  0.10000000000E+001
"TIME [sec]  0.22690900E+06"
"             A11 0",  0.25000000000E+000,  0.50000000000E+000, -0.50000000000E+000,  0.39963934066E+000,  0.60036065934E+000,  0.00000000000E+000,  0.35117446589E+007,  0.00000000000E+000,  0.84803691577E+002,  0.10092338146E+004,  0.21614100967E+004,  0.15578669653E-004,  0.11368777366E-002,  0.10000000000E+001
"             A11 1",  0.75000000000E+000,  0.50000000000E+000, -0.50000000000E+000,  0.39956598511E+000,  0.60043401489E+000,  0.00000000000E+000,  0.35117446589E+007,  0.00000000000E+000,  0.84803691577E+002,  0.10092338146E+004,  0.21614100967E+004,  0.15578669653E-004,  0.11368777366E-002,  0.10000000000E+001
"TIME [sec]  0.23563600E+06"
"             A11 0",  0.25000000000E+000,  0.50000000000E+000, -0.50000000000E+000,  0.39963842901E+000,  0.60036157099E+000,  0.00000000000E+000,  0.35121970103E+007,  0.00000000000E+000,  0.84818928180E+002,  0.10092347842E+004,  0.21614101358E+004,  0.15578945603E-004,  0.11368774621E-002,  0.10000000000E+001
"             A11 1",  0.75000000000E+000,  0.50000000000E+000, -0.50000000000E+000,  0.39956225718E+000,  0.60043774282E+000,  0.00000000000E+000,  0.35121970103E+007,  0.00000000000E+000,  0.84818928180E+002,  0.10092347842E+004,  0.21614101358E+004,  0.15578945603E-004,  0.11368774621E-002,  0.10000000000E+001
"TIME [sec]  0.24436300E+06"
"             A11 0",  0.25000000000E+000,  0.50000000000E+000, -0.50000000000E+000,  0.39963751750E+000,  0.60036248250E+000,  0.00000000000E+000,  0.35126493970E+007,  0.00000000000E+000,  0.84834165967E+002,  0.10092357536E+004,  0.21614101749E+004,  0.15579221575E-004,  0.11368771876E-002,  0.10000000000E+001
"             A11 1",  0.75000000000E+000,  0.50000000000E+000, -0.50000000000E+000,  0.39955852984E+000,  0.60044147016E+000,  0.00000000000E+000,  0.35126493970E+007,  0.00000000000E+000,  0.84834165967E+002,  0.10092357536E+004,  0.21614101749E+004,  0.15579221575E-004,  0.11368771876E-002,  0.10000000000E+001
"TIME [sec]  0.25309000E+06"
"             A11 0",  0.25000000000E+000,  0.50000000000E+000, -0.50000000000E+000,  0.39963660614E+000,  0.60036339386E+000,  0.00000000000E+000,  0.35131018187E+007,  0.00000000000E+000,  0.84849404937E+002,  0.10092367229E+004,  0.21614102140E+004,  0.15579497568E-004,  0.11368769131E-002,  0.10000000000E+001
"             A11 1",  0.75000000000E+000,  0.50000000000E+000, -0.50000000000E+000,  0.39955480309E+000,  0.60044519691E+000,  0.00000000000E+000,  0.35131018187E+007,  0.00000000000E+000,  0.84849404937E+002,  0.10092367229E+004,  0.21614102140E+004,  0.15579497568E-004,  0.11368769131E-002,  0.10000000000E+001
"TIME [sec]  0.26181800E+06"
"             A11 0",  0.25000000000E+000,  0.50000000000E+000, -0.50000000000E+000,  0.39963569480E+000,  0.60036430520E+000,  0.00000000000E+000,  0.35135543275E+007,  0.00000000000E+000,  0.84864646837E+002,  0.10092376922E+004,  0.21614102531E+004,  0.15579773614E-004,  0.11368766385E-002,  0.10000000000E+001
"             A11 1",  0.75000000000E+000,  0.50000000000E+000, -0.50000000000E+000,  0.39955107649E+000,  0.60044892351E+000,  0.00000000000E+000,  0.35135543275E+007,  0.00000000000E+000,  0.84864646837E+002,  0.10092376922E+004,  0.21614102531E+004,  0.15579773614E-004,  0.11368766385E-002,  0.10000000000E+001
"TIME [sec]  0.27054500E+06"
"             A11 0",  0.25000000000E+000,  0.50000000000E+000, -0.50000000000E+000,  0.39963478371E+000,  0.60036521629E+000,  0.00000000000E+000,  0.35140068196E+007,  0.00000000000E+000,  0.84879888174E+002,  0.10092386613E+004,  0.21614102923E+004,  0.15580049650E-004,  0.11368763640E-002,  0.10000000000E+001
"             A11 1",  0.75000000000E+000,  0.50000000000E+000, -0.50000000000E+000,  0.39954735092E+000,  0.60045264908E+000,  0.00000000000E+000,  0.35140068196E+007,  0.00000000000E+000,  0.84879888174E+002,  0.10092386613E+004,  0.21614102923E+004,  0.15580049650E-004,  0.11368763640E-002,  0.10000000000E+001
"TIME [sec]  0.27927200E+06"
"             A11 0",  0.25000000000E+000,  0.50000000000E+000, -0.50000000000E+000,  0.39963387276E+000,  0.60036612724E+000,  0.00000000000E+000,  0.35144593468E+007,  0.00000000000E+000,  0.84895130696E+002,  0.10092396303E+004,  0.21614103314E+004,  0.15580325708E-004,  0.11368760894E-002,  0.10000000000E+001
"             A11 1",  0.75000000000E+000,  0.50000000000E+000, -0.50000000000E+000,  0.39954362593E+000,  0.60045637407E+000,  0.00000000000E+000,  0.35144593468E+007,  0.00000000000E+000,  0.84895130696E+002,  0.10092396303E+004,  0.21614103314E+004,  0.15580325708E-004,  0.11368760894E-002,  0.10000000000E+001
"TIME [sec]  0.28800000E+06"
"             A11 0",  0.25000000000E+000,  0.50000000000E+000, -0.50000000000E+000,  0.39963296185E+000,  0.60036703815E+000,  0.00000000000E+000,  0.35149119610E+007,  0.00000000000E+000,  0.84910376148E+002,  0.10092405992E+004,  0.21614103705E+004,  0.15580601818E-004,  0.11368758148E-002,  0.10000000000E+001
"             A11 1",  0.75000000000E+000,  0.50000000000E+000, -0.50000000000E+000,  0.39953990110E+000,  0.60046009890E+000,  0.00000000000E+000,  0.35149119610E+007,  0.00000000000E+000,  0.84910376148E+002,  0.10092405992E+004,  0.21614103705E+004,  0.15580601818E-004,  0.11368758148E-002,  0.10000000000E+001
"TIME [sec]  0.29672700E+06"
"             A11 0",  0.25000000000E+000,  0.50000000000E+000, -0.50000000000E+000,  0.39963205118E+000,  0.60036794882E+000,  0.00000000000E+000,  0.35153645585E+007,  0.00000000000E+000,  0.84925621037E+002,  0.10092415680E+004,  0.21614104097E+004,  0.15580877918E-004,  0.11368755402E-002,  0.10000000000E+001
"             A11 1",  0.75000000000E+000,  0.50000000000E+000, -0.50000000000E+000,  0.39953617729E+000,  0.60046382271E+000,  0.00000000000E+000,  0.35153645585E+007,  0.00000000000E+000,  0.84925621037E+002,  0.10092415680E+004,  0.21614104097E+004,  0.15580877918E-004,  0.11368755402E-002,  0.10000000000E+001
"TIME [sec]  0.30545400E+06"
"             A11 0",  0.25000000000E+000,  0.50000000000E+000, -0.50000000000E+000,  0.39963114065E+000,  0.60036885935E+000,  0.00000000000E+000,  0.35158171911E+007,  0.00000000000E+000,  0.84940867110E+002,  0.10092425366E+004,  0.21614104488E+004,  0.15581154040E-004,  0.11368752655E-002,  0.10000000000E+001
"             A11 1",  0.75000000000E+000,  0.50000000000E+000, -0.50000000000E+000,  0.39953245407E+000,  0.60046754593E+000,  0.00000000000E+000,  0.35158171911E+007,  0.00000000000E+000,  0.84940867110E+002,  0.10092425366E+004,  0.21614104488E+004,  0.15581154040E-004,  0.11368752655E-002,  0.10000000000E+001
"TIME [sec]  0.31418100E+06"
"             A11 0",  0.25000000000E+000,  0.50000000000E+000, -0.50000000000E+000,  0.39963023026E+000,  0.60036976974E+000,  0.00000000000E+000,  0.35162698590E+007,  0.00000000000E+000,  0.84956114368E+002,  0.10092435051E+004,  0.21614104879E+004,  0.15581430183E-004,  0.11368749909E-002,  0.10000000000E+001
"             A11 1",  0.75000000000E+000,  0.50000000000E+000, -0.50000000000E+000,  0.39952873144E+000,  0.60047126856E+000,  0.00000000000E+000,  0.35162698590E+007,  0.00000000000E+000,  0.84956114368E+002,  0.10092435051E+004,  0.21614104879E+004,  0.15581430183E-004,  0.11368749909E-002,  0.10000000000E+001
"TIME [sec]  0.32290900E+06"
"             A11 0",  0.25000000000E+000,  0.50000000000E+000, -0.50000000000E+000,  0.39962931990E+000,  0.60037068010E+000,  0.00000000000E+000,  0.35167226138E+007,  0.00000000000E+000,  0.84971364556E+002,  0.10092444736E+004,  0.21614105271E+004,  0.15581706380E-004,  0.11368747162E-002,  0.10000000000E+001
"             A11 1",  0.75000000000E+000,  0.50000000000E+000, -0.50000000000E+000,  0.39952500897E+000,  0.60047499103E+000,  0.00000000000E+000,  0.35167226138E+007,  0.00000000000E+000,  0.84971364556E+002,  0.10092444736E+004,  0.21614105271E+004,  0.15581706380E-004,  0.11368747162E-002,  0.10000000000E+001
"TIME [sec]  0.33163600E+06"
"             A11 0",  0.25000000000E+000,  0.50000000000E+000, -0.50000000000E+000,  0.39962840979E+000,  0.60037159021E+000,  0.00000000000E+000,  0.35171753519E+007,  0.00000000000E+000,  0.84986614182E+002,  0.10092454418E+004,  0.21614105662E+004,  0.15581982566E-004,  0.11368744415E-002,  0.10000000000E+001
"             A11 1",  0.75000000000E+000,  0.50000000000E+000, -0.50000000000E+000,  0.39952128751E+000,  0.60047871249E+000,  0.00000000000E+000,  0.35171753519E+007,  0.00000000000E+000,  0.84986614182E+002,  0.10092454418E+004,  0.21614105662E+004,  0.15581982566E-004,  0.11368744415E-002,  0.10000000000E+001
"TIME [sec]  0.34036300E+06"
"             A11 0",  0.25000000000E+000,  0.50000000000E+000, -0.50000000000E+000,  0.39962749982E+000,  0.60037250018E+000,  0.00000000000E+000,  0.35176281252E+007,  0.00000000000E+000,  0.85001864992E+002,  0.10092464100E+004,  0.21614106054E+004,  0.15582258773E-004,  0.11368741668E-002,  0.10000000000E+001
"             A11 1",  0.75000000000E+000,  0.50000000000E+000, -0.50000000000E+000,  0.39951756664E+000,  0.60048243336E+000,  0.00000000000E+000,  0.35176281252E+007,  0.00000000000E+000,  0.85001864992E+002,  0.10092464100E+004,  0.21614106054E+004,  0.15582258773E-004,  0.11368741668E-002,  0.10000000000E+001
"TIME [sec]  0.34909000E+06"
"             A11 0",  0.25000000000E+000,  0.50000000000E+000, -0.50000000000E+000,  0.39962658998E+000,  0.60037341002E+000,  0.00000000000E+000,  0.35180809336E+007,  0.00000000000E+000,  0.85017116986E+002,  0.10092473780E+004,  0.21614106445E+004,  0.15582535002E-004,  0.11368738921E-002,  0.10000000000E+001
"             A11 1",  0.75000000000E+000,  0.50000000000E+000, -0.50000000000E+000,  0.39951384636E+000,  0.60048615364E+000,  0.00000000000E+000,  0.35180809336E+007,  0.00000000000E+000,  0.85017116986E+002,  0.10092473780E+004,  0.21614106445E+004,  0.15582535002E-004,  0.11368738921E-002,  0.10000000000E+001
"TIME [sec]  0.35781800E+06"
"             A11 0",  0.25000000000E+000,  0.50000000000E+000, -0.50000000000E+000,  0.39962568019E+000,  0.60037431981E+000,  0.00000000000E+000,  0.35185338291E+007,  0.00000000000E+000,  0.85032371913E+002,  0.10092483460E+004,  0.21614106837E+004,  0.15582811284E-004,  0.11368736173E-002,  0.10000000000E+001
"             A11 1",  0.75000000000E+000,  0.50000000000E+000, -0.50000000000E+000,  0.39951012624E+000,  0.60048987376E+000,  0.00000000000E+000,  0.35185338291E+007,  0.00000000000E+000,  0.85032371913E+002,  0.10092483460E+004,  0.21614106837E+004,  0.15582811284E-004,  0.11368736173E-002,  0.10000000000E+001
"TIME [sec]  0.36654500E+06"
"             A11 0",  0.25000000000E+000,  0.50000000000E+000, -0.50000000000E+000,  0.39962477064E+000,  0.60037522936E+000,  0.00000000000E+000,  0.35189867079E+007,  0.00000000000E+000,  0.85047626276E+002,  0.10092493138E+004,  0.21614107228E+004,  0.15583087556E-004,  0.11368733425E-002,  0.10000000000E+001
"             A11 1",  0.75000000000E+000,  0.50000000000E+000, -0.50000000000E+000,  0.39950640714E+000,  0.60049359286E+000,  0.00000000000E+000,  0.35189867079E+007,  0.00000000000E+000,  0.85047626276E+002,  0.10092493138E+004,  0.21614107228E+004,  0.15583087556E-004,  0.11368733425E-002,  0.10000000000E+001
"TIME [sec]  0.37527200E+06"
"             A11 0",  0.25000000000E+000,  0.50000000000E+000, -0.50000000000E+000,  0.39962386123E+000,  0.60037613877E+000,  0.00000000000E+000,  0.35194396218E+007,  0.00000000000E+000,  0.85062881823E+002,  0.10092502815E+004,  0.21614107620E+004,  0.15583363850E-004,  0.11368730677E-002,  0.10000000000E+001
"             A11 1",  0.75000000000E+000,  0.50000000000E+000, -0.50000000000E+000,  0.39950268862E+000,  0.60049731138E+000,  0.00000000000E+000,  0.35194396218E+007,  0.00000000000E+000,  0.85062881823E+002,  0.10092502815E+004,  0.21614107620E+004,  0.15583363850E-004,  0.11368730677E-002,  0.10000000000E+001
"TIME [sec]  0.38400000E+06"
"             A11 0",  0.25000000000E+000,  0.50000000000E+000, -0.50000000000E+000,  0.39962295186E+000,  0.60037704814E+000,  0.00000000000E+000,  0.35198926228E+007,  0.00000000000E+000,  0.85078140304E+002,  0.10092512491E+004,  0.21614108011E+004,  0.15583640196E-004,  0.11368727929E-002,  0.10000000000E+001
"             A11 1",  0.75000000000E+000,  0.50000000000E+000, -0.50000000000E+000,  0.39949897027E+000,  0.60050102973E+000,  0.00000000000E+000,  0.35198926228E+007,  0.00000000000E+000,  0.85078140304E+002,  0.10092512491E+004,  0.21614108011E+004,  0.15583640196E-004,  0.11368727929E-002,  0.10000000000E+001
"TIME [sec]  0.39272700E+06"
"             A11 0",  0.25000000000E+000,  0.50000000000E+000, -0.50000000000E+000,  0.39962204273E+000,  0.60037795727E+000,  0.00000000000E+000,  0.35203456071E+007,  0.00000000000E+000,  0.85093398221E+002,  0.10092522166E+004,  0.21614108403E+004,  0.15583916532E-004,  0.11368725180E-002,  0.10000000000E+001
"             A11 1",  0.75000000000E+000,  0.50000000000E+000, -0.50000000000E+000,  0.39949525293E+000,  0.60050474707E+000,  0.00000000000E+000,  0.35203456071E+007,  0.00000000000E+000,  0.85093398221E+002,  0.10092522166E+004,  0.21614108403E+004,  0.15583916532E-004,  0.11368725180E-002,  0.10000000000E+001
"TIME [sec]  0.40145400E+06"
"             A11 0",  0.25000000000E+000,  0.50000000000E+000, -0.50000000000E+000,  0.39962113374E+000,  0.60037886626E+000,  0.00000000000E+000,  0.35207986266E+007,  0.00000000000E+000,  0.85108657322E+002,  0.10092531839E+004,  0.21614108795E+004,  0.15584192890E-004,  0.11368722432E-002,  0.10000000000E+001
"             A11 1",  0.75000000000E+000,  0.50000000000E+000, -0.50000000000E+000,  0.39949153618E+000,  0.60050846382E+000,  0.00000000000E+000,  0.35207986266E+007,  0.00000000000E+000,  0.85108657322E+002,  0.10092531839E+004,  0.21614108795E+004,  0.15584192890E-004,  0.11368722432E-002,  0.10000000000E+001
"TIME [sec]  0.41018100E+06"
"             A11 0",  0.25000000000E+000,  0.50000000000E+000, -0.50000000000E+000,  0.39962022489E+000,  0.60037977511E+000,  0.00000000000E+000,  0.35212516812E+007,  0.00000000000E+000,  0.85123917608E+002,  0.10092541511E+004,  0.21614109186E+004,  0.15584469269E-004,  0.11368719683E-002,  0.10000000000E+001
"             A11 1",  0.75000000000E+000,  0.50000000000E+000, -0.50000000000E+000,  0.39948782001E+000,  0.60051217999E+000,  0.00000000000E+000,  0.35212516812E+007,  0.00000000000E+000,  0.85123917608E+002,  0.10092541511E+004,  0.21614109186E+004,  0.15584469269E-004,  0.11368719683E-002,  0.10000000000E+001
"TIME [sec]  0.41890900E+06"
"             A11 0",  0.25000000000E+000,  0.50000000000E+000, -0.50000000000E+000,  0.39961931608E+000,  0.60038068392E+000,  0.00000000000E+000,  0.35217048229E+007,  0.00000000000E+000,  0.85139180828E+002,  0.10092551183E+004,  0.21614109578E+004,  0.15584745702E-004,  0.11368716934E-002,  0.10000000000E+001
"             A11 1",  0.75000000000E+000,  0.50000000000E+000, -0.50000000000E+000,  0.39948410401E+000,  0.60051589599E+000,  0.00000000000E+000,  0.35217048229E+007,  0.00000000000E+000,  0.85139180828E+002,  0.10092551183E+004,  0.21614109578E+004,  0.15584745702E-004,  0.11368716934E-002,  0.10000000000E+001
"TIME [sec]  0.42763600E+06"
"             A11 0",  0.25000000000E+000,  0.50000000000E+000, -0.50000000000E+000,  0.39961840752E+000,  0.60038159248E+000,  0.00000000000E+000,  0.35221579478E+007,  0.00000000000E+000,  0.85154443484E+002,  0.10092560853E+004,  0.21614109970E+004,  0.15585022124E-004,  0.11368714185E-002,  0.10000000000E+001
"             A11 1",  0.75000000000E+000,  0.50000000000E+000, -0.50000000000E+000,  0.39948038902E+000,  0.60051961098E+000,  0.00000000000E+000,  0.35221579478E+007,  0.00000000000E+000,  0.85154443484E+002,  0.10092560853E+004,  0.21614109970E+004,  0.15585022124E-004,  0.11368714185E-002,  0.10000000000E+001
"TIME [sec]  0.43636300E+06"
"             A11 0",  0.25000000000E+000,  0.50000000000E+000, -0.50000000000E+000,  0.39961749909E+000,  0.60038250091E+000,  0.00000000000E+000,  0.35226111080E+007,  0.00000000000E+000,  0.85169707324E+002,  0.10092570521E+004,  0.21614110362E+004,  0.15585298567E-004,  0.11368711436E-002,  0.10000000000E+001
"             A11 1",  0.75000000000E+000,  0.50000000000E+000, -0.50000000000E+000,  0.39947667462E+000,  0.60052332538E+000,  0.00000000000E+000,  0.35226111080E+007,  0.00000000000E+000,  0.85169707324E+002,  0.10092570521E+004,  0.21614110362E+004,  0.15585298567E-004,  0.11368711436E-002,  0.10000000000E+001
"TIME [sec]  0.44509000E+06"
"             A11 0",  0.25000000000E+000,  0.50000000000E+000, -0.50000000000E+000,  0.39961659081E+000,  0.60038340919E+000,  0.00000000000E+000,  0.35230643033E+007,  0.00000000000E+000,  0.85184972350E+002,  0.10092580189E+004,  0.21614110753E+004,  0.15585575032E-004,  0.11368708686E-002,  0.10000000000E+001
"             A11 1",  0.75000000000E+000,  0.50000000000E+000, -0.50000000000E+000,  0.39947296081E+000,  0.60052703919E+000,  0.00000000000E+000,  0.35230643033E+007,  0.00000000000E+000,  0.85184972350E+002,  0.10092580189E+004,  0.21614110753E+004,  0.15585575032E-004,  0.11368708686E-002,  0.10000000000E+001
"TIME [sec]  0.45381800E+06"
"             A11 0",  0.25000000000E+000,  0.50000000000E+000, -0.50000000000E+000,  0.39961568256E+000,  0.60038431744E+000,  0.00000000000E+000,  0.35235175857E+007,  0.00000000000E+000,  0.85200240310E+002,  0.10092589856E+004,  0.21614111145E+004,  0.15585851550E-004,  0.11368705936E-002,  0.10000000000E+001
"             A11 1",  0.75000000000E+000,  0.50000000000E+000, -0.50000000000E+000,  0.39946924717E+000,  0.60053075283E+000,  0.00000000000E+000,  0.35235175857E+007,  0.00000000000E+000,  0.85200240310E+002,  0.10092589856E+004,  0.21614111145E+004,  0.15585851550E-004,  0.11368705936E-002,  0.10000000000E+001
"TIME [sec]  0.46254500E+06"
"             A11 0",  0.25000000000E+000,  0.50000000000E+000, -0.50000000000E+000,  0.39961477456E+000,  0.60038522544E+000,  0.00000000000E+000,  0.35239708514E+007,  0.00000000000E+000,  0.85215507705E+002,  0.10092599521E+004,  0.21614111537E+004,  0.15586128058E-004,  0.11368703186E-002,  0.10000000000E+001
"             A11 1",  0.75000000000E+000,  0.50000000000E+000, -0.50000000000E+000,  0.39946553453E+000,  0.60053446547E+000,  0.00000000000E+000,  0.35239708514E+007,  0.00000000000E+000,  0.85215507705E+002,  0.10092599521E+004,  0.21614111537E+004,  0.15586128058E-004,  0.11368703186E-002,  0.10000000000E+001
"TIME [sec]  0.47127200E+06"
"             A11 0",  0.25000000000E+000,  0.50000000000E+000, -0.50000000000E+000,  0.39961386671E+000,  0.60038613329E+000,  0.00000000000E+000,  0.35244241523E+007,  0.00000000000E+000,  0.85230776286E+002,  0.10092609185E+004,  0.21614111929E+004,  0.15586404588E-004,  0.11368700436E-002,  0.10000000000E+001
"             A11 1",  0.75000000000E+000,  0.50000000000E+000, -0.50000000000E+000,  0.39946182248E+000,  0.60053817752E+000,  0.00000000000E+000,  0.35244241523E+007,  0.00000000000E+000,  0.85230776286E+002,  0.10092609185E+004,  0.21614111929E+004,  0.15586404588E-004,  0.11368700436E-002,  0.10000000000E+001
"TIME [sec]  0.48000000E+06"
"             A11 0",  0.25000000000E+000,  0.50000000000E+000, -0.50000000000E+000,  0.39961295889E+000,  0.60038704111E+000,  0.00000000000E+000,  0.35248775403E+007,  0.00000000000E+000,  0.85246047802E+002,  0.10092618848E+004,  0.21614112321E+004,  0.15586681170E-004,  0.11368697686E-002,  0.10000000000E+001
"             A11 1",  0.75000000000E+000,  0.50000000000E+000, -0.50000000000E+000,  0.39945811059E+000,  0.60054188941E+000,  0.00000000000E+000,  0.35248775403E+007,  0.00000000000E+000,  0.85246047802E+002,  0.10092618848E+004,  0.21614112321E+004,  0.15586681170E-004,  0.11368697686E-002,  0.10000000000E+001
"TIME [sec]  0.48872700E+06"
"             A11 0",  0.25000000000E+000,  0.50000000000E+000, -0.50000000000E+000,  0.39961205131E+000,  0.60038794869E+000,  0.00000000000E+000,  0.35253309115E+007,  0.00000000000E+000,  0.85261318753E+002,  0.10092628510E+004,  0.21614112713E+004,  0.15586957743E-004,  0.11368694935E-002,  0.10000000000E+001
"             A11 1",  0.75000000000E+000,  0.50000000000E+000, -0.50000000000E+000,  0.39945439972E+000,  0.60054560028E+000,  0.00000000000E+000,  0.35253309115E+007,  0.00000000000E+000,  0.85261318753E+002,  0.10092628510E+004,  0.21614112713E+004,  0.15586957743E-004,  0.11368694935E-002,  0.10000000000E+001
"TIME [sec]  0.49745400E+06"
"             A11 0",  0.25000000000E+000,  0.50000000000E+000, -0.50000000000E+000,  0.39961114388E+000,  0.60038885612E+000,  0.00000000000E+000,  0.35257843180E+007,  0.00000000000E+000,  0.85276590890E+002,  0.10092638170E+004,  0.21614113105E+004,  0.15587234336E-004,  0.11368692185E-002,  0.10000000000E+001
"             A11 1",  0.75000000000E+000,  0.50000000000E+000, -0.50000000000E+000,  0.39945068943E+000,  0.60054931057E+000,  0.00000000000E+000,  0.35257843180E+007,  0.00000000000E+000,  0.85276590890E+002,  0.10092638170E+004,  0.21614113105E+004,  0.15587234336E-004,  0.11368692185E-002,  0.10000000000E+001
"TIME [sec]  0.50618100E+06"
"             A11 0",  0.25000000000E+000,  0.50000000000E+000, -0.50000000000E+000,  0.39961023659E+000,  0.60038976341E+000,  0.00000000000E+000,  0.35262377596E+007,  0.00000000000E+000,  0.85291864212E+002,  0.10092647829E+004,  0.21614113497E+004,  0.15587510952E-004,  0.11368689434E-002,  0.10000000000E+001
"             A11 1",  0.75000000000E+000,  0.50000000000E+000, -0.50000000000E+000,  0.39944697974E+000,  0.60055302026E+000,  0.00000000000E+000,  0.35262377596E+007,  0.00000000000E+000,  0.85291864212E+002,  0.10092647829E+004,  0.21614113497E+004,  0.15587510952E-004,  0.11368689434E-002,  0.10000000000E+001
"TIME [sec]  0.51490900E+06"
"             A11 0",  0.25000000000E+000,  0.50000000000E+000, -0.50000000000E+000,  0.39960932933E+000,  0.60039067067E+000,  0.00000000000E+000,  0.35266912884E+007,  0.00000000000E+000,  0.85307140470E+002,  0.10092657488E+004,  0.21614113889E+004,  0.15587787620E-004,  0.11368686683E-002,  0.10000000000E+001
"             A11 1",  0.75000000000E+000,  0.50000000000E+000, -0.50000000000E+000,  0.39944327020E+000,  0.60055672980E+000,  0.00000000000E+000,  0.35266912884E+007,  0.00000000000E+000,  0.85307140470E+002,  0.10092657488E+004,  0.21614113889E+004,  0.15587787620E-004,  0.11368686683E-002,  0.10000000000E+001
"TIME [sec]  0.52363600E+06"
"             A11 0",  0.25000000000E+000,  0.50000000000E+000, -0.50000000000E+000,  0.39960842232E+000,  0.60039157768E+000,  0.00000000000E+000,  0.35271448004E+007,  0.00000000000E+000,  0.85322416162E+002,  0.10092667145E+004,  0.21614114281E+004,  0.15588064278E-004,  0.11368683931E-002,  0.10000000000E+001
"             A11 1",  0.75000000000E+000,  0.50000000000E+000, -0.50000000000E+000,  0.39943956168E+000,  0.60056043832E+000,  0.00000000000E+000,  0.35271448004E+007,  0.00000000000E+000,  0.85322416162E+002,  0.10092667145E+004,  0.21614114281E+004,  0.15588064278E-004,  0.11368683931E-002,  0.10000000000E+001
"TIME [sec]  0.53236300E+06"
"             A11 0",  0.25000000000E+000,  0.50000000000E+000, -0.50000000000E+000,  0.39960751546E+000,  0.60039248454E+000,  0.00000000000E+000,  0.35275983476E+007,  0.00000000000E+000,  0.85337693041E+002,  0.10092676801E+004,  0.21614114673E+004,  0.15588340958E-004,  0.11368681180E-002,  0.10000000000E+001
"             A11 1",  0.75000000000E+000,  0.50000000000E+000, -0.50000000000E+000,  0.39943585374E+000,  0.60056414626E+000,  0.00000000000E+000,  0.35275983476E+007,  0.00000000000E+000,  0.85337693041E+002,  0.10092676801E+004,  0.21614114673E+004,  0.15588340958E-004,  0.11368681180E-002,  0.10000000000E+001
"TIME [sec]  0.54109000E+06"
"             A11 0",  0.25000000000E+000,  0.50000000000E+000, -0.50000000000E+000,  0.39960660874E+000,  0.60039339126E+000,  0.00000000000E+000,  0.35280519300E+007,  0.00000000000E+000,  0.85352971105E+002,  0.10092686455E+004,  0.21614115066E+004,  0.15588617659E-004,  0.11368678428E-002,  0.10000000000E+001
"             A11 1",  0.75000000000E+000,  0.50000000000E+000, -0.50000000000E+000,  0.39943214640E+000,  0.60056785360E+000,  0.00000000000E+000,  0.35280519300E+007,  0.00000000000E+000,  0.85352971105E+002,  0.10092686455E+004,  0.21614115066E+004,  0.15588617659E-004,  0.11368678428E-002,  0.10000000000E+001
"TIME [sec]  0.54981800E+06"
"             A11 0",  0.25000000000E+000,  0.50000000000E+000, -0.50000000000E+000,  0.39960570205E+000,  0.60039429795E+000,  0.00000000000E+000,  0.35285055996E+007,  0.00000000000E+000,  0.85368252105E+002,  0.10092696110E+004,  0.21614115458E+004,  0.15588894413E-004,  0.11368675676E-002,  0.10000000000E+001
"             A11 1",  0.75000000000E+000,  0.50000000000E+000, -0.50000000000E+000,  0.39942843921E+000,  0.60057156079E+000,  0.00000000000E+000,  0.35285055996E+007,  0.00000000000E+000,  0.85368252105E+002,  0.10092696110E+004,  0.21614115458E+004,  0.15588894413E-004,  0.11368675676E-002,  0.10000000000E+001
"TIME [sec]  0.55854500E+06"
"             A11 0",  0.25000000000E+000,  0.50000000000E+000, -0.50000000000E+000,  0.39960479561E+000,  0.60039520439E+000,  0.00000000000E+000,  0.35289592524E+007,  0.00000000000E+000,  0.85383532541E+002,  0.10092705762E+004,  0.21614115850E+004,  0.15589171158E-004,  0.11368672924E-002,  0.10000000000E+001
"             A11 1",  0.75000000000E+000,  0.50000000000E+000, -0.50000000000E+000,  0.39942473304E+000,  0.60057526696E+000,  0.00000000000E+000,  0.35289592524E+007,  0.00000000000E+000,  0.85383532541E+002,  0.10092705762E+004,  0.21614115850E+004,  0.15589171158E-004,  0.11368672924E-002,  0.10000000000E+001
"TIME [sec]  0.56727200E+06"
"             A11 0",  0.25000000000E+000,  0.50000000000E+000, -0.50000000000E+000,  0.39960388932E+000,  0.60039611068E+000,  0.00000000000E+000,  0.35294129405E+007,  0.00000000000E+000,  0.85398814162E+002,  0.10092715413E+004,  0.21614116242E+004,  0.15589447923E-004,  0.11368670172E-002,  0.10000000000E+001
"             A11 1",  0.75000000000E+000,  0.50000000000E+000, -0.50000000000E+000,  0.39942102745E+000,  0.60057897255E+000,  0.00000000000E+000,  0.35294129405E+007,  0.00000000000E+000,  0.85398814162E+002,  0.10092715413E+004,  0.21614116242E+004,  0.15589447923E-004,  0.11368670172E-002,  0.10000000000E+001
"TIME [sec]  0.57600000E+06"
"             A11 0",  0.25000000000E+000,  0.50000000000E+000, -0.50000000000E+000,  0.39960298306E+000,  0.60039701694E+000,  0.00000000000E+000,  0.35298667157E+007,  0.00000000000E+000,  0.85414098720E+002,  0.10092725063E+004,  0.21614116635E+004,  0.15589724742E-004,  0.11368667419E-002,  0.10000000000E+001
"             A11 1",  0.75000000000E+000,  0.50000000000E+000, -0.50000000000E+000,  0.39941732203E+000,  0.60058267797E+000,  0.00000000000E+000,  0.35298667157E+007,  0.00000000000E+000,  0.85414098720E+002,  0.10092725063E+004,  0.21614116635E+004,  0.15589724742E-004,  0.11368667419E-002,  0.10000000000E+001
"TIME [sec]  0.58472700E+06"
"             A11 0",  0.25000000000E+000,  0.50000000000E+000, -0.50000000000E+000,  0.39960207705E+000,  0.60039792295E+000,  0.00000000000E+000,  0.35303204741E+007,  0.00000000000E+000,  0.85429382713E+002,  0.10092734712E+004,  0.21614117027E+004,  0.15590001550E-004,  0.11368664667E-002,  0.10000000000E+001
"             A11 1",  0.75000000000E+000,  0.50000000000E+000, -0.50000000000E+000,  0.39941361762E+000,  0.60058638238E+000,  0.00000000000E+000,  0.35303204741E+007,  0.00000000000E+000,  0.85429382713E+002,  0.10092734712E+004,  0.21614117027E+004,  0.15590001550E-004,  0.11368664667E-002,  0.10000000000E+001
"TIME [sec]  0.59345400E+06"
"             A11 0",  0.25000000000E+000,  0.50000000000E+000, -0.50000000000E+000,  0.39960117118E+000,  0.60039882882E+000,  0.00000000000E+000,  0.35307742677E+007,  0.00000000000E+000,  0.85444667892E+002,  0.10092744359E+004,  0.21614117419E+004,  0.15590278380E-004,  0.11368661914E-002,  0.10000000000E+001
"             A11 1",  0.75000000000E+000,  0.50000000000E+000, -0.50000000000E+000,  0.39940991380E+000,  0.60059008620E+000,  0.00000000000E+000,  0.35307742677E+007,  0.00000000000E+000,  0.85444667892E+002,  0.10092744359E+004,  0.21614117419E+004,  0.15590278380E-004,  0.11368661914E-002,  0.10000000000E+001
"TIME [sec]  0.60218100E+06"
"             A11 0",  0.25000000000E+000,  0.50000000000E+000, -0.50000000000E+000,  0.39960026545E+000,  0.60039973455E+000,  0.00000000000E+000,  0.35312280966E+007,  0.00000000000E+000,  0.85459954257E+002,  0.10092754005E+004,  0.21614117812E+004,  0.15590555232E-004,  0.11368659161E-002,  0.10000000000E+001
"             A11 1",  0.75000000000E+000,  0.50000000000E+000, -0.50000000000E+000,  0.39940621056E+000,  0.60059378944E+000,  0.00000000000E+000,  0.35312280966E+007,  0.00000000000E+000,  0.85459954257E+002,  0.10092754005E+004,  0.21614117812E+004,  0.15590555232E-004,  0.11368659161E-002,  0.10000000000E+001
"TIME [sec]  0.61090900E+06"
"             A11 0",  0.25000000000E+000,  0.50000000000E+000, -0.50000000000E+000,  0.39959935977E+000,  0.60040064023E+000,  0.00000000000E+000,  0.35316820127E+007,  0.00000000000E+000,  0.85475243559E+002,  0.10092763652E+004,  0.21614118204E+004,  0.15590832137E-004,  0.11368656407E-002,  0.10000000000E+001
"             A11 1",  0.75000000000E+000,  0.50000000000E+000, -0.50000000000E+000,  0.39940250749E+000,  0.60059749251E+000,  0.00000000000E+000,  0.35316820127E+007,  0.00000000000E+000,  0.85475243559E+002,  0.10092763652E+004,  0.21614118204E+004,  0.15590832137E-004,  0.11368656407E-002,  0.10000000000E+001
"TIME [sec]  0.61963600E+06"
"             A11 0",  0.25000000000E+000,  0.50000000000E+000, -0.50000000000E+000,  0.39959845433E+000,  0.60040154567E+000,  0.00000000000E+000,  0.35321359119E+007,  0.00000000000E+000,  0.85490532296E+002,  0.10092773295E+004,  0.21614118596E+004,  0.15591109031E-004,  0.11368653654E-002,  0.10000000000E+001
"             A11 1",  0.75000000000E+000,  0.50000000000E+000, -0.50000000000E+000,  0.39939880543E+000,  0.60060119457E+000,  0.00000000000E+000,  0.35321359119E+007,  0.00000000000E+000,  0.85490532296E+002,  0.10092773295E+004,  0.21614118596E+004,  0.15591109031E-004,  0.11368653654E-002,  0.10000000000E+001
"TIME [sec]  0.62836300E+06"
"             A11 0",  0.25000000000E+000,  0.50000000000E+000, -0.50000000000E+000,  0.39959754903E+000,  0.60040245097E+000,  0.00000000000E+000,  0.35325898464E+007,  0.00000000000E+000,  0.85505822220E+002,  0.10092782938E+004,  0.21614118989E+004,  0.15591385947E-004,  0.11368650900E-002,  0.10000000000E+001
"             A11 1",  0.75000000000E+000,  0.50000000000E+000, -0.50000000000E+000,  0.39939510396E+000,  0.60060489604E+000,  0.00000000000E+000,  0.35325898464E+007,  0.00000000000E+000,  0.85505822220E+002,  0.10092782938E+004,  0.21614118989E+004,  0.15591385947E-004,  0.11368650900E-002,  0.10000000000E+001
"TIME [sec]  0.63709000E+06"
"             A11 0",  0.25000000000E+000,  0.50000000000E+000, -0.50000000000E+000,  0.39959664388E+000,  0.60040335612E+000,  0.00000000000E+000,  0.35330438162E+007,  0.00000000000E+000,  0.85521113329E+002,  0.10092792580E+004,  0.21614119381E+004,  0.15591662884E-004,  0.11368648146E-002,  0.10000000000E+001
"             A11 1",  0.75000000000E+000,  0.50000000000E+000, -0.50000000000E+000,  0.39939140307E+000,  0.60060859693E+000,  0.00000000000E+000,  0.35330438162E+007,  0.00000000000E+000,  0.85521113329E+002,  0.10092792580E+004,  0.21614119381E+004,  0.15591662884E-004,  0.11368648146E-002,  0.10000000000E+001
"TIME [sec]  0.64581800E+06"
"             A11 0",  0.25000000000E+000,  0.50000000000E+000, -0.50000000000E+000,  0.39959573877E+000,  0.60040426123E+000,  0.00000000000E+000,  0.35334978731E+007,  0.00000000000E+000,  0.85536407377E+002,  0.10092802221E+004,  0.21614119774E+004,  0.15591939875E-004,  0.11368645392E-002,  0.10000000000E+001
"             A11 1",  0.75000000000E+000,  0.50000000000E+000, -0.50000000000E+000,  0.39938770235E+000,  0.60061229765E+000,  0.00000000000E+000,  0.35334978731E+007,  0.00000000000E+000,  0.85536407377E+002,  0.10092802221E+004,  0.21614119774E+004,  0.15591939875E-004,  0.11368645392E-002,  0.10000000000E+001
"TIME [sec]  0.65454500E+06"
"             A11 0",  0.25000000000E+000,  0.50000000000E+000, -0.50000000000E+000,  0.39959483390E+000,  0.60040516610E+000,  0.00000000000E+000,  0.35339519133E+007,  0.00000000000E+000,  0.85551700859E+002,  0.10092811860E+004,  0.21614120166E+004,  0.15592216855E-004,  0.11368642638E-002,  0.10000000000E+001
"             A11 1",  0.75000000000E+000,  0.50000000000E+000, -0.50000000000E+000,  0.39938400263E+000,  0.60061599737E+000,  0.00000000000E+000,  0.35339519133E+007,  0.00000000000E+000,  0.85551700859E+002,  0.10092811860E+004,  0.21614120166E+004,  0.15592216855E-004,  0.11368642638E-002,  0.10000000000E+001
"TIME [sec]  0.66327200E+06"
"             A11 0",  0.25000000000E+000,  0.50000000000E+000, -0.50000000000E+000,  0.39959392917E+000,  0.60040607083E+000,  0.00000000000E+000,  0.35344059886E+007,  0.00000000000E+000,  0.85566995528E+002,  0.10092821498E+004,  0.21614120559E+004,  0.15592493857E-004,  0.11368639884E-002,  0.10000000000E+001
"             A11 1",  0.75000000000E+000,  0.50000000000E+000, -0.50000000000E+000,  0.39938030351E+000,  0.60061969649E+000,  0.00000000000E+000,  0.35344059886E+007,  0.00000000000E+000,  0.85566995528E+002,  0.10092821498E+004,  0.21614120559E+004,  0.15592493857E-004,  0.11368639884E-002,  0.10000000000E+001
"TIME [sec]  0.67200000E+06"
"             A11 0",  0.25000000000E+000,  0.50000000000E+000, -0.50000000000E+000,  0.39959302449E+000,  0.60040697551E+000,  0.00000000000E+000,  0.35348601513E+007,  0.00000000000E+000,  0.85582293135E+002,  0.10092831136E+004,  0.21614120952E+004,  0.15592770912E-004,  0.11368637129E-002,  0.10000000000E+001
"             A11 1",  0.75000000000E+000,  0.50000000000E+000, -0.50000000000E+000,  0.39937660455E+000,  0.60062339545E+000,  0.00000000000E+000,  0.35348601513E+007,  0.00000000000E+000,  0.85582293135E+002,  0.10092831136E+004,  0.21614120952E+004,  0.15592770912E-004,  0.11368637129E-002,  0.10000000000E+001
"TIME [sec]  0.68072700E+06"
"             A11 0",  0.25000000000E+000,  0.50000000000E+000, -0.50000000000E+000,  0.39959212006E+000,  0.60040787994E+000,  0.00000000000E+000,  0.35353142971E+007,  0.00000000000E+000,  0.85597590177E+002,  0.10092840772E+004,  0.21614121344E+004,  0.15593047957E-004,  0.11368634374E-002,  0.10000000000E+001
"             A11 1",  0.75000000000E+000,  0.50000000000E+000, -0.50000000000E+000,  0.39937290659E+000,  0.60062709341E+000,  0.00000000000E+000,  0.35353142971E+007,  0.00000000000E+000,  0.85597590177E+002,  0.10092840772E+004,  0.21614121344E+004,  0.15593047957E-004,  0.11368634374E-002,  0.10000000000E+001
"TIME [sec]  0.68945400E+06"
"             A11 0",  0.25000000000E+000,  0.50000000000E+000, -0.50000000000E+000,  0.39959121576E+000,  0.60040878424E+000,  0.00000000000E+000,  0.35357684781E+007,  0.00000000000E+000,  0.85612888405E+002,  0.10092850406E+004,  0.21614121737E+004,  0.15593325024E-004,  0.11368631619E-002,  0.10000000000E+001
"             A11 1",  0.75000000000E+000,  0.50000000000E+000, -0.50000000000E+000,  0.39936920923E+000,  0.60063079077E+000,  0.00000000000E+000,  0.35357684781E+007,  0.00000000000E+000,  0.85612888405E+002,  0.10092850406E+004,  0.21614121737E+004,  0.15593325024E-004,  0.11368631619E-002,  0.10000000000E+001
"TIME [sec]  0.69818100E+06"
"             A11 0",  0.25000000000E+000,  0.50000000000E+000, -0.50000000000E+000,  0.39959031161E+000,  0.60040968839E+000,  0.00000000000E+000,  0.35362226944E+007,  0.00000000000E+000,  0.85628187820E+002,  0.10092860040E+004,  0.21614122130E+004,  0.15593602111E-004,  0.11368628864E-002,  0.10000000000E+001
"             A11 1",  0.75000000000E+000,  0.50000000000E+000, -0.50000000000E+000,  0.39936551246E+000,  0.60063448754E+000,  0.00000000000E+000,  0.35362226944E+007,  0.00000000000E+000,  0.85628187820E+002,  0.10092860040E+004,  0.21614122130E+004,  0.15593602111E-004,  0.11368628864E-002,  0.10000000000E+001
"TIME [sec]  0.70690900E+06"
"             A11 0",  0.25000000000E+000,  0.50000000000E+000, -0.50000000000E+000,  0.39958940750E+000,  0.60041059250E+000,  0.00000000000E+000,  0.35366769980E+007,  0.00000000000E+000,  0.85643490175E+002,  0.10092869673E+004,  0.21614122522E+004,  0.15593879252E-004,  0.11368626108E-002,  0.10000000000E+001
"             A11 1",  0.75000000000E+000,  0.50000000000E+000, -0.50000000000E+000,  0.39936181584E+000,  0.60063818416E+000,  0.00000000000E+000,  0.35366769980E+007,  0.00000000000E+000,  0.85643490175E+002,  0.10092869673E+004,  0.21614122522E+004,  0.15593879252E-004,  0.11368626108E-002,  0.10000000000E+001
"TIME [sec]  0.71563600E+06"
"             A11 0",  0.25000000000E+000,  0.50000000000E+000, -0.50000000000E+000,  0.39958850364E+000,  0.60041149636E+000,  0.00000000000E+000,  0.35371312847E+007,  0.00000000000E+000,  0.85658791963E+002,  0.10092879304E+004,  0.21614122915E+004,  0.15594156383E-004,  0.11368623352E-002,  0.10000000000E+001
"             A11 1",  0.75000000000E+000,  0.50000000000E+000, -0.50000000000E+000,  0.39935812024E+000,  0.60064187976E+000,  0.00000000000E+000,  0.35371312847E+007,  0.00000000000E+000,  0.85658791963E+002,  0.10092879304E+004,  0.21614122915E+004,  0.15594156383E-004,  0.11368623352E-002,  0.10000000000E+001
"TIME [sec]  0.72436300E+06"
"             A11 0",  0.25000000000E+000,  0.50000000000E+000, -0.50000000000E+000,  0.39958759993E+000,  0.60041240007E+000,  0.00000000000E+000,  0.35375856067E+007,  0.00000000000E+000,  0.85674094938E+002,  0.10092888933E+004,  0.21614123308E+004,  0.15594433536E-004,  0.11368620597E-002,  0.10000000000E+001
"             A11 1",  0.75000000000E+000,  0.50000000000E+000, -0.50000000000E+000,  0.39935442522E+000,  0.60064557478E+000,  0.00000000000E+000,  0.35375856067E+007,  0.00000000000E+000,  0.85674094938E+002,  0.10092888933E+004,  0.21614123308E+004,  0.15594433536E-004,  0.11368620597E-002,  0.10000000000E+001
"TIME [sec]  0.73309000E+06"
"             A11 0",  0.25000000000E+000,  0.50000000000E+000, -0.50000000000E+000,  0.39958669635E+000,  0.60041330365E+000,  0.00000000000E+000,  0.35380399639E+007,  0.00000000000E+000,  0.85689399100E+002,  0.10092898562E+004,  0.21614123701E+004,  0.15594710709E-004,  0.11368617841E-002,  0.10000000000E+001
"             A11 1",  0.75000000000E+000,  0.50000000000E+000, -0.50000000000E+000,  0.39935073079E+000,  0.60064926921E+000,  0.00000000000E+000,  0.35380399639E+007,  0.00000000000E+000,  0.85689399100E+002,  0.10092898562E+004,  0.21614123701E+004,  0.15594710709E-004,  0.11368617841E-002,  0.10000000000E+001
"TIME [sec]  0.74181800E+06"
"             A11 0",  0.25000000000E+000,  0.50000000000E+000, -0.50000000000E+000,  0.39958579282E+000,  0.60041420718E+000,  0.00000000000E+000,  0.35384944085E+007,  0.00000000000E+000,  0.85704706202E+002,  0.10092908190E+004,  0.21614124094E+004,  0.15594987936E-004,  0.11368615084E-002,  0.10000000000E+001
"             A11 1",  0.75000000000E+000,  0.50000000000E+000, -0.50000000000E+000,  0.39934703653E+000,  0.60065296347E+000,  0.00000000000E+000,  0.35384944085E+007,  0.00000000000E+000,  0.85704706202E+002,  0.10092908190E+004,  0.21614124094E+004,  0.15594987936E-004,  0.11368615084E-002,  0.10000000000E+001
"TIME [sec]  0.75054500E+06"
"             A11 0",  0.25000000000E+000,  0.50000000000E+000, -0.50000000000E+000,  0.39958488954E+000,  0.60041511046E+000,  0.00000000000E+000,  0.35389488362E+007,  0.00000000000E+000,  0.85720012738E+002,  0.10092917817E+004,  0.21614124487E+004,  0.15595265153E-004,  0.11368612328E-002,  0.10000000000E+001
"             A11 1",  0.75000000000E+000,  0.50000000000E+000, -0.50000000000E+000,  0.39934334327E+000,  0.60065665673E+000,  0.00000000000E+000,  0.35389488362E+007,  0.00000000000E+000,  0.85720012738E+002,  0.10092917817E+004,  0.21614124487E+004,  0.15595265153E-004,  0.11368612328E-002,  0.10000000000E+001
"TIME [sec]  0.75927200E+06"
"             A11 0",  0.25000000000E+000,  0.50000000000E+000, -0.50000000000E+000,  0.39958398640E+000,  0.60041601360E+000,  0.00000000000E+000,  0.35394032991E+007,  0.00000000000E+000,  0.85735320461E+002,  0.10092927442E+004,  0.21614124880E+004,  0.15595542392E-004,  0.11368609571E-002,  0.10000000000E+001
"             A11 1",  0.75000000000E+000,  0.50000000000E+000, -0.50000000000E+000,  0.39933965060E+000,  0.60066034940E+000,  0.00000000000E+000,  0.35394032991E+007,  0.00000000000E+000,  0.85735320461E+002,  0.10092927442E+004,  0.21614124880E+004,  0.15595542392E-004,  0.11368609571E-002,  0.10000000000E+001
"TIME [sec]  0.76800000E+06"
"             A11 0",  0.25000000000E+000,  0.50000000000E+000, -0.50000000000E+000,  0.39958308330E+000,  0.60041691670E+000,  0.00000000000E+000,  0.35398578494E+007,  0.00000000000E+000,  0.85750631125E+002,  0.10092937067E+004,  0.21614125273E+004,  0.15595819683E-004,  0.11368606814E-002,  0.10000000000E+001
"             A11 1",  0.75000000000E+000,  0.50000000000E+000, -0.50000000000E+000,  0.39933595810E+000,  0.60066404190E+000,  0.00000000000E+000,  0.35398578494E+007,  0.00000000000E+000,  0.85750631125E+002,  0.10092937067E+004,  0.21614125273E+004,  0.15595819683E-004,  0.11368606814E-002,  0.10000000000E+001
"TIME [sec]  0.77672700E+06"
"             A11 0",  0.25000000000E+000,  0.50000000000E+000, -0.50000000000E+000,  0.39958218045E+000,  0.60041781955E+000,  0.00000000000E+000,  0.35403123828E+007,  0.00000000000E+000,  0.85765941222E+002,  0.10092946689E+004,  0.21614125666E+004,  0.15596096964E-004,  0.11368604057E-002,  0.10000000000E+001
"             A11 1",  0.75000000000E+000,  0.50000000000E+000, -0.50000000000E+000,  0.39933226660E+000,  0.60066773340E+000,  0.00000000000E+000,  0.35403123828E+007,  0.00000000000E+000,  0.85765941222E+002,  0.10092946689E+004,  0.21614125666E+004,  0.15596096964E-004,  0.11368604057E-002,  0.10000000000E+001
"TIME [sec]  0.78545400E+06"
"             A11 0",  0.25000000000E+000,  0.50000000000E+000, -0.50000000000E+000,  0.39958127774E+000,  0.60041872226E+000,  0.00000000000E+000,  0.35407669515E+007,  0.00000000000E+000,  0.85781252507E+002,  0.10092956311E+004,  0.21614126059E+004,  0.15596374267E-004,  0.11368601300E-002,  0.10000000000E+001
"             A11 1",  0.75000000000E+000,  0.50000000000E+000, -0.50000000000E+000,  0.39932857569E+000,  0.60067142431E+000,  0.00000000000E+000,  0.35407669515E+007,  0.00000000000E+000,  0.85781252507E+002,  0.10092956311E+004,  0.21614126059E+004,  0.15596374267E-004,  0.11368601300E-002,  0.10000000000E+001
"TIME [sec]  0.79418100E+06"
"             A11 0",  0.25000000000E+000,  0.50000000000E+000, -0.50000000000E+000,  0.39958037518E+000,  0.60041962482E+000,  0.00000000000E+000,  0.35412215554E+007,  0.00000000000E+000,  0.85796564978E+002,  0.10092965931E+004,  0.21614126452E+004,  0.15596651592E-004,  0.11368598543E-002,  0.10000000000E+001
"             A11 1",  0.75000000000E+000,  0.50000000000E+000, -0.50000000000E+000,  0.39932488537E+000,  0.60067511463E+000,  0.00000000000E+000,  0.35412215554E+007,  0.00000000000E+000,  0.85796564978E+002,  0.10092965931E+004,  0.21614126452E+004,  0.15596651592E-004,  0.11368598543E-002,  0.10000000000E+001
"TIME [sec]  0.80290900E+06"
"             A11 0",  0.25000000000E+000,  0.50000000000E+000, -0.50000000000E+000,  0.39957947266E+000,  0.60042052734E+000,  0.00000000000E+000,  0.35416762467E+007,  0.00000000000E+000,  0.85811880392E+002,  0.10092975552E+004,  0.21614126845E+004,  0.15596928969E-004,  0.11368595785E-002,  0.10000000000E+001
"             A11 1",  0.75000000000E+000,  0.50000000000E+000, -0.50000000000E+000,  0.39932119521E+000,  0.60067880479E+000,  0.00000000000E+000,  0.35416762467E+007,  0.00000000000E+000,  0.85811880392E+002,  0.10092975552E+004,  0.21614126845E+004,  0.15596928969E-004,  0.11368595785E-002,  0.10000000000E+001
"TIME [sec]  0.81163600E+06"
"             A11 0",  0.25000000000E+000,  0.50000000000E+000, -0.50000000000E+000,  0.39957857039E+000,  0.60042142961E+000,  0.00000000000E+000,  0.35421309211E+007,  0.00000000000E+000,  0.85827195238E+002,  0.10092985170E+004,  0.21614127238E+004,  0.15597206336E-004,  0.11368593027E-002,  0.10000000000E+001
"             A11 1",  0.75000000000E+000,  0.50000000000E+000, -0.50000000000E+000,  0.39931750606E+000,  0.60068249394E+000,  0.00000000000E+000,  0.35421309211E+007,  0.00000000000E+000,  0.85827195238E+002,  0.10092985170E+004,  0.21614127238E+004,  0.15597206336E-004,  0.11368593027E-002,  0.10000000000E+001
"TIME [sec]  0.82036300E+06"
"             A11 0",  0.25000000000E+000,  0.50000000000E+000, -0.50000000000E+000,  0.39957766826E+000,  0.60042233174E+000,  0.00000000000E+000,  0.35425856308E+007,  0.00000000000E+000,  0.85842511272E+002,  0.10092994786E+004,  0.21614127631E+004,  0.15597483725E-004,  0.11368590269E-002,  0.10000000000E+001
"             A11 1",  0.75000000000E+000,  0.50000000000E+000, -0.50000000000E+000,  0.39931381750E+000,  0.60068618250E+000,  0.00000000000E+000,  0.35425856308E+007,  0.00000000000E+000,  0.85842511272E+002,  0.10092994786E+004,  0.21614127631E+004,  0.15597483725E-004,  0.11368590269E-002,  0.10000000000E+001
"TIME [sec]  0.82909000E+06"
"             A11 0",  0.25000000000E+000,  0.50000000000E+000, -0.50000000000E+000,  0.39957676628E+000,  0.60042323372E+000,  0.00000000000E+000,  0.35430403757E+007,  0.00000000000E+000,  0.85857828494E+002,  0.10093004402E+004,  0.21614128024E+004,  0.15597761136E-004,  0.11368587511E-002,  0.10000000000E+001
"             A11 1",  0.75000000000E+000,  0.50000000000E+000, -0.50000000000E+000,  0.39931012952E+000,  0.60068987048E+000,  0.00000000000E+000,  0.35430403757E+007,  0.00000000000E+000,  0.85857828494E+002,  0.10093004402E+004,  0.21614128024E+004,  0.15597761136E-004,  0.11368587511E-002,  0.10000000000E+001
"TIME [sec]  0.83781800E+06"
"             A11 0",  0.25000000000E+000,  0.50000000000E+000, -0.50000000000E+000,  0.39957586434E+000,  0.60042413566E+000,  0.00000000000E+000,  0.35434952080E+007,  0.00000000000E+000,  0.85873148658E+002,  0.10093014018E+004,  0.21614128417E+004,  0.15598038599E-004,  0.11368584753E-002,  0.10000000000E+001
"             A11 1",  0.75000000000E+000,  0.50000000000E+000, -0.50000000000E+000,  0.39930644171E+000,  0.60069355829E+000,  0.00000000000E+000,  0.35434952080E+007,  0.00000000000E+000,  0.85873148658E+002,  0.10093014018E+004,  0.21614128417E+004,  0.15598038599E-004,  0.11368584753E-002,  0.10000000000E+001
"TIME [sec]  0.84654500E+06"
"             A11 0",  0.25000000000E+000,  0.50000000000E+000, -0.50000000000E+000,  0.39957496265E+000,  0.60042503735E+000,  0.00000000000E+000,  0.35439500234E+007,  0.00000000000E+000,  0.85888468254E+002,  0.10093023631E+004,  0.21614128810E+004,  0.15598316053E-004,  0.11368581994E-002,  0.10000000000E+001
"             A11 1",  0.75000000000E+000,  0.50000000000E+000, -0.50000000000E+000,  0.39930275490E+000,  0.60069724510E+000,  0.00000000000E+000,  0.35439500234E+007,  0.00000000000E+000,  0.85888468254E+002,  0.10093023631E+004,  0.21614128810E+004,  0.15598316053E-004,  0.11368581994E-002,  0.10000000000E+001
"TIME [sec]  0.85527200E+06"
"             A11 0",  0.25000000000E+000,  0.50000000000E+000, -0.50000000000E+000,  0.39957406111E+000,  0.60042593889E+000,  0.00000000000E+000,  0.35444048741E+007,  0.00000000000E+000,  0.85903789038E+002,  0.10093033243E+004,  0.21614129204E+004,  0.15598593527E-004,  0.11368579235E-002,  0.10000000000E+001
"             A11 1",  0.75000000000E+000,  0.50000000000E+000, -0.50000000000E+000,  0.39929906869E+000,  0.60070093131E+000,  0.00000000000E+000,  0.35444048741E+007,  0.00000000000E+000,  0.85903789038E+002,  0.10093033243E+004,  0.21614129204E+004,  0.15598593527E-004,  0.11368579235E-002,  0.10000000000E+001
"TIME [sec]  0.86400000E+06"
"             A11 0",  0.25000000000E+000,  0.50000000000E+000, -0.50000000000E+000,  0.39957315960E+000,  0.60042684040E+000,  0.00000000000E+000,  0.35448598122E+007,  0.00000000000E+000,  0.85919112766E+002,  0.10093042855E+004,  0.21614129597E+004,  0.15598871056E-004,  0.11368576476E-002,  0.10000000000E+001
"             A11 1",  0.75000000000E+000,  0.50000000000E+000, -0.50000000000E+000,  0.39929538263E+000,  0.60070461737E+000,  0.00000000000E+000,  0.35448598122E+007,  0.00000000000E+000,  0.85919112766E+002,  0.10093042855E+004,  0.21614129597E+004,  0.15598871056E-004,  0.11368576476E-002,  0.10000000000E+001
