Time (days),TimeElapsed,Gas Pressure (MPa),Water Injection Rate (kg/s)
0.0,0.0,,0.0
7.457337962965539,644314.0000002226,2.0012883548479996,0.0
14.9088773148178,1288127.000000258,2.0067961139439996,0.0
22.359490740738693,1931859.999999823,2.251891393716,0.0
29.834328703705978,2577686.0000001965,2.251891393716,0.0
37.31438657407125,3223962.999999756,1.5496521089759998,0.0
44.79480324074393,3870271.0000002757,1.5551598680719998,0.0
52.25971064814803,4515238.99999999,2.0136808128139996,0.0
59.74626157407329,5162076.999999932,2.024696331006,0.0
67.22817129629402,5808513.9999998035,2.02607327078,0.0
74.79355324074277,6462163.000000175,2.030204090102,0.0
82.29575231481431,7110352.999999956,2.0136808128139996,0.0
89.80577546296263,7759218.999999971,2.034334909424,0.0
97.22505787036789,8400244.999999786,2.0136808128139996,0.0
104.64618055555911,9041430.000000307,2.03295796965,0.0
112.0595486111124,9681945.000000112,2.0136808128139996,0.0
119.46910879629286,10322130.999999702,2.017811632136,0.0
126.89219907407096,10963485.999999732,2.03295796965,0.0
134.2999074074105,11603512.000000268,2.0219424514579996,0.0
141.6942013888911,12242379.00000019,2.020565511684,0.0
149.10567129629635,12882730.000000004,2.0136808128139996,0.0
156.51362268518278,13522776.999999791,2.034334909424,0.0
163.91723379629548,14162448.99999993,2.0136808128139996,0.0
171.33306712962803,14803176.999999862,2.023319391232,0.0
176.94677083333227,15288200.999999907,2.017811632136,0.0
180.64768518518395,15607959.999999892,2.0136808128139996,0.0
184.3543055555565,15928212.000000082,2.0136808128139996,0.0
188.04943287037167,16247471.000000112,2.017811632136,0.0
191.74791666666715,16567020.000000041,2.0976741390279994,0.0
195.41005787037284,16883429.000000212,2.0976741390279994,0.0
199.11583333333692,17203608.00000031,2.0976741390279994,0.0
202.82032407407678,17523676.000000235,2.0976741390279994,0.0
205.00371527778043,17712321.00000023,,0.0
205.19528935185372,17728873.00000016,2.0976741390279994,0.0
205.37932870370423,17744774.000000045,2.0976741390279994,0.0
205.56393518518598,17760724.000000067,2.0976741390279994,0.0
205.7487847222219,17776694.99999997,2.0976741390279994,0.0
205.93188657407154,17792514.99999978,2.0976741390279994,0.0
206.11685185185343,17808496.000000134,2.0976741390279994,0.0
206.30122685185052,17824425.999999885,2.103181898124,0.0
206.4863078703711,17840417.000000063,2.10868965722,2.7943221186607048e-08
206.67195601851563,17856456.99999975,2.1128204765420002,2.791148254418381e-08
206.8562152777813,17872377.000000305,2.1183282356379998,2.7955615200031786e-08
207.04210648148,17888437.999999873,2.1238359947339998,2.7924658365735976e-08
207.2270601851851,17904417.999999993,2.126589874282,2.7930475719441508e-08
207.41318287036847,17920498.999999836,2.1307206936039997,2.7939537093732996e-08
207.59813657407358,17936478.999999955,2.1362284526999997,2.794048535648753e-08
207.7843750000029,17952570.000000253,2.1403592720219997,2.7924111738967115e-08
207.96875,17968500.0,2.1444900913439997,2.7914005524609667e-08
208.15429398148262,17984531.000000097,2.1499978504399997,2.7957085771150462e-08
208.34052083333518,18000621.00000016,2.1541286697619997,2.7939727408217695e-08
208.52443287037022,18016510.999999985,2.1582594890839997,2.792811743265412e-08
208.71020833333023,18032561.99999973,2.1637672481799997,2.793610167635093e-08
208.89542824074306,18048565.0000002,2.1678980675019996,2.7924216458595276e-08
209.08178240741108,18064666.000000317,2.1775366459199996,4.5811956648324477e-08
209.26604166666948,18080586.000000242,2.1899291038859996,6.986189748776634e-08
209.45135416666744,18096597.000000067,2.200944622078,6.985338280008905e-08
209.63642361111124,18112587.00000001,2.2160909595920004,6.98613208257604e-08
209.82231481481722,18128648.00000021,2.229860357332,6.98484446787991e-08
210.00796296296176,18144687.999999896,2.243629755072,6.985233753253561e-08
210.19292824074364,18160669.00000025,2.256022213038,6.984677954917007e-08
210.37846064814948,18176699.000000115,2.269791610778,6.981633724325242e-08
210.5640046296321,18192730.000000216,2.282184068744,6.987567687561586e-08
210.74861111111386,18208680.00000024,2.297330406258,6.979855059551231e-08
210.9325231481489,18224570.000000067,2.3110998039979993,6.987331592271751e-08
211.11783564814687,18240580.99999989,2.3262461415119997,6.986136243910317e-08
211.30302083333663,18256581.000000283,2.3386385994779992,6.984953512327628e-08
211.48856481481198,18272611.999999754,2.3551618767659996,6.984781436198349e-08
211.67386574074044,18288621.999999974,2.3703082142799996,6.986572604526127e-08
211.8591782407384,18304632.9999998,2.38407761202,6.983547573619582e-08
212.0450578703676,18320692.99999976,2.4006008893079995,6.985279389804567e-08
212.23141203703562,18336793.999999877,2.4143702870479995,6.983143282975804e-08
212.41625000000204,18352764.000000175,2.430893564336,6.985488879017961e-08
212.6024768518546,18368854.00000024,2.4474168416239994,6.987123293943963e-08
212.78859953703795,18384935.00000008,2.462563179138,6.983301548480721e-08
212.9740162037051,18400955.00000012,2.4790864564260002,6.984798664151908e-08
213.16013888888847,18417035.999999963,2.4942327939399997,6.982901175367914e-08
213.34532407407096,18433035.99999973,2.5107560712279997,6.988946075101047e-08
213.5306365740762,18449047.000000183,2.5272793485159997,6.984339254066034e-08
213.71535879629664,18465007.00000003,2.5438026258039996,6.979074574001599e-08
213.90090277777927,18481038.000000127,2.5617028428659996,6.989161624310658e-08
214.08701388888585,18497117.99999974,2.57684918038,6.984918258874575e-08
214.2731249999997,18513197.999999974,2.596126337216,6.987107935221454e-08
214.45855324074364,18529219.00000025,2.615403494052,6.982968690972918e-08
214.64327546296408,18545179.000000097,2.63192677134,6.982875438663151e-08
214.82858796296205,18561189.99999992,2.651203928176,6.986733146038575e-08
215.01342592592846,18577160.00000022,2.6691041452379993,6.983491997365128e-08
215.19769675925636,18593080.99999975,2.6883813020739993,6.98415231475897e-08
215.38322916666948,18609111.000000242,2.7062815191359997,6.98939680577437e-08
215.56957175926073,18625211.000000127,2.725558675972,6.980996409987927e-08
215.7546527777813,18641202.000000305,2.744835832808,6.986299143189852e-08
215.9414583333346,18657342.000000108,2.766866869192,6.987417955475922e-08
216.12677083333256,18673352.999999933,2.7861440260279995,6.984735094698891e-08
216.31241898148437,18689393.00000025,2.8054211828639994,6.985039326545276e-08
216.49715277777432,18705353.999999702,2.826075279474,6.980837015464211e-08
216.68245370370278,18721363.999999918,2.84535243631,6.98696846961214e-08
216.86857638888614,18737444.99999976,2.8673834726939993,6.986279323493093e-08
217.05503472222335,18753555.000000097,2.8894145090779992,6.981814847775314e-08
217.24023148148262,18769556.000000097,2.9114455454619996,6.98730845572146e-08
217.4263425925892,18785635.99999971,2.933476581846,6.979569191710469e-08
217.61187500000233,18801666.0000002,2.95550761823,6.989597629230274e-08
217.7962615740762,18817597.000000183,2.977538654614,6.986569280028253e-08
217.98109953703533,18833566.99999985,3.000946630772,6.983095141034195e-08
218.16594907407125,18849537.999999754,3.0257315467039994,6.983659432764194e-08
218.35310185185517,18865708.000000287,3.0477625830879993,6.988265788267119e-08
218.5379513888911,18881679.00000019,3.0725474990199997,6.985051493373878e-08
218.72371527777432,18897728.999999702,3.097332414952,6.98387137715945e-08
218.90810185185546,18913660.000000313,3.12074039111,6.982363668051857e-08
219.0930555555533,18929639.999999806,3.146902246816,6.986116007730895e-08
219.2788194444438,18945689.999999944,3.173064102522,6.983269657260856e-08
219.46378472222568,18961671.000000298,3.200602898002,6.988668969246326e-08
219.64896990740817,18977671.000000067,3.2253878139339993,6.98136963760073e-08
219.83393518518278,18993651.99999979,3.2515496696399997,6.985074538635151e-08
220.01935185184993,19009671.999999836,3.2804654048939996,6.989175580504854e-08
220.2044328703705,19025663.00000001,3.3080042003739996,6.983103295527281e-08
220.38973379629897,19041673.00000023,3.335542995854,6.984580711958977e-08
220.57516203703562,19057693.999999877,3.3644587311079994,6.982372161692285e-08
220.76011574074073,19073674.0,3.394751406136,6.987903892311627e-08
220.94554398148466,19089695.000000276,3.4236671413899993,6.983370563515066e-08
221.13223379629926,19105825.000000257,3.452582876644,6.987203248613218e-08
221.31915509259125,19121974.999999885,3.4828755516719996,6.982892049696767e-08
221.50423611111182,19137966.00000006,3.514545166474,6.984896241559351e-08
221.68953703704028,19153976.00000028,3.544837841502,6.980992791909216e-08
221.87415509259154,19169926.99999991,3.5778843960779994,6.989615597929662e-08
222.06096064814483,19186066.999999713,3.6109309506539997,6.98346625783021e-08
222.24546296296467,19202008.00000015,3.6453544450040005,6.985789962797527e-08
222.43134259259386,19218068.00000011,3.6770240598059996,6.984684308858088e-08
222.61711805555387,19234118.999999855,3.711447554155999,6.986012223649194e-08
222.80230324074364,19250119.00000025,3.7458710485059994,6.983960087327665e-08
222.98783564814948,19266149.000000115,3.7830484224039997,6.983428583963708e-08
223.17395833333285,19282229.99999996,3.8188488565279997,6.987267744611223e-08
223.3576388888905,19298100.00000014,3.8560262304259996,6.983674820335454e-08
223.54329861111182,19314141.00000006,3.89182666455,6.986391234996191e-08
223.72894675925636,19330180.99999975,3.9317579179959994,6.985635149760542e-08
223.9135648148149,19346132.000000007,3.9716891714419993,6.980615773193346e-08
224.09874999999738,19362131.999999773,4.00198184647,5.902510087586587e-08
224.28359953704057,19378103.000000305,4.00198184647,2.1832045581892807e-09
224.46704861111357,19393953.000000212,4.00198184647,1.102982208207272e-09
224.65398148148233,19410104.000000075,4.006112665792,1.9455395950886943e-09
224.83951388888818,19426133.99999994,4.006112665792,3.2378389270380677e-09
225.02388888889254,19442064.000000317,4.00198184647,9.852863778802033e-10
225.21128472222335,19458255.000000097,4.00198184647,2.504282008557354e-09
225.3960069444438,19474214.999999944,4.00198184647,1.678998872196853e-09
225.58155092592642,19490246.000000045,4.00198184647,1.8426912856227872e-09
225.76719907407096,19506285.99999973,4.006112665792,2.3726923940619913e-09
225.95285879629955,19522327.000000283,4.00198184647,4.1165662987129363e-10
226.13954861111415,19538457.00000026,4.00198184647,1.0838355858661277e-09
226.3241550925959,19554407.000000287,4.00198184647,3.472119122250802e-09
226.50946759259386,19570418.00000011,4.006112665792,1.958592967356903e-09
226.69372685185226,19586338.000000037,4.00198184647,1.4467569095550758e-09
226.87961805555824,19602399.00000023,4.006112665792,3.0190648153515414e-10
227.0658449074108,19618489.00000029,4.00198184647,1.9826140459715766e-10
227.2524305555562,19634610.000000056,4.006112665792,5.738586936382794e-10
227.4373842592613,19650590.00000018,4.00198184647,3.0703774718158943e-09
227.6224652777746,19666580.999999724,4.00198184647,1.4362441373791663e-10
227.80788194444176,19682600.99999977,4.006112665792,1.4875235955015887e-09
227.99202546296146,19698510.99999987,4.006112665792,1.4156082966597623e-09
228.1765277777813,19714452.000000305,4.00198184647,1.4168311899735698e-09
228.36136574074044,19730421.999999974,4.006112665792,1.4222584846887257e-09
228.54644675926102,19746413.000000153,4.006112665792,1.1869931836529987e-09
228.73140046296612,19762393.000000272,4.006112665792,5.270483103838397e-10
228.91578703704,19778324.000000253,4.00198184647,1.4417796748491058e-09
229.09935185185168,19794183.999999985,4.00198184647,1.593044766735524e-09
229.2840856481489,19810145.000000067,4.00198184647,1.4950391579397086e-09
229.46973379629344,19826184.999999754,4.00198184647,2.973281920257173e-09
229.65457175925985,19842155.000000052,4.00198184647,2.818563807086789e-09
229.83791666666366,19857995.99999974,4.00198184647,4.032636828530407e-11
230.02275462963007,19873966.000000037,4.00198184647,1.338351659336852e-09
230.20853009259008,19890016.999999784,4.00198184647,4.769584449647438e-10
230.39383101851854,19906027.0,4.006112665792,1.5960903185281934e-09
230.577407407407,19921887.999999966,4.006112665792,2.477927495118154e-09
230.76143518518802,19937788.000000246,4.00198184647,1.6913454087754672e-09
230.9466319444473,19953789.000000246,4.006112665792,1.1025070933071897e-09
231.13309027777723,19969898.99999995,4.00198184647,2.376058348901928e-10
231.31723379629693,19985809.000000056,4.00198184647,3.6432881206535385e-09
231.50127314814745,20001709.99999994,4.006112665792,9.509581787386773e-10
231.68726851851534,20017779.999999724,4.00198184647,1.1275713752493568e-09
231.87200231481256,20033740.999999806,4.00198184647,7.774581793067002e-10
232.05869212962716,20049870.999999788,4.00198184647,4.5291828890245474e-10
232.24226851851563,20065731.99999975,4.00198184647,9.456818611815044e-11
232.42710648148204,20081702.00000005,4.00198184647,2.211310206596121e-09
232.61276620370336,20097742.99999997,4.00198184647,1.7540561062374814e-09
232.7981828703705,20113763.00000001,4.00198184647,1.7224453183454682e-09
232.9824421296289,20129682.999999937,4.00198184647,1.3506434673443366e-09
233.16694444444147,20145623.999999743,4.00198184647,1.7490301737863715e-09
233.35131944444583,20161554.00000012,4.00198184647,8.030317639492532e-10
233.5366319444438,20177564.999999944,4.00198184647,1.8649107488800518e-09
233.7206597222248,20193465.000000224,4.006112665792,1.5228562263872165e-09
233.90527777777606,20209415.99999985,4.006112665792,3.167912983586625e-09
234.0908101851819,20225445.999999717,4.007489605566,4.5768920773974055e-10
234.27519675925578,20241376.9999997,4.00198184647,1.4018705668142075e-10
234.46096064814628,20257426.99999984,4.00198184647,1.7352089719489786e-09
234.64684027777548,20273486.999999803,4.006112665792,2.3161176836900805e-09
234.83192129629606,20289477.999999978,4.006112665792,1.8612667125059608e-09
235.0165277777778,20305428.000000004,4.006112665792,8.760084012521924e-10
235.20114583333634,20321379.00000026,4.00198184647,1.2379646416955556e-09
235.38598379629548,20337348.99999993,4.00198184647,1.5981352536365602e-10
235.57199074074015,20353419.999999948,4.00198184647,1.6475589571252032e-09
235.75787037036935,20369479.99999991,4.00198184647,1.2515491905461143e-10
235.94179398148117,20385370.999999974,4.00198184647,2.573589956568566e-09
236.12674768518627,20401351.000000093,4.006112665792,2.275775969947281e-10
236.31146990740672,20417310.99999994,4.00198184647,2.2126957393703576e-09
236.4965509259273,20433302.00000012,4.00198184647,1.5899971233642284e-09
236.6824305555565,20449362.000000082,4.006112665792,2.7312336239165123e-09
236.86785879629315,20465382.999999728,4.006112665792,8.263504150981439e-10
237.05304398148292,20481383.000000123,4.006112665792,2.502299249937736e-09
237.23754629629548,20497323.99999993,4.00886654534,8.387014616499481e-09
237.42203703703854,20513264.00000013,4.014374304435999,8.383564742679182e-09
237.60641203703562,20529193.999999877,4.017128183984,8.38478581306666e-09
237.7913773148175,20545175.00000023,4.021259003306,8.380059945999868e-09
237.97702546296205,20561214.99999992,4.025389822627999,8.382977930336413e-09
238.16106481481256,20577115.999999806,4.02952064195,8.384071442108869e-09
238.34601851851767,20593095.999999925,4.033651461272,8.378506883540373e-09
238.53052083333023,20609036.99999973,4.03640534082,8.389034063210754e-09
238.7158217592587,20625046.99999995,4.040536160142,8.382788756911462e-09
238.90193287037255,20641127.000000186,4.0460439192379996,8.381956965051283e-09
239.08828703704057,20657228.000000305,4.05017473856,8.37702279355294e-09
239.2732407407384,20673207.9999998,4.0543055578819995,8.390531039065482e-09
239.45843749999767,20689208.9999998,4.0570594374299995,8.387503781013374e-09
239.64339120370278,20705188.999999918,4.0625671965259995,8.378506883542979e-09
239.82916666667006,20721240.000000294,4.0653210760739995,8.381244159045738e-09
240.0157407407387,20737359.99999982,4.069451895395999,8.38293808957456e-09
240.20173611111386,20753430.00000024,4.0735827147179995,8.385232233760437e-09
240.38693287037313,20769431.00000024,4.07771353404,8.383480032496388e-09
240.5722337962943,20785440.99999983,4.083221293135999,8.38077801395584e-09
240.75615740740614,20801331.99999989,4.085975172684,8.379345038040866e-09
240.9398379629638,20817202.00000007,4.088729052232,8.388341146720855e-09
241.123993055553,20833112.99999978,4.094236811328,8.386831877472381e-09
241.30917824074277,20849113.000000175,4.09836763065,8.379979999792066e-09
241.4956365740727,20865222.99999988,4.103875389745999,8.382271756825881e-09
241.67944444444583,20881104.00000012,4.105252329520001,8.388548831812614e-09
241.86370370370423,20897024.000000045,4.110760088616,8.38006846737516e-09
242.04855324074015,20912994.999999948,4.116267847712001,8.381275687233666e-09
242.23443287036935,20929054.99999991,4.120398667034,8.384502615213582e-09
242.41870370370452,20944976.00000007,4.121775606808,8.379542114104626e-09
242.60377314814832,20960966.000000015,4.128660305677999,8.387234021291251e-09
242.78792824073753,20976876.999999724,4.131414185226,8.382785368767234e-09
242.97346064815065,20992907.000000216,4.136921944322,8.384253773916427e-09
243.15853009259445,21008897.00000016,4.141052763644001,8.383270419039774e-09
243.34361111110775,21024887.99999971,4.143806643192001,8.382809080344534e-09
243.52925925925956,21040928.000000026,4.147937462514,8.382977930009326e-09
243.71341435184877,21056838.99999973,4.150691342062,8.380762114416187e-09
243.89836805555387,21072818.999999855,4.157576040932,8.37856983723088e-09
244.0832175925898,21088789.999999758,4.163083800028,8.39525928250132e-09
244.26770833333285,21104729.99999996,4.16721461935,8.379525595877458e-09
244.45325231481547,21120761.000000056,4.169968498898,8.381785415707104e-09
244.63878472222132,21136790.99999992,4.17409931822,8.382245539682919e-09
244.82396990741108,21152791.000000317,4.179607077316,8.38601599979382e-09
245.00986111110979,21168851.999999885,4.182360956864001,8.379971857519381e-09
245.19435185185284,21184792.000000086,4.186491776186,8.38154516927832e-09
245.37931712962745,21200772.999999814,4.191999535282,8.3860401728487e-09
245.56415509259386,21216743.00000011,4.1961303546040005,8.387784846431333e-09
245.74865740740643,21232683.999999914,4.200261173925999,8.378999937372465e-09
245.9347685185203,21248764.000000153,4.2043919932480005,8.380017537189248e-09
246.11949074074073,21264724.0,4.2098997523440005,8.38705225571918e-09
246.3054976851854,21280795.00000002,4.214030571666,8.382707361075768e-09
246.4905671296292,21296784.999999963,4.219538330761999,8.385283677326845e-09
246.67530092592642,21312746.000000045,4.225046089858,8.382492951527564e-09
246.85990740740817,21328696.000000067,4.2291769091799996,8.388337053279542e-09
247.0454513888908,21344727.000000164,4.23606160805,8.37576108784048e-09
247.23167824074335,21360817.000000224,4.241569367146,8.386688750746387e-09
247.41616898147913,21376756.9999998,4.2457001864679995,8.377506022808131e-09
247.6012499999997,21392747.999999974,4.252584885338,8.386772434401571e-09
247.78608796296612,21408718.000000272,4.255338764886,8.383816280369985e-09
247.97140046296408,21424729.000000097,4.260846523982001,8.384212978669756e-09
248.15600694444583,21440679.00000012,4.267731222852,8.382282131648419e-09
248.34178240740584,21456729.999999866,4.271862042174001,8.375290013216307e-09
248.5263888888876,21472679.99999989,4.277369801270001,8.386318746068878e-09
248.71158564814687,21488680.99999989,4.282877560366,8.379519155052907e-09
248.89769675926073,21504761.000000127,4.288385319462001,8.393843780970072e-09
249.08184027778043,21520671.00000023,4.292516138784001,8.373321810127865e-09
249.2670370370397,21536672.00000023,4.300777777427999,8.383480032497255e-09
249.45187499999884,21552641.9999999,4.303531656975999,8.387784846763736e-09
249.63672453703475,21568612.999999803,4.309039416071999,8.385244004807614e-09
249.82225694444787,21584643.000000298,4.314547175167999,8.384253773914478e-09
250.00722222222248,21600624.000000022,4.320054934264,8.38402578075938e-09
250.19310185185168,21616683.999999985,4.325562693359999,8.382498132025765e-09
250.37817129629548,21632673.99999993,4.331070452455999,8.383270419039774e-09
250.5637152777781,21648705.00000003,4.336578211551999,8.3757610878394e-09
250.7494791666686,21664755.000000168,4.342085970647999,8.3897266042887e-09
250.93444444444322,21680735.999999896,4.347593729744,8.384025780757424e-09
251.1203240740724,21696795.99999986,4.353101488839999,8.384439975114477e-09
251.30482638889225,21712737.00000029,4.357232308162001,8.381019383750997e-09
251.489432870374,21728687.000000313,4.362740067258,8.376353354218616e-09
251.67347222222452,21744588.000000197,4.369624766127999,8.390081755926347e-09
251.8587731481457,21760597.999999788,4.372378645675999,8.38077801395584e-09
252.0438425925895,21776587.99999973,4.379263344546,8.387234021292118e-09
252.22938657407212,21792618.999999832,4.3847711036420005,8.38172266228869e-09
252.4129513888911,21808479.00000019,4.388901922964,8.38360819653271e-09
252.5969907407416,21824380.000000075,4.393032742286,8.382046915349766e-09
252.78101851851534,21840279.999999724,4.398540501382,8.38662339641032e-09
252.96598379629722,21856261.000000082,4.39440968206,8.382011388338542e-09
253.15024305555562,21872181.000000007,4.39440968206,8.382027386972578e-09
253.33612268518482,21888240.99999997,4.397163561607999,8.382498132023173e-09
253.52108796295943,21904221.999999695,4.399917441156001,8.38402578075938e-09
253.7046527777784,21920082.000000052,4.4012943809300005,8.383608196531835e-09
253.8879976851822,21935922.999999743,4.404048260478,8.385598384104943e-09
254.07318287037197,21951923.000000138,4.408179079799999,8.374069749793603e-09
254.25768518518453,21967863.999999944,4.413686838896,8.387014616499481e-09
254.44252314815094,21983834.000000242,4.416440718444,8.387784846430463e-09
254.62736111111008,21999803.99999991,4.419194597992001,8.381800501113093e-09
254.81313657407736,22015855.000000283,4.424702357088,8.375290012889744e-09
254.9977430555591,22031805.000000305,4.42883317641,8.388273981179753e-09
255.18212962963298,22047736.00000029,4.432963995732001,8.384322641399195e-09
255.36731481481547,22063736.000000056,4.43571787528,8.384004000122264e-09
255.55355324073753,22079826.999999724,4.437094815054,8.38416692578415e-09
255.7387384259273,22095827.00000012,4.443979513924001,8.382054874792127e-09
255.92415509259445,22111847.00000016,4.446733393472001,8.385468414460246e-09
256.10888888889167,22127808.00000024,4.4536180923419995,8.380539063928213e-09
256.29418981481285,22143817.99999983,4.45637197189,8.384736664798354e-09
256.47915509259474,22159799.000000186,4.459125851437999,8.382011388337674e-09
256.66329861111444,22175709.000000287,4.463256670760001,8.385335637908918e-09
256.8480324074044,22191669.99999974,4.467387490082,8.382555980490846e-09
257.03310185185546,22207660.000000313,4.474272188952001,8.3832704187097e-09
257.2186342592613,22223690.00000018,4.477026068500001,8.382245539683784e-09
257.405104166668,22239801.00000012,4.481156887822,8.38368717028753e-09
257.5905208333352,22255821.00000016,4.48391076737,8.38352172282624e-09
257.77502314814774,22271761.999999963,4.489418526465999,8.381019384081126e-09
257.9593981481448,22287691.999999713,4.492172406014,8.382828123170223e-09
258.14320601851796,22303572.99999995,4.499057104884001,8.386585101566916e-09
258.32839120370045,22319572.999999717,4.501810984432001,8.381992000124204e-09
258.5134606481515,22335563.00000029,4.505941803754,8.385283676995822e-09
258.6985416666648,22351553.99999984,4.51144956285,8.380795947956875e-09
258.883958333332,22367573.99999988,4.512826502624001,8.383458926322391e-09
259.0693865740759,22383595.000000156,4.518334261720001,8.380989076691318e-09
259.25399305555766,22399545.000000183,4.523842020816,8.38631874606866e-09
259.4391898148169,22415546.000000183,4.527972840138,8.381531029309666e-09
259.62321759259066,22431445.999999832,4.529349779912001,8.3825740882346e-09
259.8088657407425,22447486.00000015,4.534857539008001,8.382977930010191e-09
259.99417824074044,22463496.999999974,4.543119177652,8.384275810471504e-09
260.1797106481463,22479526.99999984,4.545873057200001,8.3861992514734e-09
260.3629398148114,22495357.999999706,4.551380816296,8.38288850995655e-09
260.5470833333311,22511267.999999806,4.5541346958440005,8.381288874868172e-09
260.7335532407378,22527378.999999747,4.5568885753920005,8.38368717028839e-09
260.9187384259276,22543379.00000014,4.5623963344880005,8.376018874792976e-09
261.1045138888876,22559429.99999989,4.566527153809999,8.391209519788539e-09
261.28969907407736,22575430.000000283,4.569281033357999,8.380042874793277e-09
261.47476851852116,22591420.000000227,4.572034912906,8.387234021292118e-09
261.6612384259279,22607531.000000168,4.577542672001999,8.3816890323687e-09
261.84572916666366,22623470.99999974,4.58029655155,8.385584316411245e-09
262.03011574073753,22639401.999999724,4.585804310646,8.37428221706991e-09
262.2151851851886,22655392.000000294,4.5899351299680005,8.391260537536957e-09
262.39957175926247,22671323.000000276,4.5954428890640004,8.38223877974766e-09
262.58406249999825,22687262.99999985,4.598196768612,8.375612672744532e-09
262.76972222221957,22703303.99999977,4.6037045277079995,8.390420048668109e-09
262.9560648148181,22719404.000000283,4.606458407256,8.381479627063e-09
263.1427546296327,22735534.000000264,4.613343106126,8.3856617483046e-09
263.32656249999854,22751414.999999873,4.617473925448,8.380567218894569e-09
263.51082175925694,22767334.9999998,4.62160474477,8.386071608079398e-09
263.69555555555417,22783295.99999988,4.625735564092,8.382492951526694e-09
263.8800462962972,22799236.000000082,4.629866383414001,8.383564742679182e-09
264.0651273148178,22815227.000000257,4.633997202736,8.382746169629015e-09
264.25077546296234,22831266.999999948,4.638128022058,8.383040648539517e-09
264.4351620370362,22847197.99999993,4.64225884138,8.37623978408075e-09
264.61988425925665,22863157.999999776,4.64914354025,8.389069298323742e-09
264.8053009259238,22879177.999999817,4.64914354025,8.385468414460246e-09
264.9904976851831,22895178.999999817,4.656028239119999,8.381531029312266e-09
265.17649305555824,22911249.00000023,4.661535998215999,8.383228997916888e-09
265.3609953703708,22927190.000000037,4.664289877764,8.383038830789572e-09
265.54548611111386,22943130.00000024,4.66979763686,8.381545169280061e-09
265.73056712962716,22959120.999999788,4.672551516407999,8.384759302343885e-09
265.9159837962943,22975140.99999983,4.678059275504,8.379502746545332e-09
266.10221064814687,22991230.99999989,4.683567034599999,8.386688750745525e-09
266.2870601851828,23007201.99999979,4.686320914147999,8.385306993977565e-09
266.4727083333346,23023242.000000108,4.690451733470001,8.382977930008461e-09
266.65952546296467,23039383.00000015,4.694582552791999,8.381941391466679e-09
266.8450578703705,23055413.00000001,4.698713372114001,8.384253774246581e-09
267.030821759261,23071463.000000153,4.702844191435999,8.381766355066049e-09
267.216134259259,23087473.999999978,4.706975010758001,8.384212978667155e-09
267.4010879629641,23103454.000000097,4.711105830079999,8.384550437986155e-09
267.58489583332994,23119334.999999706,4.713859709628,8.38253094913947e-09
267.7685763888876,23135204.99999989,4.715236649402001,8.38238248257439e-09
267.9542361111089,23151245.99999981,4.720744408498,8.382455333250652e-09
268.13814814815123,23167136.00000027,4.727629107367999,8.377783133805303e-09
268.32460648148117,23183245.999999974,4.729006047142001,8.390139913249854e-09
268.5095717592558,23199226.9999997,4.733136866464,8.376031162149185e-09
268.69406249999884,23215166.9999999,4.737267685786,8.391579924612655e-09
268.87891203703475,23231137.999999803,4.7427754448820005,8.381275687232797e-09
269.0632870370391,23247068.00000018,4.7455293244300005,8.386806653914293e-09
269.2482523148137,23263048.999999907,4.749660143752,8.379996996575739e-09
269.4334375000035,23279049.0000003,4.7524140233,8.384066874793579e-09
269.61815972222394,23295009.00000015,4.755167902848,8.383018170505706e-09
269.804398148146,23311099.999999814,4.7592987221700005,8.382228823741143e-09
269.9886574074044,23327019.99999974,4.764806481266,8.382027386972578e-09
270.17547453703446,23343160.999999776,4.768937300588001,8.381941391470333e-09
270.3606597222242,23359161.00000017,4.77306811991,8.384003999792368e-09
270.54631944444554,23375202.000000097,4.775821999458,8.38251804754194e-09
270.731620370374,23391212.000000313,4.777198939232001,8.386747407755771e-09
270.91704861111066,23407232.999999963,4.779952818780001,8.375023781470037e-09
271.10188657407707,23423203.00000026,4.782706698328,8.383816280370855e-09
271.2876504629603,23439252.99999977,4.782706698328,8.387658193402664e-09
271.4723842592575,23455213.99999985,4.782706698328,8.388543700225918e-09
271.657685185186,23471224.000000067,4.782706698328,8.380778013628227e-09
271.84311342592264,23487244.999999717,4.7840836381019995,8.3829984397317e-09
272.027488425927,23503175.000000093,4.7840836381019995,8.38080728166013e-09
272.21290509259416,23519195.000000134,4.788214457424001,8.383521722825373e-09
272.39706018518336,23535105.999999844,4.782706698328,8.3848086231185e-09
272.58224537037313,23551106.00000024,4.785460577876001,8.384003999791501e-09
272.7677893518485,23567136.99999971,4.781329758554,8.381722662620455e-09
272.95366898148495,23583197.000000298,4.778575879006,8.38450261488425e-09
273.14025462963036,23599318.000000063,4.778575879006,8.382418088329321e-09
273.3265972222216,23615417.999999948,4.774445059684,8.38347913049526e-09
273.5126041666663,23631488.999999966,4.7703142403620005,8.380704249881927e-09
273.69697916666337,23647418.999999717,4.7703142403620005,8.384848964351055e-09
273.8827430555539,23663468.999999855,4.764806481266,8.385715140113879e-09
274.0690972222219,23679569.99999997,4.764806481266,8.378959691885309e-09
274.25370370370365,23695519.999999996,4.755167902848,8.38631874606692e-09
274.4382060185162,23711460.9999998,4.749660143752,8.375024151662554e-09
274.6248958333308,23727590.999999784,4.744152384656,8.391586732805143e-09
274.81032407407474,23743612.00000006,4.7400215653340005,8.382998439401624e-09
274.99689814815065,23759732.000000216,4.727629107367999,8.384935111582857e-09
275.18082175926247,23775623.000000276,4.709728890306,8.3792817317674e-09
275.366469907407,23791662.999999966,4.684943974374001,8.384984912877265e-09
275.55188657407416,23807683.000000007,4.664289877764,8.385531210966694e-09
275.7371990740721,23823693.999999832,4.656028239119999,8.382265192771383e-09
275.9214583333305,23839613.999999758,4.654651299346,8.388030527677688e-09
276.105613425927,23855525.000000093,4.651897419798001,8.374818804423496e-09
276.28964120370074,23871424.999999743,4.646389660702001,8.390609434147185e-09
276.475416666668,23887476.00000012,4.640881901606,8.37127879863293e-09
276.6596759259264,23903396.000000045,4.633997202736,8.388093718631066e-09
276.8442824074082,23919346.000000067,4.624358624318001,8.3782455172297e-09
277.0290162037054,23935307.000000145,4.618850865222001,8.39056061646182e-09
277.2133912037025,23951236.999999896,4.6147200458999995,8.382828123170223e-09
277.39835648148437,23967218.00000025,4.609212286804,8.383962830675046e-09
277.5831944444435,23983187.999999918,4.605081467482,8.381800501113962e-09
277.7683912037028,23999188.999999918,4.602327587934,8.385491906756615e-09
277.9534606481466,24015178.999999866,4.599573708386,8.383270419037821e-09
278.13854166666715,24031170.00000004,4.5954428890640004,8.382746169629015e-09
278.32361111111095,24047159.999999985,4.591312069742,8.38327041904151e-09
278.5089120370394,24063170.000000205,4.588558190194,8.378830106067372e-09
278.6929513888899,24079071.00000009,4.585804310646,8.388057229167244e-09
278.8782523148184,24095081.00000031,4.583050431098,8.382788756911462e-09
279.0640277777784,24111132.000000052,4.58029655155,8.379238552250207e-09
279.24932870370685,24127142.000000272,4.58029655155,8.38674740775382e-09
279.4346412037048,24143153.000000097,4.578919611776,8.378243957371144e-09
279.6187847222245,24159063.000000197,4.58029655155,8.389319170281143e-09
279.8040972222225,24175074.000000022,4.578919611776,8.376296171471904e-09
279.9889351851816,24191043.99999969,4.578919611776,8.389800626347662e-09
280.1748263888876,24207104.99999989,4.58029655155,8.381976215576027e-09
280.3588541666686,24223005.000000168,4.583050431098,8.382574087902685e-09
280.5440393518511,24239004.999999933,4.5844273708720005,8.381992000124204e-09
280.7298148148184,24255056.00000031,4.577542672001999,8.385192698076672e-09
280.91442129629286,24271005.999999702,4.572034912906,8.38032689687007e-09
281.098807870374,24286937.000000313,4.5568885753920005,8.382301926739577e-09
281.2841087962952,24302946.999999903,4.551380816296,8.384736664800954e-09
281.4703472222245,24319038.000000197,4.544496117426,8.38422944487574e-09
281.6563541666692,24335109.000000216,4.544496117426,8.382707361076632e-09
281.8446643518546,24351379.00000024,4.541742237877999,8.382137922544819e-09
282.03159722222335,24367530.000000097,4.540365298104001,8.384599839095018e-09
282.21806712963007,24383641.000000037,4.536234478782,8.3816890323687e-09
282.4052314814835,24399812.000000175,4.53898835833,8.38418353836179e-09
282.5919212962981,24415942.000000156,4.537611418556,8.3856617483046e-09
282.7783912037048,24432053.000000097,4.534857539008001,8.37969089444987e-09
282.96462962962687,24448143.99999976,4.534857539008001,8.382228823739417e-09
283.1517824074108,24464314.00000029,4.533480599234,8.384639826565443e-09
283.3391782407416,24480505.000000075,4.534857539008001,8.38364399986582e-09
283.52611111111037,24496655.999999937,4.534857539008001,8.382668936979738e-09
283.7125694444476,24512766.000000272,4.533480599234,8.380211048862365e-09
283.9007754629638,24529027.00000007,4.529349779912001,8.384859356847761e-09
284.0881712962946,24545217.999999855,4.530726719685999,8.38755839675223e-09
284.2763657407413,24561478.00000005,4.530726719685999,8.381415375055261e-09
284.4630671296327,24577609.000000264,4.526595900364001,8.385141900575616e-09
284.6503472222248,24593790.000000224,4.529349779912001,8.378939867767256e-09
284.83761574074015,24609969.999999948,4.529349779912001,8.383436959349473e-09
285.0239699074082,24626071.000000067,4.526595900364001,8.382958449725729e-09
285.21148148148495,24642272.000000298,4.529349779912001,8.384368248751386e-09
285.39898148148495,24658472.000000298,4.526595900364001,8.386810864200346e-09
285.58487268518365,24674532.999999866,4.525218960589999,8.378030135332274e-09
285.7708796296283,24690603.99999989,4.527972840138,8.382707361074688e-09
285.95826388888963,24706794.000000063,4.525218960589999,8.38608807897002e-09
286.14311342592555,24722764.999999966,4.526595900364001,8.38329134060692e-09
286.33039351851767,24738945.999999925,4.526595900364001,8.382918855468431e-09
286.5175462962943,24755115.99999983,4.523842020816,8.384639826889965e-09
286.70378472222365,24771207.000000123,4.525218960589999,8.380228201947171e-09
286.89268518518656,24787528.00000012,4.527972840138,8.383312787208608e-09
287.08030092592526,24803737.99999994,4.523842020816,8.383622948889534e-09
287.26607638889254,24819789.000000317,4.525218960589999,8.3851926980784e-09
287.45254629629926,24835900.000000257,4.525218960589999,8.381751474178987e-09
287.6390046296292,24852009.999999963,4.522465081042,8.384145127404863e-09
287.8239699074111,24867991.000000317,4.521088141268,8.382011388337024e-09
288.0099768518485,24884061.99999971,4.523842020816,8.38270736140135e-09
288.1966666666631,24900191.99999969,4.521088141268,8.385724116561126e-09
288.3846412037019,24916432.999999844,4.521088141268,8.37938969267548e-09
288.57168981481664,24932594.000000156,4.518334261720001,8.393293112888586e-09
288.7603472222254,24948894.000000276,4.521088141268,8.378437055150879e-09
288.9461226851854,24964945.00000002,4.516957321946,8.309669055021844e-09
289.135254629633,24981286.00000029,4.514203442397999,8.433568692107093e-09
289.3212500000009,24997356.000000075,4.515580382172,8.385232234087435e-09
289.50829861110833,25013516.99999976,4.516957321946,8.383395582120698e-09
289.69627314814716,25029757.999999914,4.518334261720001,8.38335398058658e-09
289.88273148148437,25045868.00000025,4.516957321946,8.382271756496582e-09
290.0689699074064,25061958.999999914,4.515580382172,8.384166925787817e-09
290.2549768518511,25078029.999999933,4.514203442397999,8.382707361076632e-09
290.440972222219,25094099.99999972,4.51144956285,8.383228998241647e-09
290.6265162037016,25110130.99999982,4.51144956285,8.38373077157843e-09
290.81275462963094,25126222.00000011,4.505941803754,8.38616754692428e-09
290.99945601851505,25142352.999999702,4.500434044658,8.379217283704266e-09
291.18753472222306,25158603.000000075,4.50456486398,8.384592122885447e-09
291.372847222221,25174613.999999896,4.499057104884001,8.3822651927716e-09
291.56151620370656,25190915.000000246,4.496303225336,8.387735598864725e-09
291.74936342592264,25207144.999999717,4.493549345788,8.37918040692729e-09
291.93560185185197,25223236.00000001,4.493549345788,8.382228823411457e-09
292.1226504629594,25239396.999999695,4.493549345788,8.383395582120913e-09
292.30945601852,25255537.000000127,4.489418526465999,8.384392936580938e-09
292.49627314815007,25271678.000000164,4.490795466240001,8.383935815604809e-09
292.68309027778014,25287819.000000205,4.490795466240001,8.38194139146496e-09
292.8701388888876,25303979.99999989,4.489418526465999,8.383395582120913e-09
293.05636574074015,25320069.999999948,4.489418526465999,8.3866887507438e-09
293.2432986111089,25336220.99999981,4.489418526465999,8.378744845592978e-09
293.42942129629955,25352302.000000283,4.490795466240001,8.383437596916969e-09
293.61645833333023,25368461.99999973,4.489418526465999,8.383914356721775e-09
293.803969907407,25384662.999999966,4.492172406014,8.38238121091683e-09
293.99101851852174,25400824.00000028,4.489418526465999,8.385387537736517e-09
294.1781828703679,25416994.999999784,4.490795466240001,8.382192814557082e-09
294.3653356481518,25433165.000000317,4.489418526465999,8.382648979311527e-09
294.55238425925927,25449326.0,4.490795466240001,8.38339558212263e-09
294.7397800925901,25465516.999999784,4.486664646917999,8.383643999864106e-09
294.92855324073753,25481826.999999724,4.489418526465999,8.383107173545723e-09
295.1158333333369,25498008.00000031,4.489418526465999,8.386835671162039e-09
295.3036921296298,25514239.000000015,4.489418526465999,8.38064752649091e-09
295.48958333333576,25530300.00000021,4.489418526465999,8.381976215576244e-09
295.6760416666657,25546409.999999918,4.486664646917999,8.386205835037221e-09
295.8634374999965,25562600.9999997,4.489418526465999,8.38557013166625e-09
296.04979166666453,25578701.999999814,4.490795466240001,8.379022172478643e-09
296.23717592592584,25594891.999999993,4.488041586692,8.382173440299665e-09
296.42353009259386,25610993.00000011,4.488041586692,8.382895969134119e-09
296.6091898148152,25627034.00000003,4.489418526465999,8.382518047544968e-09
296.79774305555475,25643324.99999993,4.488041586692,8.385041802273612e-09
296.98454861110804,25659464.999999736,4.486664646917999,8.382460718812327e-09
297.2995254629641,25686679.000000097,4.486664646917999,8.383801572608368e-09
297.4847106481466,25702678.999999866,4.486664646917999,8.378030875121271e-09
297.67152777777665,25718819.999999903,4.481156887822,8.3917888606472e-09
297.85717592592846,25734860.00000022,4.488041586692,8.381033665668194e-09
298.0427199074111,25750891.000000317,4.488041586692,8.383730771580378e-09
298.2276736111089,25766870.99999981,4.489418526465999,8.38253592016615e-09
298.41229166666744,25782822.000000067,4.490795466240001,8.383774810221847e-09
298.5978240740733,25798851.999999933,4.490795466240001,8.384253774242902e-09
298.78221064814716,25814782.999999914,4.492172406014,8.382301927070836e-09
298.96820601851505,25830852.999999702,4.492172406014,8.381225762401258e-09
299.153634259259,25846873.999999978,4.485287707144001,8.382998439401624e-09
299.3368518518546,25862704.00000024,4.485287707144001,8.383354516604415e-09
299.5235532407387,25878834.99999982,4.489418526465999,8.389133221961565e-09
299.71035879629926,25894975.000000257,4.489418526465999,8.378471623070804e-09
299.89532407407387,25910955.99999998,4.486664646917999,8.379996996577693e-09
300.0799305555556,25926906.000000007,4.489418526465999,8.388337053279324e-09
300.2650115740762,25942897.000000183,4.489418526465999,8.38274616962728e-09
300.4508912037054,25958957.000000145,4.488041586692,8.384502615212719e-09
300.63608796296467,25974958.00000015,4.485287707144001,8.377507280795066e-09
300.82115740740846,25990948.00000009,4.488041586692,8.385283677327062e-09
301.0068171296298,26006989.000000015,4.481156887822,8.37850433268584e-09
301.193159722221,26023088.999999896,4.482533827596,8.389352670871119e-09
301.37789351851825,26039049.999999978,4.479779948048,8.384572896390667e-09
301.56388888888614,26055119.99999976,4.479779948048,8.381225762404927e-09
301.75024305555417,26071220.99999988,4.481156887822,8.382958449720557e-09
301.935891203706,26087261.000000197,4.477026068500001,8.380970947466823e-09
302.1201620370339,26103181.999999728,4.478403008274,8.387566861624183e-09
302.3048842592616,26119142.0000002,4.479779948048,8.381064160153422e-09
302.49100694444496,26135223.000000045,4.482533827596,8.383437597246908e-09
302.67607638888876,26151212.99999999,4.482533827596,8.381257160752704e-09
302.86034722222394,26167134.00000015,4.478403008274,8.383586081193355e-09
303.0456481481451,26183143.99999974,,0.0
303.23119212962774,26199174.999999836,,0.0
303.41869212962774,26215374.999999836,,0.0
303.60666666666657,26231615.999999993,,0.0
303.7937037037045,26247776.00000007,,0.0
303.98109953703533,26263966.99999985,,0.0
304.16848379629664,26280157.00000003,,0.0
304.3561111111121,26296368.000000086,,0.0
304.54233796296467,26312458.00000015,,0.0
304.72903935184877,26328588.99999973,,0.0
304.9164236111101,26344778.99999991,,0.0
305.1011574074073,26360739.999999993,,0.0
305.28807870370656,26376890.000000246,,0.0
305.47408564815123,26392961.00000027,,0.0
305.6603124999965,26409050.9999997,,0.0
305.8475925925959,26425232.000000287,,0.0
306.0342824074105,26441362.00000027,,0.0
306.22063657407125,26457462.999999754,,0.0
306.4057175925918,26473453.999999933,,0.0
306.5924074074064,26489583.999999914,,0.0
306.7789930555591,26505705.000000305,,0.0
306.9691550925927,26522135.000000007,,0.0
307.1571296296315,26538376.000000164,,0.0
307.3432407407381,26554455.999999773,,0.0
307.5292476851828,26570526.99999979,,0.0
307.7164004629594,26586696.999999695,,0.0
307.90194444444205,26602727.99999979,,0.0
308.0899074074041,26618967.999999713,4.017128183984,0.0
308.2757986111101,26635028.99999991,4.040536160142,8.385922296141277e-09
308.46109953703854,26651039.00000013,4.0543055578819995,8.378830106069104e-09
308.6472106481451,26667118.99999974,4.0625671965259995,8.38990236338725e-09
308.8332175925898,26683189.999999758,4.0708288351699995,8.380704249881927e-09
309.02025462962774,26699349.999999836,4.0763365942659995,8.383914356396865e-09
309.2048726851863,26715301.000000093,4.085975172684,8.381819697689459e-09
309.39098379629286,26731380.999999702,4.092859871554,8.383958955425359e-09
309.5757175925901,26747341.999999784,4.102498449972001,8.384509867761507e-09
309.7604398148178,26763302.000000257,4.109383148842,8.381064160151684e-09
309.94598379629315,26779332.999999728,4.117644787485999,8.385738881194898e-09
310.13093749999825,26795312.99999985,4.12590642613,8.382535919835896e-09
310.3161342592575,26811313.99999985,4.134168064774,8.383480032496388e-09
310.5021296296327,26827384.000000264,4.142429703418,8.37922252623281e-09
310.68825231481605,26843465.000000108,4.149314402288001,8.38543946279973e-09
310.8744791666686,26859555.000000168,4.156199101157999,8.382749782443053e-09
311.06083333333663,26875656.000000283,4.164460739802,8.384895348057238e-09
311.2461342592578,26891665.999999873,4.168591559124001,8.382788757237638e-09
311.43075231481635,26907617.000000134,4.176853197768001,8.383774810221628e-09
311.6177893518543,26923777.000000212,4.186491776186,8.379992450453659e-09
311.80391203703766,26939858.000000052,4.193376475056,8.381435731692574e-09
311.98886574074277,26955838.000000175,4.2016381137,8.386564956129032e-09
312.17417824074073,26971849.0,4.205768933022,8.380254575073865e-09
312.3593634259232,26987848.999999765,4.216784451214,8.386016000122062e-09
312.54583333332994,27003959.999999706,4.225046089858,8.385622866396073e-09
312.7326388888905,27020100.00000014,4.2346846682759995,8.380466170777219e-09
312.9184143518505,27036150.999999885,4.24294630692,8.379238552250207e-09
313.103715277779,27052161.000000104,4.247077126242,8.386810243481834e-09
313.28914351851563,27068181.99999975,4.258092644434001,8.386954372571941e-09
313.4725925925959,27084032.000000287,4.267731222852,8.37880580413304e-09
313.65964120370336,27100192.99999997,4.274615921722001,8.383395582119194e-09
313.8451736111092,27116222.999999836,4.281500620592,8.386262008805482e-09
314.0311805555539,27132293.999999855,4.287008379688,8.38471047226961e-09
314.216597222221,27148313.999999896,4.295270018332,8.381512234684054e-09
314.4016782407416,27164305.000000075,4.303531656975999,8.37676968285176e-09
314.5874421296321,27180355.000000216,4.304908596750001,8.387720872203233e-09
314.7725231481454,27196345.99999976,4.300777777427999,8.38475930234497e-09
314.95793981481256,27212365.999999806,4.302154717202001,8.383458926319576e-09
315.14371527777985,27228417.00000018,4.304908596750001,8.389203912334352e-09
315.32866898148495,27244397.000000298,4.304908596750001,8.378569837231965e-09
315.5123611111121,27260268.000000086,4.309039416071999,8.379762585960376e-09
315.69835648148,27276337.999999873,4.314547175167999,8.385232234087218e-09
315.8840162037013,27292378.999999795,4.315924114942001,8.380511190116269e-09
316.0690856481451,27308368.99999974,4.31867799449,8.379306816790902e-09
316.2535763888882,27324308.99999994,4.321431874038001,8.387540777810931e-09
316.4399305555562,27340410.000000056,4.325562693359999,8.386894726974969e-09
316.62615740740875,27356500.000000115,4.328316572908,8.378748290832112e-09
316.81100694444467,27372471.00000002,4.332447392230001,8.383291340608657e-09
316.99711805555853,27388551.000000257,4.336578211551999,8.381956965046752e-09
317.1824305555565,27404562.000000082,4.3393320911,8.380254575073865e-09
317.36773148148495,27420572.000000298,4.342085970647999,8.390768894326144e-09
317.55420138889167,27436683.00000024,4.347593729744,8.375757060425943e-09
317.73788194444205,27452552.99999979,4.353101488839999,8.386376055686795e-09
317.9230787037013,27468553.999999795,4.357232308162001,8.383480032494436e-09
318.10791666666773,27484524.000000093,4.361363127484,8.38576906684401e-09
318.2933449074044,27500544.99999974,4.364117007032,8.386954372570209e-09
318.4789930555562,27516585.000000056,4.369624766127999,8.379026683127422e-09
318.6622222222213,27532415.99999992,4.372378645675999,8.380855031338868e-09
318.8471759259264,27548396.000000045,4.3710017059020005,8.386502002438308e-09
319.0308680555536,27564266.99999983,4.3710017059020005,8.385847646765317e-09
319.2165162037054,27580307.000000145,4.3737555854500005,8.379026683127422e-09
319.40123842592584,27596266.999999993,4.379263344546,8.385035213112877e-09
319.58666666666977,27612288.00000027,4.380640284319999,8.377033143854046e-09
319.77115740740555,27628227.99999984,4.383394163868,8.391579924944093e-09
319.95623842592613,27644219.00000002,4.386148043415999,8.382746169625326e-09
320.1415393518546,27660229.00000024,4.388901922964,8.376756527055038e-09
320.32696759259125,27676249.999999885,4.393032742286,8.38701716515702e-09
320.51365740740584,27692379.999999866,4.3957866218340005,8.3856617483046e-09
320.6981597222257,27708321.000000298,4.397163561607999,8.383038830461322e-09
320.8829976851848,27724290.99999997,4.398540501382,8.383753287585238e-09
321.0663310185191,27740131.000000052,4.402671320704,8.382126641370698e-09
321.25048611110833,27756041.99999976,4.405425200252,8.38278536876549e-09
321.43717592592293,27772171.99999974,4.4095560195740005,8.385661748308257e-09
321.6231828703676,27788242.99999976,4.4150637786699996,8.38270736107296e-09
321.80697916666395,27804122.999999765,4.416440718444,8.38312216624555e-09
321.9912499999991,27820043.999999925,4.416440718444,8.381500910661159e-09
322.1756250000035,27835974.0000003,4.419194597992001,8.382828122840883e-09
322.36035879629344,27851934.999999754,4.4205715377659995,8.382555980489108e-09
322.5457754629606,27867954.999999795,4.424702357088,8.383458926323258e-09
322.73107638888905,27883965.000000015,4.424702357088,8.382788756909729e-09
322.9161574074096,27899956.000000194,4.427456236636001,8.382746169625326e-09
323.1016898148155,27915986.000000056,4.42883317641,8.38827024336655e-09
323.2874652777755,27932036.999999803,4.430210116184001,8.381181484153134e-09
323.4714930555565,27947937.000000082,4.4315870559579995,8.38061270425463e-09
323.65668981481576,27963938.000000082,4.4343409355059995,8.385491906756615e-09
323.84106481481285,27979867.99999983,4.437094815054,8.376765599633173e-09
324.02590277777927,27995838.000000127,4.43571787528,8.387784846429594e-09
324.21271990740934,28011979.000000168,4.437094815054,8.383935815602873e-09
324.3980208333305,28027988.999999758,4.439848694602,8.384736664797487e-09
324.5837962962978,28044040.00000013,4.4426025741499995,8.383249766175549e-09
324.76944444444234,28060079.999999817,4.446733393472001,8.381033666000614e-09
324.9539351851854,28076020.00000002,4.445356453698,8.383501631010949e-09
325.1397106481454,28092070.99999976,4.446733393472001,8.385255373630586e-09
325.3248958333352,28108071.00000016,4.4481103332459995,8.384003999791283e-09
325.50928240740905,28124002.00000014,4.449487273020001,8.374282217069254e-09
325.6931944444441,28139891.99999997,4.450864212794,8.391838011418978e-09
325.8779282407413,28155853.00000005,4.452241152568,8.380539063928213e-09
326.0628819444464,28171833.00000017,4.4536180923419995,8.38253591983416e-09
326.2478356481515,28187813.00000029,4.452241152568,8.386502002440263e-09
326.4340740740736,28203903.999999955,4.45637197189,8.38616754725218e-09
326.6181018518546,28219804.00000024,4.457748911664001,8.378588050165759e-09
326.80271990740584,28235754.999999866,4.457748911664001,8.385792991230018e-09
326.9864004629635,28251625.000000045,4.457748911664001,8.38231909253365e-09
327.1714814814841,28267616.000000224,4.457748911664001,8.374819460853354e-09
327.3578240740753,28283716.000000108,4.460502791212001,8.391352173973689e-09
327.543252314812,28299736.999999754,4.461879730985999,8.38299843973105e-09
327.7283217592558,28315726.9999997,4.461879730985999,8.381257160756174e-09
327.9130439814835,28331687.000000175,4.460502791212001,8.38509824536565e-09
328.09766203703475,28347637.999999803,4.457748911664001,8.379738449192986e-09
328.28250000000116,28363608.0000001,4.459125851437999,8.38576906684401e-09
328.4673495370371,28379579.000000004,4.457748911664001,8.377307369657981e-09
328.65172453703417,28395508.999999754,4.457748911664001,8.390785185317352e-09
328.83530092592264,28411369.999999717,4.45637197189,8.37508795160022e-09
329.019675925927,28427300.000000093,4.454995032116001,8.390785184985959e-09
329.2039351851854,28443220.00000002,4.45637197189,8.382090577927699e-09
329.3898263888914,28459281.000000216,4.457748911664001,8.37602577662478e-09
329.57582175925927,28475351.0,4.452241152568,8.393119975221924e-09
329.7612500000032,28491372.000000276,4.457748911664001,8.379042506566086e-09
329.94701388888643,28507421.999999788,4.45637197189,8.383709408354679e-09
330.13186342592235,28523392.99999969,4.4536180923419995,8.383291340603444e-09
330.31658564815007,28539353.000000164,4.452241152568,8.38503521278581e-09
330.50072916666977,28555263.00000027,4.452241152568,8.383312256387018e-09
330.6858101851831,28571253.999999817,4.4536180923419995,8.380733037569435e-09
330.87030092592613,28587194.00000002,4.452241152568,8.38356474267831e-09
331.05422453703795,28603085.00000008,4.450864212794,8.385359134070736e-09
331.238136574073,28618974.999999907,4.449487273020001,8.375820516138184e-09
331.42333333333227,28634975.999999907,4.4536180923419995,8.383480032498122e-09
331.60840277777606,28650965.99999985,4.4536180923419995,8.39126053786626e-09
331.79348379629664,28666957.00000003,4.450864212794,8.382746169625326e-09
331.9782060185171,28682916.999999877,4.4481103332459995,8.383018170505706e-09
332.16292824073753,28698876.999999724,4.449487273020001,8.385098245696417e-09
332.34835648148146,28714898.0,4.4536180923419995,8.38098907669305e-09
332.5331944444479,28730868.000000298,4.45637197189,8.383753287254948e-09
332.7190856481466,28746928.999999866,4.457748911664001,8.381976215904591e-09
332.90508101852174,28762999.00000028,4.457748911664001,8.37728189150776e-09
333.09016203703504,28778989.99999983,4.457748911664001,8.382746169957094e-09
333.27673611111095,28795109.999999985,4.460502791212001,8.386932133912532e-09
333.4614583333314,28811069.999999832,4.452241152568,8.379047117876642e-09
333.64665509259066,28827070.999999832,4.45637197189,8.389452784197494e-09
333.830567129633,28842961.00000029,4.459125851437999,8.381834990321741e-09
334.0146064814835,28858862.000000175,4.457748911664001,8.384071442108869e-09
334.20025462962803,28874901.999999862,4.459125851437999,8.384984912882673e-09
334.38394675926247,28890773.000000276,4.45637197189,8.383819292829422e-09
334.57005787036906,28906852.99999989,4.449487273020001,8.383958955426867e-09
334.7572106481457,28923022.999999788,4.4536180923419995,8.382711193618391e-09
334.94252314815094,28939034.000000242,4.4536180923419995,8.382265192443515e-09
335.1279398148181,28955054.000000283,4.452241152568,8.379502746547066e-09
335.31267361110804,28971014.999999736,4.45637197189,8.390497588156445e-09
335.4971643518511,28986954.999999933,4.454995032116001,8.37958870755113e-09
335.68259259259503,29002976.00000021,4.4536180923419995,8.382998439401624e-09
335.86754629629286,29018955.999999702,4.457748911664001,8.380521402019502e-09
336.053541666668,29035026.00000012,4.45637197189,8.387172868482035e-09
336.23746527777985,29050917.00000018,4.457748911664001,8.381307532532269e-09
336.422303240739,29066886.999999847,4.45637197189,8.385832060288765e-09
336.6078472222216,29082917.999999948,4.457748911664001,8.379714552998949e-09
336.7928009259267,29098898.000000067,4.459125851437999,8.386564956132722e-09
336.97729166666977,29114838.00000027,4.454995032116001,8.381545169280932e-09
337.16260416666773,29130849.000000093,4.457748911664001,8.382202360967903e-09
337.3481365740736,29146878.999999955,4.460502791212001,8.386262008807431e-09
337.5343750000029,29162970.000000253,4.457748911664001,8.382228823409516e-09
337.71979166667006,29178990.000000294,4.457748911664001,8.383521722824508e-09
337.90579861111473,29195061.000000313,4.45637197189,8.382707361074904e-09
338.09167824074393,29211121.000000276,4.4536180923419995,8.384439975112748e-09
338.2754745370403,29227001.00000028,4.459125851437999,8.375076700250131e-09
338.4595138888908,29242902.000000164,4.459125851437999,8.392106282687197e-09
338.6446990740733,29258901.999999933,4.457748911664001,8.37998000011812e-09
338.82989583333256,29274902.999999933,4.459125851437999,8.381531029310532e-09
339.01508101851505,29290902.999999702,4.459125851437999,8.386016000123579e-09
339.1988888888882,29306783.99999994,4.460502791212001,8.38056721856321e-09
339.3837268518546,29322754.00000024,4.460502791212001,8.383753287254948e-09
339.5696064814838,29338814.0000002,4.460502791212001,8.384502615212719e-09
339.75491898148175,29354825.000000022,4.459125851437999,8.38421297867084e-09
339.9379050925927,29370635.000000007,4.463256670760001,8.375824920944946e-09
340.12240740740526,29386575.999999814,4.460502791212001,8.391053509920287e-09
340.3053935185162,29402385.9999998,4.464633610534,8.3839060088627e-09
340.4911689814835,29418437.000000175,4.464633610534,8.383187090950533e-09
340.7174421296295,29437986.99999999,4.463256670760001,6.838741688044365e-09
340.90216435184993,29453946.999999836,4.464633610534,8.383081203087507e-09
341.08701388888585,29469917.99999974,4.464633610534,8.381275687234536e-09
341.27196759259095,29485897.99999986,4.461879730985999,8.386502002442e-09
341.4572800925962,29501909.000000313,4.461879730985999,8.382265192440048e-09
341.64211805555533,29517878.99999998,4.466010550308001,8.375816155465925e-09
341.8273148148146,29533879.99999998,4.466010550308001,8.391464658455987e-09
342.0129629629664,29549920.000000298,4.463256670760001,8.382977930011057e-09
342.19850694444176,29565950.99999977,4.466010550308001,8.383730771907677e-09
342.3847337962943,29582040.99999983,4.468764429856,8.376810068333384e-09
342.5699189814841,29598041.000000224,4.467387490082,8.387965124794061e-09
342.75349537037255,29613902.000000186,4.467387490082,8.381049996864476e-09
342.9381018518543,29629852.000000212,4.467387490082,8.384300438857996e-09
343.12271990740555,29645802.99999984,4.464633610534,8.381819698022022e-09
343.30582175926247,29661623.000000276,4.466010550308001,8.38464753453633e-09
343.49101851852174,29677624.00000028,4.467387490082,8.381468158237679e-09
343.67608796296554,29693614.000000224,4.466010550308001,8.38528367732858e-09
343.86023148147797,29709523.999999695,4.464633610534,8.383312256718972e-09
344.0464699074073,29725614.999999993,4.468764429856,8.384229444875524e-09
344.23038194444234,29741504.999999817,4.474272188952001,8.375757205883523e-09
344.4158101851863,29757526.000000093,4.474272188952001,8.390973097662977e-09
344.60030092592933,29773466.000000294,4.477026068500001,8.377569134148311e-09
344.78619212962803,29789526.999999862,4.477026068500001,8.387926654856072e-09
344.9714930555565,29805537.000000082,4.474272188952001,8.382788756911462e-09
345.1558680555536,29821466.99999983,4.471518309404001,8.382764971884956e-09
345.34083333333547,29837448.000000186,4.472895249178,8.384025780426265e-09
345.5255555555559,29853408.00000003,4.468764429856,8.383018170507663e-09
345.7107523148152,29869409.00000003,4.472895249178,8.375558277607691e-09
345.8955902777743,29885378.999999702,4.470141369629999,8.391753412820675e-09
346.0812500000029,29901420.000000253,4.471518309404001,8.382518047217486e-09
346.26678240740875,29917450.000000115,4.474272188952001,8.382245539682268e-09
346.45289351851534,29933529.999999724,4.475649128725999,8.38395895542881e-09
346.63762731481256,29949490.999999806,4.472895249178,8.386526783993713e-09
346.82188657407096,29965410.99999973,4.472895249178,8.380068467376031e-09
347.00696759259154,29981401.99999991,4.474272188952001,8.386709524014783e-09
347.19226851852,29997412.000000127,4.478403008274,8.38077801362736e-09
347.3773495370406,30013403.000000305,4.474272188952001,8.374819460853354e-09
347.56322916666977,30029463.00000027,4.474272188952001,8.392395267765774e-09
347.74667824074277,30045313.000000175,4.474272188952001,8.384898927490947e-09
347.93094907407067,30061233.999999706,4.474272188952001,8.379542114435983e-09
348.1165972222225,30077274.000000022,4.475649128725999,8.382977930011057e-09
348.30167824074306,30093265.0000002,4.475649128725999,8.384759302012906e-09
348.48778935184964,30109344.99999981,4.479779948048,8.380017537517348e-09
348.6727546296315,30125326.000000164,4.477026068500001,8.385977222766243e-09
348.857939814814,30141325.999999933,4.479779948048,8.386016000121844e-09
349.0429050925959,30157307.000000287,4.479779948048,8.376031161818342e-09
349.22785879629373,30173286.999999776,4.479779948048,8.38650200277067e-09
349.41350694444554,30189327.000000097,4.481156887822,8.381033665669708e-09
349.59928240740555,30205377.99999984,4.482533827596,8.383187091281296e-09
349.78412037037197,30221348.000000138,4.479779948048,8.385832059954702e-09
349.974120370367,30237763.99999971,4.479779948048,8.379472587939722e-09
350.16605324074044,30254346.999999974,4.477026068500001,8.374011216172006e-09
350.34938657407474,30270187.00000006,4.477026068500001,8.380094318135773e-09
350.53574074074277,30286288.000000175,4.478403008274,8.382895969134334e-09
350.72104166666395,30302297.999999765,4.478403008274,8.384799500525504e-09
350.90657407407707,30318328.00000026,4.481156887822,8.386199251145766e-09
351.09593750000204,30334689.000000175,4.475649128725999,8.37843481454269e-09
351.2843750000029,30350970.000000253,4.475649128725999,8.382344696230757e-09
351.47152777777956,30367140.000000153,4.475649128725999,8.386630674140526e-09
351.65892361111037,30383330.999999937,4.474272188952001,8.379729602977696e-09
351.8460879629638,30399502.00000007,4.471518309404001,8.384121328234136e-09
352.037453703706,30416036.000000197,4.470141369629999,8.383373896150149e-09
352.2241550925901,30432166.999999784,4.472895249178,8.381150579844407e-09
352.4128240740756,30448468.000000134,4.472895249178,8.385760750693618e-09
352.6021759259238,30464827.999999817,4.472895249178,8.382820904807855e-09
352.7903819444473,30481089.000000246,4.472895249178,8.380899944429997e-09
352.97834490740934,30497329.000000168,4.471518309404001,8.3878347291049e-09
353.1676388888882,30513683.99999994,4.472895249178,8.383415347106376e-09
353.355034722219,30529874.99999972,4.472895249178,8.379729602979625e-09
353.5424305555571,30546066.00000013,4.472895249178,8.38358186625578e-09
353.7298148148184,30562256.00000031,4.468764429856,8.384161828195744e-09
353.91767361111124,30578487.00000001,4.472895249178,8.380647526494543e-09
354.10483796296467,30594658.00000015,4.470141369629999,8.38418353836179e-09
354.2919907407413,30610828.00000005,4.468764429856,8.384639826891896e-09
354.4781134259247,30626908.999999892,4.471518309404001,8.383437597245181e-09
354.66410879629984,30642979.000000305,4.470141369629999,8.379285127349799e-09
354.85150462963065,30659170.00000009,4.470141369629999,8.38755839675223e-09
355.03716435185197,30675211.00000001,4.468764429856,8.382455333251517e-09
355.22570601852203,30691501.000000305,4.467387490082,8.383642111572996e-09
355.41391203703824,30707762.000000104,4.467387490082,8.384797491031802e-09
355.60061342592235,30723892.99999969,4.468764429856,8.381212944234574e-09
355.7868402777749,30739982.99999975,4.468764429856,8.384688004943504e-09
355.974236111113,30756174.000000164,4.464633610534,8.381655734451998e-09
356.16115740740497,30772323.99999979,4.466010550308001,8.383187987809738e-09
356.34797453703504,30788464.99999983,4.467387490082,8.383935815606528e-09
356.53432870370307,30804565.999999944,4.464633610534,8.382895969134334e-09
356.7204398148169,30820646.000000183,4.467387490082,8.380017537187523e-09
356.9089930555565,30836937.000000082,4.464633610534,8.383065741874936e-09
357.09523148147855,30853027.999999747,4.461879730985999,8.386230066669868e-09
357.2821527777778,30869178.000000004,4.464633610534,8.383187987481219e-09
357.4690856481466,30885328.999999866,4.461879730985999,8.386593028368216e-09
357.6562384259232,30901498.999999765,4.466010550308001,8.380720346373195e-09
357.84259259259125,30917599.999999885,4.463256670760001,8.38489534805185e-09
358.02906249999796,30933710.999999825,4.463256670760001,8.38368717028753e-09
358.21737268518336,30949980.999999844,4.463256670760001,8.382137922546738e-09
358.40488425926014,30966182.000000075,4.463256670760001,8.382381210917043e-09
358.593321759261,30982463.000000153,4.463256670760001,8.38042921192362e-09
358.78070601851505,30998652.999999702,4.463256670760001,8.384161828523492e-09
358.9682175925918,31014853.999999933,4.464633610534,8.382381210917043e-09
359.15710648147797,31031173.999999695,4.45637197189,8.387709926594057e-09
359.34450231481605,31047365.000000108,4.461879730985999,8.37774133756574e-09
359.53201388888556,31063565.999999713,4.466010550308001,8.386355286913121e-09
359.7180092592607,31079636.000000127,4.459125851437999,8.38516963264194e-09
359.90528935185284,31095817.000000086,4.461879730985999,8.37900203945215e-09
360.0925578703682,31111996.99999981,4.457748911664001,8.38536440063533e-09
360.2814583333311,31128317.999999806,4.461879730985999,8.379429569269327e-09
360.46931712963124,31144549.000000138,4.461879730985999,8.386535641502318e-09
360.657395833332,31160798.99999988,4.460502791212001,8.386573169363085e-09
360.84398148148466,31176920.000000276,4.459125851437999,8.380421189547673e-09
361.0321759259241,31193179.999999844,4.457748911664001,8.37949741719453e-09
361.21910879629286,31209330.999999702,4.460502791212001,8.386593028371868e-09
361.40638888889225,31225512.00000029,4.45637197189,8.384846177310457e-09
361.59400462963094,31241722.00000011,4.459125851437999,8.381699074735757e-09
361.780821759261,31257863.000000153,4.45637197189,8.381941391466679e-09
361.96809027777635,31274042.999999877,4.457748911664001,8.385364400637046e-09
362.154097222221,31290113.999999896,4.45637197189,8.382707361076632e-09
362.3410300925898,31306264.999999758,4.459125851437999,8.378744845592978e-09
362.52783564815036,31322405.00000019,4.45637197189,8.39037657970018e-09
362.71534722221986,31338605.999999795,4.454995032116001,8.380394173401299e-09
362.9014583333337,31354686.000000034,4.457748911664001,8.383958955100556e-09
363.08873842592584,31370866.999999993,4.457748911664001,8.382918855468431e-09
363.2765972222187,31387097.999999695,4.45637197189,8.384614256825005e-09
363.46340277777927,31403238.000000127,4.459125851437999,8.374544857270953e-09
363.6497569444473,31419339.000000246,4.457748911664001,8.390831004222053e-09
363.8381828703714,31435619.00000009,4.457748911664001,8.380943980426959e-09
364.02523148147884,31451779.999999773,4.45637197189,8.381403626178642e-09
364.2137847222257,31468071.000000298,4.457748911664001,8.38701786235179e-09
364.40163194444176,31484300.99999977,4.459125851437999,8.38116389429705e-09
364.58833333333314,31500431.999999985,4.459125851437999,8.37921728338089e-09
364.77432870370103,31516501.99999977,4.457748911664001,8.387172868810835e-09
364.96160879629315,31532682.999999728,4.457748911664001,8.384908349319876e-09
365.15074074074073,31549024.0,4.454995032116001,8.382779266735986e-09
365.3395138888882,31565333.99999994,4.457748911664001,8.38310717354232e-09
365.52714120370365,31581544.999999996,4.45637197189,8.383167848962884e-09
365.71383101851825,31597674.999999978,4.460502791212001,8.383665964052744e-09
365.9015740740724,31613895.99999986,4.459125851437999,8.381906910855803e-09
366.08791666666366,31629995.99999974,4.454995032116001,8.385416149129318e-09
366.2748495370397,31646147.00000023,4.459125851437999,8.38466212592975e-09
366.4630555555559,31662408.00000003,4.461879730985999,8.380899944756186e-09
366.6505555555559,31678608.00000003,4.457748911664001,8.382898641973785e-09
366.83841435184877,31694838.99999973,4.457748911664001,8.382630891658919e-09
367.024872685186,31710949.000000067,4.45637197189,8.386205834709707e-09
367.21342592592555,31727239.999999966,4.457748911664001,8.381089681472851e-09
367.4019675925956,31743530.00000026,4.463256670760001,8.383580355894327e-09
367.5895949074111,31759741.000000317,4.459125851437999,8.379196224757572e-09
367.7771064814806,31775941.99999992,4.4536180923419995,8.384368249076989e-09
367.9655324074047,31792221.999999765,4.454995032116001,8.382859582389453e-09
368.15223379629606,31808352.999999978,4.454995032116001,8.389133221637588e-09
368.34042824074277,31824613.000000175,4.460502791212001,8.379435547252755e-09
368.52724537037284,31840754.000000212,4.461879730985999,8.383935815604809e-09
368.7141782407416,31856905.000000075,4.45637197189,8.380675747702885e-09
368.90133101851825,31873074.999999978,4.457748911664001,8.386630674140311e-09
369.088263888887,31889225.999999836,4.454995032116001,8.380675747706538e-09
369.2766898148184,31905506.00000031,4.457748911664001,8.382859582061865e-09
369.4650115740733,31921776.999999933,4.45637197189,8.385579743299272e-09
369.65171296296467,31937908.00000015,4.460502791212001,8.381212943905745e-09
369.8397916666654,31954157.999999892,4.457748911664001,8.386573169364792e-09
370.0264930555568,31970289.000000104,4.460502791212001,8.383146240047534e-09
370.21434027778014,31986519.000000205,4.460502791212001,8.381163893971938e-09
370.4015046296263,32002689.99999971,4.459125851437999,8.386112052697037e-09
370.58913194444176,32018900.99999977,4.461879730985999,8.381182036857447e-09
370.7752430555556,32034981.000000007,4.459125851437999,8.381956965050204e-09
370.9629861111098,32051201.999999885,4.454995032116001,8.381906910857727e-09
371.14990740740905,32067352.00000014,4.45637197189,8.383187987482938e-09
371.3367245370391,32083493.00000018,4.463256670760001,8.385867913986371e-09
371.5237731481466,32099653.999999866,4.457748911664001,8.381465874800282e-09
371.71069444444583,32115804.00000012,4.460502791212001,8.389105634541708e-09
371.8967013888905,32131875.00000014,4.461879730985999,8.37676062471746e-09
372.1462037037054,32153432.000000145,4.461879730985999,8.412935751726403e-09
372.3335995370362,32169622.99999993,4.463256670760001,8.381655734779626e-09
372.520995370367,32185813.99999971,4.461879730985999,8.38954666183864e-09
372.70733796296554,32201914.000000224,4.460502791212001,8.377543105323078e-09
372.894386574073,32218074.999999907,4.463256670760001,8.387317245385315e-09
373.08211805555766,32234295.000000183,4.461879730985999,8.384408384566203e-09
373.2977893518546,32252929.00000024,4.459125851437999,8.380184072100653e-09
373.48320601852174,32268949.00000028,4.463256670760001,8.383458926321526e-09
373.67060185185255,32285140.00000006,4.459125851437999,8.383643999866035e-09
373.8568287037051,32301230.00000012,4.466010550308001,8.384750528250248e-09
374.0436458333352,32317371.00000016,4.461879730985999,8.381879065710328e-09
374.2310300925892,32333560.99999971,4.460502791212001,8.382235577749355e-09
374.41715277777985,32349642.00000018,4.464633610534,8.38143573136444e-09
374.60304398147855,32365702.999999747,4.460502791212001,8.387926654854345e-09
374.79054398147855,32381902.999999747,4.461879730985999,8.382898641975499e-09
374.9784027777787,32398134.00000008,4.461879730985999,8.384614256499779e-09
375.1659027777787,32414334.00000008,4.463256670760001,8.380911481481045e-09
375.35260416667006,32430465.000000294,4.460502791212001,8.37921728338089e-09
375.53790509259125,32446474.999999885,4.461879730985999,8.390768894654148e-09
375.72530092592933,32462666.000000294,4.463256670760001,8.379667469367809e-09
375.9115393518514,32478756.99999996,4.463256670760001,8.378290100231831e-09
376.0979976851886,32494867.000000294,4.463256670760001,8.39207572918627e-09
376.28412037037197,32510948.000000138,4.459125851437999,8.375555251619722e-09
376.46930555555446,32526947.999999903,4.460502791212001,8.384004000124867e-09
376.6554282407378,32543028.999999747,4.461879730985999,8.38543946279973e-09
376.84269675926043,32559209.0000001,4.461879730985999,8.383374783501019e-09
377.0296296296292,32575359.999999963,4.464633610534,8.384662126256589e-09
377.2172453703679,32591569.999999784,4.461879730985999,8.379713140126843e-09
377.4038310185206,32607691.00000018,4.463256670760001,8.390343278748934e-09
377.5903009259273,32623802.00000012,4.464633610534,8.37975333626188e-09
377.7771064814806,32639941.99999992,4.463256670760001,8.38046617110605e-09
377.9636921296333,32656063.000000313,4.461879730985999,8.386411884915924e-09
378.14980324073986,32672142.999999925,4.463256670760001,8.381956965376438e-09
378.3362731481466,32688253.999999866,4.466010550308001,8.3816890323687e-09
378.5226157407378,32704353.999999747,4.467387490082,8.383479130495476e-09
378.7093171296292,32720484.999999963,4.468764429856,8.383146240047319e-09
378.8957754629664,32736595.000000298,4.467387490082,8.384207572761742e-09
379.0824768518505,32752725.999999885,4.461879730985999,8.385141900902877e-09
379.27033564815065,32768957.000000216,4.464633610534,8.378726141161801e-09
379.45795138888934,32785167.000000037,4.464633610534,8.383622948889534e-09
379.6458101851822,32801397.999999743,4.461879730985999,8.386597621987455e-09
379.83342592592817,32817608.000000194,4.463256670760001,8.37971313980481e-09
380.02035879629693,32833759.000000056,4.468764429856,8.386593028366497e-09
380.20681712962687,32849868.99999976,4.463256670760001,8.380211049189862e-09
380.3929398148175,32865950.00000023,4.468764429856,8.381498289663395e-09
380.5796296296321,32882080.000000216,4.464633610534,8.389653316809815e-09
380.7664467592622,32898221.000000253,4.45637197189,8.3799469673307e-09
380.9531481481463,32914351.99999984,4.459125851437999,8.3792172837062e-09
381.1405324074076,32930542.000000015,4.454995032116001,1.7221303273441683e-09
381.32815972222306,32946753.000000075,4.4481103332459995,0.0
381.51496527777635,32962892.999999877,4.441225634376,0.0
381.7020138888911,32979054.00000019,4.4343409355059995,0.0
381.888009259259,32995123.999999978,4.4315870559579995,0.0
382.07552083333576,33011325.00000021,4.424702357088,0.0
382.2619791666657,33027434.999999918,4.4205715377659995,0.0
382.45041666666657,33043715.999999993,4.421948477540001,0.0
382.6368749999965,33059825.9999997,4.413686838896,0.0
382.824502314812,33076036.999999754,4.405425200252,0.0
383.0109722222187,33092147.999999695,4.399917441156001,0.0
383.1975462962946,33108267.999999855,4.393032742286,0.0
383.3849421296327,33124459.000000264,4.391655802512,0.0
383.5733680555568,33140739.000000104,4.390278862738,0.0
383.76111111111095,33156959.999999985,4.386148043415999,0.0
383.94930555555766,33173220.000000183,4.375132525224,0.0
384.1345023148169,33189221.000000183,4.375132525224,0.0
384.3215393518549,33205381.00000026,4.36687088658,0.0
384.5097453703711,33221642.000000063,4.361363127484,0.0
384.6966666666631,33237791.99999969,4.358609247935999,0.0
384.88487268518656,33254053.00000012,4.355855368388,0.0
385.07086805555446,33270122.999999903,4.347593729744,0.0
385.25837962963124,33286324.000000138,4.343462910422001,0.0
385.44508101851534,33302454.999999724,4.337955151326001,0.0
385.6318865740759,33318595.000000156,4.333824332004,0.0
385.818703703706,33334736.000000197,4.332447392230001,0.0
386.006203703706,33350936.000000197,4.333824332004,4.725716049276462e-11
386.1927893518514,33367056.99999996,4.333824332004,4.9485639850659745e-11
386.3786689814806,33383116.99999992,4.348970669518001,2.975404732172475e-11
386.9410763888882,33431708.99999994,4.329693512682001,3.3929404489215674e-10
387.130196759259,33448048.999999978,4.348970669518001,7.243323133403859e-10
387.50197916666366,33480170.99999974,4.329693512682001,5.028433119494236e-10
388.0631018518543,33528652.000000212,4.342085970647999,5.349414303233247e-10
388.99681712962774,33609324.999999836,4.335201271778,1.493497745680233e-09
389.18408564815036,33625505.00000019,4.333824332004,1.1633040791046022e-10
389.3693981481483,33641516.000000015,4.344839850195999,3.788757728921583e-11
391.5298495370371,33828179.0,4.346216789970001,9.139976328290532e-11
395.26354166666715,34150770.000000045,4.335201271778,6.477436134297592e-11
406.49273148148495,35120972.0000003,4.342085970647999,4.764200710519428e-11
410.2369444444412,35444471.99999972,4.342085970647999,1.0747251931882307e-11
421.4682175925918,36414853.99999993,4.347593729744,3.68906066414287e-11
428.9469444444476,37061016.00000027,4.333824332004,2.67498058481153e-11
436.42589120370394,37707197.00000002,4.320054934264,1.02845257284519e-11
440.1606249999968,38029877.999999724,4.274615921722001,0.0
443.9005671296327,38353009.00000027,4.274615921722001,0.0
447.64086805555417,38676170.99999988,4.2264230296320004,0.0
451.3816203703682,38999371.999999814,4.218161390988,0.0
