t_utc,P at 29m [bar],P at 31m [bar],P at 34.9m [bar],P at 42.2m [bar],T at 29m [C],T at 31m [C],T at 34.9m [C],T at 42.2m [C]
2023-05-08 01:40:00+00:00,0.41748305333333335,0.2239483466666667,0.5311913966666666,1.1047789933333334,16.87827063,17.033591943333334,17.077242820000002,17.302512816666667
2023-05-08 01:45:00+00:00,0.41746064,0.22389771666666666,0.5310178099999999,1.1046692,16.878255366666664,17.03330176,17.07770203333333,17.30286200666667
2023-05-08 01:50:00+00:00,0.41740712333333335,0.22380500333333336,0.5309787133333334,1.1045940833333332,16.87796789,16.977119376666668,17.077366953333332,17.302824126666668
2023-05-08 01:55:00+00:00,0.4173627733333333,0.22371488666666664,0.5308933466666667,1.10452743,16.877882843333335,16.977109013333333,17.0776772,17.30250225
2023-05-08 02:00:00+00:00,0.4172989266666667,0.22366396,0.5307829833333333,1.1043758566666666,16.87830094,15.671503743333332,17.077726863333336,17.30278773
2023-05-08 02:05:00+00:00,0.41719203666666665,0.22344678333333334,0.5307303966666667,1.10428878,16.87790747333333,17.033635439999998,17.077478613333334,17.302489806666667
2023-05-08 02:10:00+00:00,0.41713217,0.22336501333333336,0.5305562366666667,1.10415884,16.878334713333334,17.033998043333334,17.078012320000003,17.30281152
2023-05-08 02:15:00+00:00,0.4170746633333333,0.22330160666666668,0.5305958133333333,1.10406607,16.878455566666666,17.033576866666667,17.077304813333335,17.30266362
2023-05-08 02:20:00+00:00,0.4169920167785235,0.22325659060402683,0.5305294731543624,1.1039629362416108,16.878166610738255,17.034319617449665,17.077916110738258,17.302961419463088
2023-05-08 02:25:00+00:00,0.41695447333333335,0.22320369333333331,0.53047517,1.1038613533333335,16.87793757333333,17.034057436666664,17.07766476,17.303022323333334
2023-05-08 02:30:00+00:00,0.41687102666666664,0.2231491733333333,0.5303695666666667,1.1037434133333333,16.878548136666666,17.034068823333335,17.077826103333333,17.30305958
2023-05-08 02:35:00+00:00,0.41684113666666667,0.22304669666666666,0.5303286366666666,1.1036541566666667,16.877973786666665,17.03401107,17.078099156666667,17.302998346666666
2023-05-08 02:40:00+00:00,0.41677561333333335,0.2229713866666667,0.5302525233333334,1.1035531066666666,16.87873226,17.033528039999997,17.07776405666667,17.30308418666667
2023-05-08 02:45:00+00:00,0.41668405,0.22287557333333335,0.53022173,1.10345996,16.87850541,17.03408636,17.07796267,17.30300992333333
2023-05-08 02:50:00+00:00,0.41665124000000003,0.22278030666666665,0.5301432266666667,1.1033235266666666,16.878265126666665,16.806679086666666,17.077826153333334,17.30267599
2023-05-08 02:55:00+00:00,0.4166070333333334,0.22269328666666666,0.5301208633333333,1.1032853500000002,16.878241526666663,-9.903520314283039e+25,17.078248163333335,17.303160119999998
2023-05-08 03:00:00+00:00,0.41654775666666666,0.22264715,0.5300250733333333,1.10314317,16.878421386666666,16.409740036666665,17.077205586666665,17.30272564
2023-05-08 03:05:00+00:00,0.41648203,0.22259356000000002,0.5298321433333334,1.1030363666666667,16.877856606666665,-1.70141183460469e+36,17.07696975,17.30214227333333
2023-05-08 03:10:00+00:00,0.41640772575250834,0.22250163879598664,0.5297594280936455,1.102939789297659,16.87789371237458,17.033708949832775,17.077291896321068,17.300987869565216
2023-05-08 03:15:00+00:00,0.41635186333333335,0.22242219666666666,0.52974042,1.1028033533333332,16.877972356666668,17.034072923333333,17.077714456666666,17.301136923333335
2023-05-08 03:20:00+00:00,0.41630021333333334,0.22232687666666667,0.5296881266666666,1.10269149,16.878423006666665,17.03393127,17.077838623333335,17.301720246666665
2023-05-08 03:25:00+00:00,0.41623397333333334,0.22229271000000003,0.5296403233333333,1.1025814266666667,16.878466546666665,17.033850743333332,17.077900596666666,17.30216714
2023-05-08 03:30:00+00:00,0.41617771666666664,0.22222732666666667,0.5295636566666667,1.1024783533333333,16.878377236666665,17.034045640000002,17.07799987,17.302576306666666
2023-05-08 03:35:00+00:00,0.41612455666666665,0.22216650999999998,0.5295314200000001,1.102383,-1.1342745564031267e+36,17.033840176666665,17.07811157,17.302601156666665
2023-05-08 03:40:00+00:00,0.41608379333333334,0.22211804666666665,0.5295102366666666,1.1023055733333333,-5.538449982437133e+32,17.034172216666665,17.07690678666667,17.303258993333333
2023-05-08 03:45:00+00:00,0.4160103866666667,0.22203957333333335,0.5292921166666666,1.1021793866666667,16.878188836666666,17.03382018,17.0774538,17.30304779
2023-05-08 03:50:00+00:00,0.41594843000000004,0.22195136333333332,0.52921341,1.10200964,16.878260653333335,17.033648056666667,17.077739313333332,17.13004889333333
2023-05-08 03:55:00+00:00,0.4159487666666667,0.2219022333333333,0.5292013033333334,1.1019586433333335,16.878593106666667,17.03423079,17.078061899999998,-8.374690218443202e+36
2023-05-08 04:00:00+00:00,0.4159031066666667,0.22189969333333331,0.5291531233333333,1.1019210266666666,16.87789220333333,17.033627333333335,17.07638642666667,-3.323134178642e+33
2023-05-08 04:05:00+00:00,0.41581044333333333,0.22182100999999999,0.5290804166666666,1.10176512,16.87689225333333,17.033384636666668,17.07659704,-2.83568639100782e+35
2023-05-08 04:10:00+00:00,0.4157466266666667,0.22173588666666666,0.52898966,1.1016579066666665,16.877629756666664,-1.66153499473114e+33,17.075438600000002,17.30205541
2023-05-08 04:15:00+00:00,0.41567958666666666,0.22158721,0.5289791366666666,1.1015851266666665,16.877330689999997,16.692466823333334,17.077081510000003,17.302204376666666
2023-05-08 04:20:00+00:00,0.41557989333333334,0.22153574333333334,0.5288551666666667,1.1014555433333333,16.877700956666665,17.033517883333335,17.07711871,17.302651203333333
2023-05-08 04:25:00+00:00,0.41552115,0.22146570999999998,0.5287449533333333,1.1013615366666667,16.87768265,17.03330627,17.077217960000002,17.30303435
2023-05-08 04:30:00+00:00,0.41546137,0.22137992,0.52864437,1.10125898,16.87787390333333,17.033714829999997,17.077416560000003,17.303321476666667
2023-05-08 04:35:00+00:00,0.4154110733333333,0.22134258333333334,0.5286384533333333,1.1011608433333333,16.878311919999998,17.033736783333335,17.07760271333333,17.303482236666667
2023-05-08 04:40:00+00:00,0.4153431633333333,0.22127902666666666,0.5285464033333334,1.10104943,16.87846227,17.0339126,17.077627593333332,17.30339411
2023-05-08 04:45:00+00:00,0.41527664999999997,0.2212142433333333,0.5284997699999999,1.1009448966666666,16.878561549999997,17.033839356666668,17.077304806666668,17.303095773333336
2023-05-08 04:50:00+00:00,0.4152206956521739,0.22114846488294312,0.5284241772575251,1.1008422073578594,16.878631846153844,17.03461906020067,17.07765302006689,17.303364672240804
2023-05-08 04:55:00+00:00,0.41517139000000003,0.22110101000000001,0.5283472266666667,1.1007485166666666,16.878693186666666,17.034256433333333,17.07777648,17.30335603
2023-05-08 05:00:00+00:00,0.4151078066666667,0.2210280533333333,0.52829366,1.1006264633333331,16.878741199999997,17.034420039999997,17.07785094,17.303294383333334
2023-05-08 05:05:00+00:00,0.41504034666666667,0.22099323333333334,0.5282653933333333,1.10049791,16.87880529,17.03445379,17.077701983333334,17.30331839
2023-05-08 05:10:00+00:00,0.4149343,0.22089376333333333,0.5282321333333333,1.1004066333333333,16.87864375,17.03393291,17.078124029999998,17.30339431
2023-05-08 05:15:00+00:00,0.41488975333333333,0.22079917,0.5281578,1.1003288966666667,16.87841263,-4.2535295865117294e+35,17.077813756666668,17.30335832
2023-05-08 05:20:00+00:00,0.41483787333333333,0.22072461,0.5280638166666666,1.1002557899999998,16.87793533,16.35265857,17.07852070666667,17.302824960000002
2023-05-08 05:25:00+00:00,0.41478746333333333,0.22064699333333332,0.5279468966666667,1.10014064,16.878049466666663,-1.0074381830121934e+21,17.077615153333333,17.30261291
2023-05-08 05:30:00+00:00,0.41472966333333333,0.22057272000000003,0.52792834,1.10004181,16.878214876666664,17.03401066,17.07745343,17.30281257
2023-05-08 05:35:00+00:00,0.41467799666666666,0.22053393666666665,0.52782276,1.0999292666666667,16.878074496666667,17.03352886,17.077912806666667,17.30279954
2023-05-08 05:40:00+00:00,0.414590110738255,0.22044833557046983,0.5277306644295302,1.0998573489932886,16.87870793624161,17.034060731543626,17.078165973154363,17.30324837248322
2023-05-08 05:45:00+00:00,0.41456233333333337,0.2203955,0.5277211033333333,1.0997633266666667,16.87834366,17.03422022333333,17.078285316666665,17.30317067
2023-05-08 05:50:00+00:00,0.41446586333333335,0.22036938333333334,0.52764886,1.0996417233333333,16.878238076666666,17.03393168,17.07802472,17.303293970000002
2023-05-08 05:55:00+00:00,0.41445609,0.2203163333333333,0.5275746433333333,1.09955008,16.878581096666668,17.033542296666663,16.508428806666668,17.30348058
2023-05-08 06:00:00+00:00,0.4144057,0.22024510666666666,0.5276006966666666,1.0995011300000002,16.87801529333333,17.03405097,16.906803386666667,17.303221790000002
2023-05-08 06:05:00+00:00,0.41431218999999997,0.22016491333333335,0.5274772266666666,1.09936841,16.87862667,17.034204736666666,16.507634443333334,17.302327873333333
2023-05-08 06:10:00+00:00,0.4142447166666667,0.22007577666666667,0.5273288700000001,1.0992780766666668,16.877983763333333,17.033923983333334,16.963504793333335,17.302712046666667
2023-05-08 06:15:00+00:00,0.41418200666666666,0.21999019,0.5273882866666667,1.0991897866666667,16.765032103333333,17.033367713333334,16.84997786,17.3032338
2023-05-08 06:20:00+00:00,0.4141468833333333,0.22031100666666664,0.52745789,1.0990995966666666,16.316122596666663,-8.65382809755804e+30,16.96354209,17.302576703333333
2023-05-08 06:25:00+00:00,0.41410843666666663,0.22063344000000001,0.52793569,1.0989969266666666,16.371474356666663,17.033285550000002,17.077055513333335,17.302365733333332
2023-05-08 06:30:00+00:00,0.4140113322147651,0.22052145637583895,0.5278115738255034,1.0988585973154361,-1.141887137318584e+36,17.03314715771812,17.077216439597315,17.30193732214765
2023-05-08 06:35:00+00:00,0.41393532,0.22049221333333335,0.5277845366666667,1.0987778233333334,16.878279576666667,17.033639543333333,17.077242776666665,17.302439563333333
2023-05-08 06:40:00+00:00,0.4138806433333333,0.22043329333333334,0.5277517366666667,1.0986710766666665,16.878040926666667,17.033466186666665,17.07767719,17.30190603
2023-05-08 06:45:00+00:00,0.41380461333333335,0.22035751,0.52777921,1.0985891033333333,16.87820469,17.03360333,17.077280023333334,17.302687810000002
2023-05-08 06:50:00+00:00,0.41372266999999996,0.2202850266666667,0.5276304766666666,1.09850344,16.87857214333333,17.0339847,16.964385996666667,17.30265116
2023-05-08 06:55:00+00:00,0.41365763,0.22028905,0.5276139266666666,1.0983799733333333,16.878202663333333,17.034011893333332,17.07816121333333,17.302862230000002
2023-05-08 07:00:00+00:00,0.4135856533333333,0.2202444533333333,0.52754948,1.0982886600000001,16.878453526666664,17.033873203333332,-1.02173794529526e+24,17.302611666666664
2023-05-08 07:05:00+00:00,0.4135358333333333,0.2201960166666667,0.5275449866666667,1.0982190166666668,16.87838863,17.034085949999998,15.198722883333334,17.30286219666667
2023-05-08 07:10:00+00:00,0.4134638366666667,0.22011327,0.5274298233333333,1.0980897866666668,16.87809057333333,17.033127176666667,16.735209666666666,17.30266219
2023-05-08 07:15:00+00:00,0.4134419966666667,0.22010257,0.52738574,1.0979821766666666,16.877901156666667,17.033295706666664,16.906431033333334,17.303109850000002
2023-05-08 07:20:00+00:00,0.41338538666666663,0.22005234999999998,0.5273758500000001,1.0979048033333334,16.877956496666666,17.033542096666668,17.077342046666665,17.303369276666665
2023-05-08 07:25:00+00:00,0.4133298266666667,0.21996298666666667,0.5273388066666667,1.0977887466666665,16.878464926666666,17.03352927,17.077677196666667,17.303109243333335
2023-05-08 07:30:00+00:00,0.41327621333333336,0.21988788,0.5272925333333334,1.0976962266666668,16.878310706666664,17.033590303333334,17.07755307,17.30323459
2023-05-08 07:35:00+00:00,0.41319327,0.21984236666666665,0.5271810666666666,1.0975901766666667,16.879019086666666,16.919801173333333,17.078061983333335,17.303344846666665
2023-05-08 07:40:00+00:00,0.41314785666666665,0.21978311666666664,0.5271137366666666,1.0975127833333334,16.878699096666665,-4.2535295865117294e+35,17.078620426666667,17.30298428333333
2023-05-08 07:45:00+00:00,0.4131087133333333,0.21969910666666667,0.5270818766666666,1.0974239533333334,16.87784642,16.35191141,17.07726767666667,17.302551960000002
2023-05-08 07:50:00+00:00,0.41304272999999997,0.21965635,0.5270156833333334,1.09732881,16.878247639999998,16.74992884,17.077639169999998,17.302054976666664
2023-05-08 07:55:00+00:00,0.4129781966666667,0.21958035333333334,0.5269327366666667,1.0972300966666668,16.878334096666663,17.03328104,17.077366883333333,17.302551876666666
2023-05-08 08:00:00+00:00,0.41290344,0.21952319666666667,0.5268920366666666,1.0971303733333333,16.878078366666667,17.033462706666665,17.077999873333336,17.302600916666666
2023-05-08 08:05:00+00:00,0.41284586,0.21944637333333333,0.52686521,1.0970743833333334,16.87837153,17.03389547,17.078148823333333,17.303172533333335
2023-05-08 08:10:00+00:00,0.41277742140468227,0.21945486622073582,0.5268028327759198,1.09695254180602,16.878522625418057,17.03368733444816,17.077951926421402,17.302631284280935
2023-05-08 08:15:00+00:00,0.4127293933333333,0.21940399666666668,0.5268127266666667,1.0968886999999998,16.878623803333333,17.03378233,17.078111593333333,17.303184950000002
2023-05-08 08:20:00+00:00,0.41264692999999997,0.21934881,0.5268199666666666,1.0967837466666666,16.878477323333332,17.03356179,17.078632860000003,17.303369276666665
2023-05-08 08:25:00+00:00,0.41258763666666665,0.2193236266666667,0.52670563,1.09671367,16.87838251666667,17.033738833333334,17.078111556666666,17.302972696666664
2023-05-08 08:30:00+00:00,0.41252887666666666,0.2192680833333333,0.5266842233333333,1.0966026966666667,16.878596746666666,17.03373801333333,17.07798749333333,17.302910009999998
2023-05-08 08:35:00+00:00,0.41247923,0.21922338000000002,0.5265876933333333,1.0965011199999999,16.878509056666665,17.034098566666664,17.077987476666667,17.302539096666667
2023-05-08 08:40:00+00:00,0.4124391233333333,0.21915533666666667,0.5266137366666667,1.09640308,16.87843053,17.034308539999998,17.07834743,17.302589143333336
2023-05-08 08:45:00+00:00,0.41235184666666663,0.21911562666666667,0.5265147366666667,1.0963316333333333,16.653446193333334,17.034129856666667,17.078260479999997,17.302316116666667
2023-05-08 08:50:00+00:00,0.41229786,0.21907959666666665,0.52651271,1.0962214733333333,16.540525459999998,17.034214893333335,17.077813793333334,17.30251465
2023-05-08 08:55:00+00:00,0.4122231866666667,0.21908550666666665,0.5264613333333333,1.0961062433333333,16.54086888666667,17.03343101,17.077826113333334,17.302476623333334
2023-05-08 09:00:00+00:00,0.412180635451505,0.21900490301003345,0.526407314381271,1.095961210702341,-1.70876926715661e+36,17.033370133779265,17.07816364882943,17.301971709030102
2023-05-08 09:05:00+00:00,0.41212123,0.2189131666666667,0.5263958966666666,1.0956842166666667,16.709340773333334,17.033463316666666,17.07807433,17.302663433333333
2023-05-08 09:10:00+00:00,0.41208188333333334,0.21886929666666666,0.5262851833333334,1.0949707599999998,16.709364779999998,16.636487236666664,17.077913036666665,17.302365746666666
2023-05-08 09:15:00+00:00,0.41202340333333337,0.21877568,0.5262786033333333,1.0948119033333334,16.87829788333333,-4.2535295865117294e+35,17.077937803333334,17.30262636
2023-05-08 09:20:00+00:00,0.41197938,0.21856890333333334,0.5261782833333334,1.0946931599999998,16.878052523333334,17.033278576666664,17.077912973333333,17.302774466666666
2023-05-08 09:25:00+00:00,0.4118999233333333,0.21849585333333332,0.5261184833333333,1.0945693333333333,16.87817317333333,17.033688776666665,17.07785094666667,17.302489859999998
2023-05-08 09:30:00+00:00,0.41184477666666663,0.2185486,0.52603953,1.09446995,16.878497473333333,17.033725403333335,17.07821088,17.30216712
2023-05-08 09:35:00+00:00,0.41177222666666663,0.2184956,0.5259082533333332,1.09444974,16.878285066666663,17.03367411,17.078322590000003,17.30210467
2023-05-08 09:40:00+00:00,0.4117171433333333,0.21851003666666666,0.5259161533333333,1.09435948,16.87870011333333,17.03416042,17.07773923,17.301906473333332
2023-05-08 09:45:00+00:00,0.41164456,0.2184718466666667,0.5258154966666667,1.09430646,16.87832555,17.03369688333333,17.07832255,17.30195614666667
2023-05-08 09:50:00+00:00,0.41156851666666666,0.21840806999999998,0.5258053066666667,1.0943103333333333,16.878397976666665,17.033738833333334,17.078372220000002,17.302142323333335
2023-05-08 09:55:00+00:00,0.4115160133333333,0.21831403333333332,0.5257803466666666,1.0942811766666667,16.878661859999998,17.03403876333333,17.078409463333333,17.302105053333335
2023-05-08 10:00:00+00:00,0.4114614,0.21829036666666668,0.52571291,1.09425806,16.87860448,17.034144933333334,17.07829776333333,17.30256388
2023-05-08 10:05:00+00:00,0.41141300666666664,0.21820041666666667,0.52559181,1.0942049,16.878701523333334,17.03400984,17.078434276666666,17.302439619999998
2023-05-08 10:10:00+00:00,0.4113403133333334,0.21814709333333335,0.5255402866666666,1.09419466,16.879016443333335,17.033880803333332,17.07816122,17.013804276666665
2023-05-08 10:15:00+00:00,0.4113230033333333,0.21807725666666666,0.5254588033333334,1.0940898933333334,16.878412616666665,17.033823963333333,17.077987536666665,-7.08921597751955e+35
2023-05-08 10:20:00+00:00,0.41122923,0.21800444666666668,0.52542579,1.0940474733333334,16.878034616666667,17.034667863333333,17.077553090000002,-4.2535295865117294e+35
2023-05-08 10:25:00+00:00,0.41113502,0.21801696333333334,0.5253684266666666,1.0939808366666668,16.877176449999997,17.032997823333332,17.076336736666665,15.397440809999999
2023-05-08 10:30:00+00:00,0.41108878,0.21793387333333333,0.5253390233333334,1.0939575033333333,16.877241169999998,17.032983776666665,17.077304873333333,17.070406936666664
2023-05-08 10:35:00+00:00,0.4110320433333333,0.21787748333333334,0.5251677666666666,1.0938860566666666,16.877605336666665,16.86256708333333,17.077453833333333,17.30101278333333
2023-05-08 10:40:00+00:00,0.4109603913043478,0.21780148494983276,0.5249674448160535,1.0938254715719062,16.87800291973244,16.804973207357857,17.077578311036792,17.30097495986622
2023-05-08 10:45:00+00:00,0.41086543333333336,0.21770268666666667,0.5237508399999999,1.0936040033333334,16.878302559999998,17.033584973333333,16.964013676666667,17.301596183333334
2023-05-08 10:50:00+00:00,0.4107769466666667,0.21757199,0.52322724,1.0932422566666666,16.878160966666666,17.033517473333333,17.077813713333335,17.301894033333333
2023-05-08 10:55:00+00:00,0.4106703533333333,0.21751285666666664,0.5217775866666666,1.0932922833333334,16.878308463333333,17.033704673333332,17.078409473333334,17.30252584333333
2023-05-08 11:00:00+00:00,0.4107255766666667,0.21739110666666667,0.5544456666666666,1.0953363033333332,16.878600419999998,17.03375432,16.90774659,17.303656020000002
2023-05-08 11:05:00+00:00,0.41089144,0.21883114,0.6546476966666667,1.10589826,16.877841126666667,16.80626324,17.080196609999998,17.302724043333335
2023-05-08 11:10:00+00:00,0.41101488333333336,0.22119771,0.6165201566666667,1.16938872,16.877374426666666,16.805137186666663,17.080208953333333,17.302997519999998
2023-05-08 11:15:00+00:00,0.4111965966666667,0.22260653666666666,0.5824979966666667,1.1905311233333333,16.87773454,17.03219386,16.964584546666668,17.30112451
2023-05-08 11:20:00+00:00,0.41125644333333333,0.22346671999999998,0.5718559933333333,1.25273532,16.87791764,17.030875506666664,17.07814884333333,17.069363993333333
2023-05-08 11:25:00+00:00,0.4113714766666667,0.22438741333333334,0.5824403633333334,1.7730853733333334,16.87760127,17.03084055,17.076957343333333,17.29913486
2023-05-08 11:30:00+00:00,0.41148497658862876,0.22537137123745818,0.5767632006688964,1.6283979163879598,16.877708973244147,17.03078973578595,17.07730435451505,17.297963177257525
2023-05-08 11:35:00+00:00,0.41161707,0.22635813333333332,0.5760969633333334,1.5900973200000001,16.87753311333333,17.03021075,17.076770556666666,17.29607932
2023-05-08 11:40:00+00:00,0.41171773,0.22727194000000003,0.5744834533333333,1.6010318533333332,16.877765046666667,17.029485596666667,17.07683322666667,17.296468503333333
2023-05-08 11:45:00+00:00,0.41181469000000004,0.22812597,0.57225752,1.6015311433333332,16.87783829333333,17.02916004333333,17.07749103333333,17.29533879333333
2023-05-08 11:50:00+00:00,0.41189014,0.22894838333333334,0.5830163566666667,1.88532691,16.877870846666664,16.687673246666666,16.84990335,17.23699226
2023-05-08 11:55:00+00:00,0.4119813433333333,0.23076433,0.67315333,2.7726187166666665,16.877829136666666,16.86031505,17.090084243333333,17.06148476
2023-05-08 12:00:00+00:00,0.41204802333333335,0.23358866666666667,0.6711472766666666,2.991916396666667,16.878213663333334,16.86136287333333,17.113632003333333,17.29175902
2023-05-08 12:05:00+00:00,0.4121941,0.23711148666666668,0.7822283333333333,4.19819468,16.5968306,16.917442519999998,17.146774303333334,15.907270946666667
2023-05-08 12:10:00+00:00,0.4122912866666667,0.28489959,1.8066904633333336,4.870094716666666,16.877928836666666,16.807757086666665,17.18440367666667,17.000184646666668
2023-05-08 12:15:00+00:00,0.41248195666666665,0.3511686233333334,1.01260395,5.249450246666667,16.877742666666666,17.062916636666667,17.217348363333333,17.115590320000003
2023-05-08 12:20:00+00:00,0.41290652684563756,0.35661208389261745,0.8615237785234899,5.359134546979866,16.892365694630872,16.9256825704698,17.186686295302014,17.28745689932886
2023-05-08 12:25:00+00:00,0.4135412766666667,0.3598535166666667,0.8348123333333334,5.5989211,16.92618583333333,17.132876406666668,17.09385022,17.172674693333335
2023-05-08 12:30:00+00:00,0.41418889000000003,0.40809447666666665,2.732593,10.079534313333333,16.787503023333333,17.162229319999998,17.28259942,17.16902362
2023-05-08 12:35:00+00:00,0.5048674233333333,5.774418213333333,9.496193369999999,13.19204211,-6.923062478046466e+31,17.161099616666668,17.109174316666667,17.28612467
2023-05-08 12:40:00+00:00,0.9026539033333334,5.113833866666666,4.8565304,8.427661613333333,17.02303715,17.189637943333334,17.375053793333333,17.181901619999998
2023-05-08 12:45:00+00:00,1.00729499,4.777767053333334,4.480163663333333,7.522243446666667,16.933095953333332,17.15608749,17.377692593333336,17.297725166666666
2023-05-08 12:50:00+00:00,1.0657897866666668,4.58827612,4.00472307,7.100646996666666,16.894179243333333,17.232738286666667,-5.095373983842177e+34,-3.544607988759773e+34
2023-05-08 12:55:00+00:00,1.2090721633333334,5.519703983333333,4.656143046666667,6.863616659999999,16.971028596666667,17.240313506666666,15.934745739999999,17.298458373333332
2023-05-08 13:00:00+00:00,1.3378055733333334,4.671696053333333,2.31562885,6.656107946666666,17.09939222,17.25435569,-1.2406127960659197e+36,17.297163266666665
2023-05-08 13:05:00+00:00,1.3696472233333332,3.9862700233333332,2.4564926166666665,6.4800044,17.111461833333333,17.26474801,17.395806243333332,17.068204466666668
2023-05-08 13:10:00+00:00,1.3786721471571906,3.7410231705685617,2.3448484515050168,6.438797849498328,17.121987836120404,17.27139347491639,2668.5212223311037,17.29974231772575
2023-05-08 13:15:00+00:00,1.3808460866666667,3.4810227400000002,2.4798861533333336,13.070452943333333,17.128170270000002,17.276479896666668,17.403103093333332,17.063265613333332
2023-05-08 13:20:00+00:00,1.3811115066666668,3.3376774933333335,2.67811044,13.039356796666667,17.135481199999997,17.109775153333334,17.29235097,17.296159473333333
2023-05-08 13:25:00+00:00,1.3811070833333334,3.2975790733333334,3.3468151799999997,10.64277356,17.13873145333333,17.290636096666667,17.298668746666667,17.129053136666666
2023-05-08 13:30:00+00:00,1.3818123233333333,3.306496896666667,3.00723077,8.816887366666666,17.1457323,17.29867956,17.415870376666664,-2.65845599156983e+34
2023-05-08 13:35:00+00:00,1.3819195433333333,3.2313968933333332,3.2043178599999997,9.219588403333335,17.155453553333334,17.308040793333333,17.41159624666667,17.308563353333334
2023-05-08 13:40:00+00:00,1.3821352733333334,3.2110231633333335,3.3936518966666664,15.984843629999999,17.1624929,17.31660941,17.409758963333335,17.18620001
2023-05-08 13:45:00+00:00,1.38219987,3.1769431100000003,3.41302737,21.382483353333335,17.1702311,17.321733953333332,17.40747309,17.309162156666666
2023-05-08 13:50:00+00:00,1.3800403166666666,2.9653544233333333,2.8919822933333332,20.556727396666666,17.176755710000002,17.326840686666664,17.233837613333336,17.226983606666668
2023-05-08 13:55:00+00:00,1.3797288133333332,2.9412016933333334,3.071822846666667,20.77256267,17.1829195,17.330831636666666,17.406717486666665,17.370416876666667
2023-05-08 14:00:00+00:00,1.3797144214046821,2.9554745518394645,3.263314414715719,20.95475968561873,17.1871651638796,17.331093187290968,17.22728137458194,17.394893886287626
2023-05-08 14:05:00+00:00,1.3795916400000001,2.9566566566666665,3.420208773333333,11.895419,17.19151325,17.332557636666667,17.396898233333335,17.19541765
2023-05-08 14:10:00+00:00,1.3777808833333334,2.828150063333333,3.0213700500000003,16.165335496666668,17.194590929999997,17.334108276666665,-1.70141183460469e+36,17.434275996666667
2023-05-08 14:15:00+00:00,1.37762974,2.8471877366666667,3.1899970666666664,20.86469991,17.195720239999996,17.217584266666666,17.33921657,17.434687483333335
2023-05-08 14:20:00+00:00,1.3772012633333333,2.8619903733333336,3.302694723333333,15.885078106666667,17.19434273,17.333568953333334,17.399137776666667,17.277469823333334
2023-05-08 14:25:00+00:00,1.3765880366666665,2.860643,3.3429462866666664,14.510914230000001,17.190495629999997,17.104326736666664,17.22618409,17.289823593333335
2023-05-08 14:30:00+00:00,1.3760482866666666,2.86698691,3.3791738933333333,16.12782028666667,17.18492513,17.332667293333333,17.39735009666667,17.46365093333333
2023-05-08 14:35:00+00:00,1.37552651,2.8748357766666666,3.416997293333333,16.797696816666665,16.891824076666666,17.330422716666664,17.393558066666667,17.461908029999996
2023-05-08 14:40:00+00:00,1.3741470333333332,2.8100805533333335,3.175620213333333,16.700352470000002,17.05588885,17.328995566666666,17.271206616666667,17.458533616666667
2023-05-08 14:45:00+00:00,1.37328447,2.787054906666667,3.16490404,16.390226939999998,17.166577063333335,17.32383952,17.38234063333333,17.45526626
2023-05-08 14:50:00+00:00,1.3727593233333333,2.78316848,3.1996074033333333,16.11935849,17.16542252,17.320883473333332,17.37678933333333,17.452025666666664
2023-05-08 14:55:00+00:00,1.3722718666666667,2.7842461933333333,3.2337126866666663,15.979300496666667,17.164418936666667,17.316698716666668,17.37024582,17.448596013333333
2023-05-08 15:00:00+00:00,1.37165074,2.7877279400000003,3.262148793333333,14.803054876666666,17.160953239999998,17.31092947666667,17.36439216333333,17.4456754
2023-05-08 15:05:00+00:00,1.3711046766666668,2.7909703433333335,3.28312383,13.114384406666666,17.15729927,17.305219243333333,17.35907926,17.442196513333336
2023-05-08 15:10:00+00:00,1.3705758866666669,2.7947072633333336,3.3008213066666667,7.4885485166666665,17.15237578,17.30282775,17.179925773333334,17.44356650666667
2023-05-08 15:15:00+00:00,1.36999261,2.7976770833333333,3.3125197833333333,6.202936553333333,17.147344386666667,15.799364420000002,17.346428436666667,17.439536490000002
2023-05-08 15:20:00+00:00,1.3694296733333333,2.7997880866666667,3.3206417866666667,5.636107493333333,17.140783366666668,17.29265878,17.33925888,17.434820873333333
2023-05-08 15:25:00+00:00,1.36891518,2.8012255699999997,3.3264997233333333,5.298464796666666,17.135405340000002,17.286752943333333,17.33303640666667,-3.2238021856390134e+22
2023-05-08 15:30:00+00:00,1.3680858133333333,2.7783831366666667,3.24214434,5.056902923333333,17.13026737,17.28082238,-6.923062478046466e+31,17.427163303333334
2023-05-08 15:35:00+00:00,1.3671914066666666,2.7480533166666663,3.1714421466666667,4.858942666666667,16.724610103333333,17.100397173333334,17.204101386666668,17.42267072
2023-05-08 15:40:00+00:00,1.3664639261744966,2.7372924026845635,3.1741176308724834,4.712371634228188,17.117706654362415,17.092022036912752,17.312977946308724,17.418963711409397
2023-05-08 15:45:00+00:00,1.3658393000000002,2.7293163566666667,3.176397086666667,4.599853973333333,17.112566453333336,17.26048199,17.306057103333334,17.415284126666666
2023-05-08 15:50:00+00:00,1.3651916333333332,2.7229052133333336,3.1771633699999997,4.51178599,17.10633596,17.25520834,17.299206266666665,17.411966393333334
2023-05-08 15:55:00+00:00,1.36332306,2.6124254133333333,2.8098696800000003,4.3844328133333335,17.099740646666667,17.24963277666667,-2.65845599156983e+34,17.351730480000004
2023-05-08 16:00:00+00:00,1.36222602,2.572012523333333,2.7964617533333334,4.276338973333333,17.093564103333335,17.245066786666666,17.287887870000002,17.290444446666665
2023-05-08 16:05:00+00:00,1.3612444266666668,2.544146173333333,2.7978376700000003,4.190939196666666,17.087707783333332,17.240428310000002,15.898664490000002,17.345352696666666
2023-05-08 16:10:00+00:00,1.3603175933333334,2.5214540766666667,2.798968443333333,4.120055896666667,17.081889323333332,17.060870793333333,17.27570608,-1.2592977287652388e+20
2023-05-08 16:15:00+00:00,1.3594325266666667,2.5031481033333334,2.799998926666667,4.061044103333334,16.791631203333335,17.114428883333332,17.26928619,17.165410796666666
2023-05-08 16:20:00+00:00,1.3585893733333334,2.4883463966666666,2.800969186666667,4.01010798,17.07123345,17.11024184,17.264581940000003,17.3927116
2023-05-08 16:25:00+00:00,1.3577647400000001,2.475921743333333,2.8018570733333337,3.96635384,17.06606353333333,17.217403106666666,17.259430163333334,17.38911737
2023-05-08 16:30:00+00:00,1.3570019,2.4660128766666665,2.8027016600000003,3.9281669200000002,17.061739756666665,-1.70141183460469e+36,17.253544386666665,17.38627787
2023-05-08 16:35:00+00:00,1.3562162599999998,2.45740159,2.8035225133333332,3.8946137466666664,17.056729153333333,17.2090875,17.24875774,17.38343241
2023-05-08 16:40:00+00:00,1.3554502766666667,2.4498551933333332,2.8042162133333335,3.8650637066666667,17.05167221,17.20445161,17.244127196666668,17.205381643333332
2023-05-08 16:45:00+00:00,1.3547049033333334,2.4434729666666666,2.804966466666667,3.8385981466666665,17.04744752,17.20051051,17.23905299333333,17.377531626666666
2023-05-08 16:50:00+00:00,1.35400508,2.437837323333333,2.8057040766666668,3.8150661799999996,17.043688496666668,-2.7043212804868867e+29,17.23473594,17.373982683333335
2023-05-08 16:55:00+00:00,1.35335876,2.43294314,2.80644567,3.794075663333333,17.039093740000002,17.18970443,17.230862576666667,17.315139536666667
2023-05-08 17:00:00+00:00,1.3526565933333334,2.4286256366666663,2.8071628966666666,3.7751188900000003,17.03421661,17.186425613333334,17.225897439999997,17.368142256666665
2023-05-08 17:05:00+00:00,1.35195671,2.4247727866666664,2.80788757,3.758258163333333,-5.671372951035714e+35,17.182527,17.22123395,17.250976383333334
2023-05-08 17:10:00+00:00,1.3513167133333333,2.4214275733333332,2.808633626666667,3.7428626299999994,17.026547106666666,17.065140843333335,17.21731805,17.191532480000003
2023-05-08 17:15:00+00:00,1.3506516033333333,2.4183326333333333,2.8092353,3.7288962866666666,17.02292802666667,17.17555361,17.214037343333334,17.360473106666667
2023-05-08 17:20:00+00:00,1.3500512274247491,2.4154842842809363,2.809942347826087,3.716336431438127,17.019447013377928,17.17247895986622,17.209856454849497,17.243497117056855
2023-05-08 17:25:00+00:00,1.3494399133333332,2.4129846533333335,2.81056895,3.7048706333333334,17.015599560000002,17.16963404,17.20618933,17.358614593333336
2023-05-08 17:30:00+00:00,1.3488373766666666,2.410808273333333,2.8111519966666667,3.6943524266666667,17.011954883333335,17.166258483333333,17.202725846666667,17.356350033333335
2023-05-08 17:35:00+00:00,1.3482784233333334,2.408725073333333,2.811690223333333,3.68473843,17.008425550000002,17.16303154,17.19936813,17.236417506666665
2023-05-08 17:40:00+00:00,1.3477093766666668,2.4068827666666666,2.8122668166666664,3.6759490399999994,17.00474283,-8.861519971899433e+33,17.19563709,17.350560166666668
2023-05-08 17:45:00+00:00,1.3471470833333332,2.40518447,2.8128520666666668,3.6679213400000004,17.001729223333335,17.1574216,17.02082064,17.349061813333336
2023-05-08 17:50:00+00:00,1.3466470666666668,2.4037773266666664,2.8134140933333334,3.660529093333334,16.998597573333335,17.15335233333333,-2.83568639100782e+35,17.34779762666667
2023-05-08 17:55:00+00:00,1.34608385,2.402595493333333,2.8139061633333333,3.6537548733333334,16.996425486666666,17.1505851,17.186387296666666,17.115028123333335
2023-05-08 18:00:00+00:00,1.3455658133333332,2.40128779,2.8143313599999997,3.6474750866666668,16.993409486666668,17.148262186666667,17.18303559333333,17.344553546666667
2023-05-08 18:05:00+00:00,1.3450269433333333,2.399033676666667,2.8147008799999997,3.6417154466666672,16.990037213333334,17.145282573333333,17.180445983333332,17.339963663333336
2023-05-08 18:10:00+00:00,1.3444631866666668,2.39835929,2.8151746066666665,3.636447843333334,16.987221763333334,17.143051003333333,17.17746493,17.338599573333333
2023-05-08 18:15:00+00:00,1.3439773566666666,2.3974328600000003,2.81564273,3.6315795866666667,15.22965125,17.140696950000002,17.17468531333333,17.33739884666667
2023-05-08 18:20:00+00:00,1.34347024,2.39654151,2.8160565066666665,3.6269565566666664,16.98220912,17.137924169999998,17.171873093333332,17.277947416666667
2023-05-08 18:25:00+00:00,1.34303988,2.395858163333333,2.8164371866666666,3.6227354133333334,16.980051006666667,17.134759183333333,17.16906344,17.3344591
2023-05-08 18:30:00+00:00,1.34256844,2.396159206666667,2.8168173899999998,3.6188058466666666,16.97802716,17.131706039999997,17.16644262,17.33331982
2023-05-08 18:35:00+00:00,1.3421144233333333,2.3947804566666666,2.8170328766666666,3.6151864700000003,16.97556628,17.12902547,17.164045673333334,17.331966813333334
2023-05-08 18:40:00+00:00,1.3416632366666665,2.3946086066666665,2.8173985033333335,3.6118245533333333,16.972929856666667,17.1274494,17.16200699,17.33048844
2023-05-08 18:45:00+00:00,1.3412112266666667,2.3949646933333333,2.8178099833333334,3.6087052466666667,16.970786683333333,17.125327289999998,17.15985438,-6.923062478046466e+31
2023-05-08 18:50:00+00:00,1.3407799033333334,2.3941323566666664,2.818181473333333,3.60575282,16.968044913333333,17.12143055,17.15755691,17.328051506666668
2023-05-08 18:55:00+00:00,1.3403352433333333,2.3943060933333333,2.8185154800000003,3.6030588966666666,16.965769979999997,17.12121958,17.155172153333332,17.327035886666668
2023-05-08 19:00:00+00:00,1.339904016722408,2.3946378026755855,2.8188235384615385,3.600565110367893,16.963981073578594,17.119407387959864,17.153154421404682,17.325712859531773
2023-05-08 19:05:00+00:00,1.33950892,2.3944151933333333,2.8191069066666667,3.59820645,16.961246003333333,17.116590613333333,17.151136806666667,17.32464425
2023-05-08 19:10:00+00:00,1.3391265366666667,2.3938671,2.8193929533333333,3.5960193766666664,16.960222073333334,17.113326716666666,17.148920933333333,17.319993353333334
2023-05-08 19:15:00+00:00,1.3387450033333332,2.39471494,2.819705486666667,3.593966003333333,16.95731915,17.113823153333332,17.146899833333332,17.144697830000002
2023-05-08 19:20:00+00:00,1.33836967,2.39505539,2.8199830333333336,3.59199613,16.95599128,17.110574059999998,17.145034226666667,17.31770565
2023-05-08 19:25:00+00:00,1.33799342,2.395374276666667,2.8203000133333336,3.5902129799999996,16.9542787,17.108954966666666,17.143148916666664,17.31646404
2023-05-08 19:30:00+00:00,1.3376464433333333,2.3956569400000003,2.82065008,3.5885194499999997,16.95293842,17.107387986666666,17.14141294,17.314962429999998
2023-05-08 19:35:00+00:00,1.3372491366666666,2.3942888066666668,2.82093309,3.586963036666667,16.95099005,17.105385026666667,17.139476979999998,17.313944199999998
2023-05-08 19:40:00+00:00,1.33687311,2.39576725,2.82127863,3.5854606833333333,16.949151096666668,17.104244519999998,17.13736728,17.313230729999997
2023-05-08 19:45:00+00:00,1.3365516100000001,2.3965876266666664,2.821577656666667,3.5840822699999997,16.947829023333334,17.10159875,17.136174903333334,17.31224424
2023-05-08 19:50:00+00:00,1.336174575250836,2.3962274581939798,2.8217900969899667,3.582775264214047,-4.267755437971635e+35,17.099332501672244,17.13483404013378,17.310663274247492
2023-05-08 19:55:00+00:00,1.3358344433333333,2.396606053333333,2.8220406099999997,3.5815308433333333,16.94312498,17.098917586666666,17.13284659,17.310222433333333
2023-05-08 20:00:00+00:00,1.3355327866666666,2.39770806,2.82235024,3.580403556666667,16.941560926666668,17.096968613333335,17.13131630333333,17.309335426666667
2023-05-08 20:05:00+00:00,1.3352156166666667,2.3973840066666665,2.8226163133333335,3.5793357366666667,16.940099386666667,17.095297940000002,17.129550226666666,17.30811518
2023-05-08 20:10:00+00:00,1.3348950066666667,2.39849214,2.8228807333333337,3.5782952066666667,16.93846227666667,17.093097906666667,17.127772086666667,16.96092646
2023-05-08 20:15:00+00:00,1.3346047766666667,2.3988350433333334,2.8231662533333335,3.57730741,16.937151900000003,17.091817033333335,17.126300066666666,17.306199306666667
2023-05-08 20:20:00+00:00,1.3343309666666665,2.39981553,2.82338664,3.5764250399999997,16.93607223,17.09032214666667,17.12483487,17.305177286666666
2023-05-08 20:25:00+00:00,1.33405084,2.4008494366666664,2.8236546566666667,3.5755485266666667,16.93475738,17.089007913333333,17.12424602,17.304034206666667
2023-05-08 20:30:00+00:00,1.3337481833333333,2.402005576666667,2.8239355066666665,3.574764023333333,16.933002683333335,17.087480006666667,17.124009816666668,17.30374954
2023-05-08 20:35:00+00:00,1.3334630733333335,2.4029570833333334,2.82417812,3.5739909033333332,16.932253196666668,17.08573958,17.122909883333335,17.302873806666668
2023-05-08 20:40:00+00:00,1.3332173422818792,2.40387144295302,2.824352855704698,3.5732810906040267,16.931441761744964,17.08427712080537,17.12268525167785,17.30181196979866
2023-05-08 20:45:00+00:00,1.33295306,2.4037380933333337,2.8245245199999998,3.572619796666667,16.930036883333337,17.08248193,17.12136526666667,17.301670633333334
2023-05-08 20:50:00+00:00,1.3326871566666667,2.40505824,2.8246156800000004,3.5719599833333335,16.927881406666668,17.082337810000002,17.11999624,17.300503276666664
2023-05-08 20:55:00+00:00,1.3324393300000001,2.4063533533333334,2.82474243,3.5713374399999998,16.92673196,17.08099452,17.11884025,17.30013153333333
2023-05-08 21:00:00+00:00,1.3321471933333333,2.40736608,2.824931126666667,3.5707428833333332,16.925460036666667,16.96573597,17.11717731,17.298813986666666
2023-05-08 21:05:00+00:00,1.3318970833333332,2.4083952566666667,2.8251153833333333,3.57021106,16.92387237,17.078215880000002,17.11602318,17.298150563333333
2023-05-08 21:10:00+00:00,1.3316693233333332,2.4087943,2.8252756433333337,3.5696968533333333,16.923228246666667,17.07755815,17.1154275,17.297264166666665
2023-05-08 21:15:00+00:00,1.33145784,2.4094047733333332,2.8253942066666666,3.5691714733333333,16.92191385,17.07668945,17.11438506,17.29628846
2023-05-08 21:20:00+00:00,1.3312453100000001,2.4109554600000003,2.8255461833333335,3.5686896133333335,16.920953533333336,17.074592159999998,17.11329298,17.295551389999996
2023-05-08 21:25:00+00:00,1.33101343,2.41210856,2.82574631,3.56823426,16.919538,17.07322706,17.11146871,17.294715039999996
2023-05-08 21:30:00+00:00,1.3308031633333333,2.4131956933333334,2.82586827,3.5678255266666663,16.918035966666665,17.072172209999998,17.11031458,17.294444256666665
2023-05-08 21:35:00+00:00,1.3305978033333334,2.4142403333333333,2.82601546,3.5674130466666663,16.916706033333334,17.071588939999998,17.10960721,17.293628253333335
2023-05-08 21:40:00+00:00,1.3303671733333333,2.4153157199999997,2.8261650033333336,3.5670052133333336,16.915934933333336,17.07037276,17.108862610000003,17.29230384
2023-05-08 21:45:00+00:00,1.33015407,2.41635367,2.8263231166666665,3.5666118933333335,16.91416779,17.0695537,17.107112800000003,17.29191567333333
2023-05-08 21:50:00+00:00,1.3299524133333334,2.4173761666666667,2.826447423333333,3.566316336666666,16.913103160000002,17.068585719999998,17.105993663333336,17.29131348
2023-05-08 21:55:00+00:00,1.3297531466666668,2.4178928566666666,2.8265485233333334,3.5659956533333337,16.911482526666667,17.067344719999998,17.105159753333336,17.291006279999998
2023-05-08 22:00:00+00:00,1.32955865,2.4190554033333336,2.8266741966666666,3.56571339,16.91114888,17.066041669999997,17.104412306666667,17.289782773333332
2023-05-08 22:05:00+00:00,1.3293933433333331,2.4200466633333333,2.826882643333333,3.5653995700000003,16.91045025333333,17.065508039999997,17.10305189,17.289274980000002
2023-05-08 22:10:00+00:00,1.3291988300000002,2.42130711,2.8270422066666665,3.5651045666666663,16.909754676666665,17.063969200000003,17.10211195666667,17.28862661
2023-05-08 22:15:00+00:00,1.3290112066666666,2.4218570066666665,2.8271229,3.564821383333333,16.90838164,16.94961538,17.10074532666667,17.288053716666667
2023-05-08 22:20:00+00:00,1.3288457357859533,2.4227867090301003,2.827245481605351,3.5645313678929766,16.907468989966553,16.947334698996656,17.10029291638796,17.287569839464883
2023-05-08 22:25:00+00:00,1.32863178,2.4246495766666665,2.82739347,3.56422012,16.84869081,17.059898110000002,17.099192079999998,17.28670897
2023-05-08 22:30:00+00:00,1.32847808,2.4262057533333334,2.82756646,3.5639916700000005,-1.361129467683752e+37,17.05920087666667,17.097715306666665,17.285737330000003
2023-05-08 22:35:00+00:00,1.3282828933333333,2.427849023333333,2.8276856033333333,3.5637765066666662,16.564781383333333,17.056972963333333,17.097080026666667,17.284646453333334
2023-05-08 22:40:00+00:00,1.3280743799999999,2.4293631566666667,2.827828106666667,3.5635259333333336,16.90198153,17.05644183333333,17.095630086666667,17.28447169
2023-05-08 22:45:00+00:00,1.3279433233333333,2.430467226666667,2.8280121266666667,3.563285823333333,16.90115107,17.05557629666667,17.095220039999997,16.822739996666666
2023-05-08 22:50:00+00:00,1.3277653466666668,2.4316869866666666,2.8282094633333332,3.563105913333333,16.899793900000002,17.055238926666668,17.093722893333332,-4.253533642993623e+35
2023-05-08 22:55:00+00:00,1.3275820666666667,2.4327295233333333,2.8283427933333334,3.5629253666666667,16.89908592,17.052978233333334,17.09266092,-1.70141183460469e+36
2023-05-08 23:00:00+00:00,1.3274324766666665,2.43368517,2.8284747733333333,3.5627071366666665,16.898730706666665,17.052685273333335,17.091573726666667,17.282088163333334
2023-05-08 23:05:00+00:00,1.32727416,2.434545656666667,2.82854195,3.5625113400000004,16.897537706666665,17.051646893333334,17.091707593333332,17.28146759666667
2023-05-08 23:10:00+00:00,1.3271499030100333,2.4353444113712372,2.8286876053511705,3.562328461538461,16.897609826086956,17.048966986622073,12.689629799331103,17.281838280936455
2023-05-08 23:15:00+00:00,1.3270028566666667,2.4361013099999997,2.8286946900000003,3.5621775733333334,16.896189603333333,17.048251826666664,-2.8356863910078164e+36,17.28004015666667
2023-05-08 23:20:00+00:00,1.3268417300000002,2.436860556666667,2.8287392933333333,3.5620003233333333,16.894673363333336,17.045846943333334,-7.615368725851112e+32,17.27866252
2023-05-08 23:25:00+00:00,1.3266556166666668,2.43763283,2.8288737766666667,3.5618423666666663,16.893740270000002,17.04690098,16.06207703,17.277632313333335
2023-05-08 23:30:00+00:00,1.3264759066666667,2.438263593333333,2.8289712033333334,3.5616606900000005,16.89342171,16.422032806666667,17.086786319999998,17.277644643333335
2023-05-08 23:35:00+00:00,1.3263202699999999,2.438938466666667,2.8290643466666667,3.5615212800000005,16.893181946666665,17.047346716666663,17.0856446,17.277532963333336
2023-05-08 23:40:00+00:00,1.3262033266666666,2.4395601633333333,2.8291636966666664,3.561372783333333,16.893197786666665,17.046622869999997,17.08436637,17.27730955666667
2023-05-08 23:45:00+00:00,1.32611717,2.4401757533333335,2.829177736666667,3.5612099366666667,16.893628766666666,17.04504335,17.083944430000003,17.27670145
2023-05-08 23:50:00+00:00,1.3259308166666666,2.44085285,2.82920886,3.5610679,16.89324501333333,17.043692293333333,17.083410800000003,17.27703654
2023-05-08 23:55:00+00:00,1.3257709766666665,2.4416055733333333,2.8292852966666664,3.560892686666667,16.892995166666665,17.04474063,17.082653790000002,17.27600649
2023-05-09 00:00:00+00:00,1.3256639464882942,2.442484100334448,2.829357668896321,3.5607285719063544,16.893125578595317,17.04505416722408,17.081724866220735,17.276284130434785
2023-05-09 00:05:00+00:00,1.3255817233333334,2.443404436666667,2.82941481,3.5606159099999997,16.893516053333332,17.045453693333332,17.080668176666666,17.27549768
2023-05-09 00:10:00+00:00,1.32543657,2.4442835066666664,2.8294400366666665,3.560458136666667,16.893295466666668,17.045806256666665,17.079973223333333,17.27516261
2023-05-09 00:15:00+00:00,1.3252813966666668,2.44513853,2.8295675266666667,3.560333063333333,16.89378669,17.04643306,17.07867007666667,17.275150200000002
2023-05-09 00:20:00+00:00,1.3251662499999999,2.4459132733333333,2.82964743,3.5602066033333335,16.894037746666665,17.0467724,17.077900206666666,17.27426909
2023-05-09 00:25:00+00:00,1.32509646,2.44663559,2.8297502999999997,3.56008704,16.894808883333333,17.046986826666664,17.076994573333334,17.27364859
2023-05-09 00:30:00+00:00,1.3249868266666667,2.4473362366666667,2.829854666666667,3.5599846166666667,16.895527146666666,17.046846249999998,17.076287116666666,17.2732887
2023-05-09 00:35:00+00:00,1.3248462666666667,2.4479803233333333,2.82992893,3.5598701733333336,16.895876689999998,17.046821226666665,17.07514071,17.272680610000002
2023-05-09 00:40:00+00:00,1.3247237633333333,2.448572066666667,2.8300009,3.55978624,16.895953176666666,17.04670038,17.07431824,17.27242
2023-05-09 00:45:00+00:00,1.3246181,2.44911967,2.830088576666667,3.5597155033333334,16.89638979,17.045417683333334,17.073028273333335,17.27176227
2023-05-09 00:50:00+00:00,1.3244916655518395,2.449683642140468,2.8301607558528428,3.5596489397993314,16.897118270903007,17.044602240802675,17.07285416053512,17.271776672240804
2023-05-09 00:55:00+00:00,1.32438167,2.450149746666667,2.8302389066666667,3.559576386666667,16.897861183333333,17.04528931333333,17.071756213333334,17.27091839
2023-05-09 01:00:00+00:00,1.3242679666666668,2.4505783699999997,2.8303468066666664,3.5594982533333335,16.89796047333333,17.04487958,17.071752146666668,17.270160566666668
2023-05-09 01:05:00+00:00,1.3241699133333333,2.4509667266666666,2.8303252999999997,3.5594249199999997,16.898105316666665,17.045531813333334,17.071245173333335,17.270285276666666
2023-05-09 01:10:00+00:00,1.3240368566666667,2.45130493,2.8302305899999998,3.55934457,16.898786453333333,17.044778469999997,17.070074153333334,17.269526843333335
2023-05-09 01:15:00+00:00,1.3238978533333332,2.4516550566666666,2.830324883333333,3.5592552333333334,16.89891096,17.04491864,17.069806833333335,17.269500803333333
2023-05-09 01:20:00+00:00,1.3237765433333335,2.45197268,2.8304164533333336,3.55916225,16.899186826666668,17.04506695,17.069524453333333,17.268714499999998
2023-05-09 01:25:00+00:00,1.32370124,2.45226047,2.83041471,3.559087703333333,16.899763793333335,17.044405153333333,17.06857030666667,17.26820752
2023-05-09 01:30:00+00:00,1.3235850599999999,2.4525097799999998,2.8304618766666665,3.55901926,16.89999002,17.044351243333335,17.068568680000002,17.267792093333334
2023-05-09 01:35:00+00:00,1.3234779099999998,2.4527999633333333,2.83059096,3.5589420566666665,16.900284199999998,17.045090143333333,17.068176846666667,17.267497303333332
2023-05-09 01:40:00+00:00,1.3233729130434784,2.4530566454849496,2.8306159598662206,3.558863571906355,16.9006237090301,17.04470348494983,17.06772145150502,17.26690324414716
2023-05-09 01:45:00+00:00,1.32322218,2.45324366,2.8306719466666665,3.5588037500000005,16.900496593333333,17.04551676,17.068007993333335,17.266468703333334
2023-05-09 01:50:00+00:00,1.3231171833333333,2.4534544533333333,2.8306848,3.558658253333333,16.901119743333336,17.045918556666667,17.06733256,17.265916156666666
2023-05-09 01:55:00+00:00,1.3230324433333334,2.4536165866666666,2.83068079,3.5586287333333333,16.900950476666665,16.193059899999998,17.066520006666668,17.265840476666664
2023-05-09 02:00:00+00:00,1.3229336666666667,2.4538317833333334,2.8307480033333334,3.558566116666667,16.90180657,-1.0384593717069699e+32,17.066408113333335,17.264873113333334
2023-05-09 02:05:00+00:00,1.3227542066666667,2.4540097233333333,2.8308814933333335,3.5585373566666667,16.90108414,17.045278529999997,17.065267003333332,17.264209486666665
2023-05-09 02:10:00+00:00,1.3226478166666666,2.4541932866666665,2.830918436666667,3.5584702500000005,16.901088613333336,17.045606883333335,17.064791966666665,17.263847563333332
2023-05-09 02:15:00+00:00,1.32252828,2.4543661599999997,2.8309937433333334,3.558444906666667,16.900924436666667,17.045594066666666,17.06533495,17.263822133333335
2023-05-09 02:20:00+00:00,1.3223616666666667,2.4544649366666667,2.8310785433333336,3.558414963333333,16.900655280000002,17.046386266666666,17.065380116666667,17.263158303333334
2023-05-09 02:25:00+00:00,1.3222418833333334,2.4545649600000004,2.8311329433333334,3.5583677233333333,16.900742353333335,17.046774433333333,17.064656066666668,17.26287145
2023-05-09 02:30:00+00:00,1.3220759463087248,2.4547059429530202,2.8311406946308724,3.5583020033557045,16.899982006711408,17.047289463087246,17.06523375838926,17.26258733557047
2023-05-09 02:35:00+00:00,1.3219914633333334,2.45486478,2.8311609866666667,3.558277953333333,16.898777906666666,17.047514146666664,17.06506763,17.262196633333332
2023-05-09 02:40:00+00:00,1.32184272,2.4550375633333332,2.8312688833333333,3.5582526466666664,16.897770856666668,17.047548936666665,17.065041793333332,17.26178812
2023-05-09 02:45:00+00:00,1.3216581833333334,2.4552372533333333,2.831348053333333,3.5582303566666664,16.89684065,17.047999966666666,17.065054,17.261351736666665
2023-05-09 02:50:00+00:00,1.3215458566666667,2.455446003333333,2.8314397233333333,3.558208913333334,16.895476693333332,17.047723083333334,17.064954923333335,17.260904773333333
2023-05-09 02:55:00+00:00,1.3213962466666667,2.4556170666666666,2.8314935833333332,3.5582059666666668,16.89330808,17.048024786666666,17.065107706666666,17.260395759999998
2023-05-09 03:00:00+00:00,1.3212598966666667,2.4558101333333333,2.83155098,3.55818009,16.89150485,17.048008513333333,17.06505440666667,17.260321299999998
2023-05-09 03:05:00+00:00,1.3210796833333334,2.4559120033333333,2.8316016,3.55813503,16.88904789,17.048142786666666,17.065054,17.25944019
2023-05-09 03:10:00+00:00,1.3209470066666666,2.456039333333333,2.8316132666666665,3.558117073333334,16.886527240000003,17.048777933333334,17.065326003333332,17.25929126333333
2023-05-09 03:15:00+00:00,1.32081059,2.4561802133333335,2.831642213333333,3.55810676,16.603739846666667,17.04917586666667,17.065249103333333,17.259129926666667
2023-05-09 03:20:00+00:00,1.3206813344481605,2.4562812675585284,2.8317891571906357,3.55808308361204,16.148282755852843,17.049002096989966,17.065446695652174,17.258280484949832
2023-05-09 03:25:00+00:00,1.32055396,2.456427903333333,2.8318717266666664,3.5580720633333334,16.204136069999997,17.048177576666667,17.065046063333334,17.256474100000002
2023-05-09 03:30:00+00:00,1.3203916966666667,2.4565767833333334,2.8319423433333335,3.558067813333333,16.766041616666666,17.048118576666667,17.064942106666667,17.256498843333336
2023-05-09 03:35:00+00:00,1.3203123433333332,2.456666993333333,2.8319977466666666,3.5580479066666664,16.878180093333334,17.047787776666667,17.06538276,17.255754143333334
2023-05-09 03:40:00+00:00,1.3201949166666667,2.4567730033333333,2.8320620499999998,3.5580509599999997,16.877440746666664,17.04828133,17.066211586666668,17.255915713333334
2023-05-09 03:45:00+00:00,1.32008287,2.4568583533333332,2.8321090900000003,3.5580605833333334,16.87731136,17.048493113333333,17.066185953333335,17.255742983333334
2023-05-09 03:50:00+00:00,1.3200182,2.4569757366666667,2.8322081433333337,3.5580134266666663,16.87771317,17.04810271,17.066938286666666,17.255369390000002
2023-05-09 03:55:00+00:00,1.3199383666666666,2.457080266666667,2.832251053333333,3.5580505133333333,16.87768163333333,17.04825712,17.06712179333333,17.255097393333337
2023-05-09 04:00:00+00:00,1.31985457,2.4572082033333333,2.8322621199999998,3.5580153133333337,16.877840726666665,17.047348343333333,17.06743876,17.25506017
2023-05-09 04:05:00+00:00,1.3198357966666667,2.4572702666666664,2.832311773333333,3.5580157433333337,16.87783544,17.046592356666668,17.06754414,17.25409442
2023-05-09 04:10:00+00:00,1.3197378862876255,2.457391926421405,2.8323424448160535,3.557999204013378,16.877180474916386,17.04701639130435,17.06795619397993,17.253739799331104
2023-05-09 04:15:00+00:00,1.3196393366666666,2.4575474633333334,2.83244455,3.557993933333333,16.876901606666667,17.04650935,17.068149993333332,17.2532201
2023-05-09 04:20:00+00:00,1.3195934766666666,2.4576817533333335,2.832476333333333,3.557981743333333,16.876833246666664,17.046357176666667,17.06849706666667,17.25274922
2023-05-09 04:25:00+00:00,1.3195981966666666,2.4578211800000003,2.832568526666667,3.5579849066666664,16.87768102333333,17.04512656,17.069272186666666,17.252329646666666
2023-05-09 04:30:00+00:00,1.3195312166666666,2.457972413333333,2.8326342733333334,3.5579778099999997,16.877863113333333,17.045152599999998,17.069458540000003,17.252071240000003
2023-05-09 04:35:00+00:00,1.31944689,2.4580727566666667,2.832723993333333,3.5580016666666667,16.87778031,17.04430404333333,17.069881700000003,17.25175078
2023-05-09 04:40:00+00:00,1.3194022933333334,2.4581096466666668,2.8327916933333332,3.55803091,16.87781388,17.043755156666666,17.069843453333338,17.251614466666666
2023-05-09 04:45:00+00:00,1.3192599266666667,2.4582281433333333,2.83277014,3.558000306666667,16.87689530333333,17.04388983666667,17.070441573333333,17.251724906666666
2023-05-09 04:50:00+00:00,1.3191977566666666,2.4583691333333335,2.8329075833333337,3.558051163333334,16.876663363333332,17.0421266,17.07065356,17.251110060000002
2023-05-09 04:55:00+00:00,1.3191358166666667,2.45854304,2.832985923333333,3.5580756433333334,16.877225906666666,17.04119585,17.071355026666666,17.251414206666666
2023-05-09 05:00:00+00:00,1.3190804314381273,2.4586595819397994,2.8331527993311036,3.5580918093645484,16.878090494983276,17.040273816053514,17.071237264214048,17.250794301003342
2023-05-09 05:05:00+00:00,1.3190059033333335,2.4587906333333334,2.833211546666667,3.558074316666667,16.877736356666663,17.04011679,17.071628453333336,17.25048486
2023-05-09 05:10:00+00:00,1.31898822,2.4588761133333334,2.833389223333333,3.558100116666667,16.878754009999998,17.039560373333334,17.07219402666667,17.250066366666665
2023-05-09 05:15:00+00:00,1.31894745,2.4589921566666666,2.8333103233333334,3.5581486166666667,16.879188786666667,17.038796036666668,17.07202722666667,17.249816133333333
2023-05-09 05:20:00+00:00,1.3188974433333334,2.4591348733333334,2.8333601400000004,3.5581594033333332,16.880462516666668,17.03810189,17.072493913333336,17.249790093333335
2023-05-09 05:25:00+00:00,1.3188028,2.45929851,2.8333874866666666,3.558189596666667,16.87895624333333,17.037610166666667,17.072316346666668,17.249299386666667
2023-05-09 05:30:00+00:00,1.3187490633333334,2.4594482799999997,2.83345832,3.5581978666666667,16.879593816666667,17.037227896666668,17.072992226666667,17.24937059333333
2023-05-09 05:35:00+00:00,1.3187009433333332,2.4595432566666666,2.83339605,3.5582344033333335,16.879793813333333,17.03716645,17.07326712,17.249543113333335
2023-05-09 05:40:00+00:00,1.31857314,2.4596602933333336,2.8334628233333334,3.5582454666666665,16.87715165,17.037299700000002,17.07304168,17.24929776
2023-05-09 05:45:00+00:00,1.31849725,2.459742213333333,2.8335080733333333,3.5582639699999996,16.877331706666666,17.037103390000002,17.073506393333332,17.24867116
2023-05-09 05:50:00+00:00,1.3183927926421406,2.459822414715719,2.8335806923076925,3.558259387959866,16.876606474916386,17.03706478929766,17.073641826086956,17.24907802006689
2023-05-09 05:55:00+00:00,1.3183630433333333,2.4599449866666663,2.8336879066666665,3.5583054333333335,16.87678971333333,17.037224846666668,17.07344210666667,17.24889168666667
2023-05-09 06:00:00+00:00,1.3183831866666667,2.4599993199999997,2.8337011633333336,3.5583340066666667,16.877986603333333,17.037411403333337,17.073706586666667,17.249397853333335
2023-05-09 06:05:00+00:00,1.31834446,2.4600764066666665,2.8336404799999997,3.558370446666667,16.878273883333332,17.037118443333334,17.073503973333334,17.24909798
2023-05-09 06:10:00+00:00,1.3182399066666666,2.4602589166666666,2.83355469,3.558408603333333,16.876348023333332,17.037276723333335,17.074031533333333,17.249005613333335
2023-05-09 06:15:00+00:00,1.3181999833333333,2.4603533133333335,2.83358055,3.5584014733333333,16.87656266,17.03765248,17.072868513333336,17.24886320666667
2023-05-09 06:20:00+00:00,1.3181808433333333,2.4604621633333332,2.833616816666667,3.5583857633333333,16.877352656666666,17.037415266666667,17.072767413333334,17.24921964
2023-05-09 06:25:00+00:00,1.3181353933333333,2.460561466666667,2.8336427933333335,3.558384436666667,16.877811846666667,17.0378425,17.07238102666667,17.24892708666667
2023-05-09 06:30:00+00:00,1.3180660966666666,2.4606974333333334,2.8337324633333334,3.55840193,16.8759572,17.037980026666666,17.071702506666668,17.249629780000003
2023-05-09 06:35:00+00:00,1.3179938966666667,2.46084489,2.833734256666667,3.5583966566666665,16.876786046666666,17.038214393333334,17.070773993333336,17.248823333333334
2023-05-09 06:40:00+00:00,1.317947093645485,2.4609322274247494,2.83388354180602,3.558384010033445,16.876434193979932,17.039379755852842,17.07028482943144,17.24902372575251
2023-05-09 06:45:00+00:00,1.3178970633333333,2.4609959966666666,2.8338255033333333,3.558400676666667,16.875988526666667,17.039621203333333,17.069833686666666,17.249431219999998
2023-05-09 06:50:00+00:00,1.3178347866666666,2.4610996,2.833852433333333,3.5584203299999997,16.874872013333334,17.039808166666663,17.068890933333336,17.249829153333334
2023-05-09 06:55:00+00:00,1.3177054333333333,2.4611783099999998,2.83396635,3.558421186666667,16.873382986666666,17.039881813333334,17.068372966666665,17.2499085
2023-05-09 07:00:00+00:00,1.3177280866666665,2.461244653333333,2.8338622533333333,3.558404626666667,16.87369345,17.04043945,17.06760558,17.249732933333334
2023-05-09 07:05:00+00:00,1.3176603733333334,2.461356803333333,2.83386898,3.5584275333333335,16.873487156666666,17.040241296666668,17.067715033333332,17.249716853333332
2023-05-09 07:10:00+00:00,1.3176123333333334,2.4614248766666664,2.8338291399999997,3.55839348,16.873543506666664,17.04046366,17.067391153333336,17.249839733333335
2023-05-09 07:15:00+00:00,1.3175512933333333,2.4614766566666666,2.8338340166666667,3.5583831499999996,16.872940286666665,17.040291546666666,17.06777932,17.249901986666668
2023-05-09 07:20:00+00:00,1.3174920466666666,2.4615857666666665,2.833848323333333,3.5583860766666664,16.873514413333332,17.03930220333333,17.06705954,17.249958953333334
2023-05-09 07:25:00+00:00,1.3174445,2.46169958,2.83387124,3.558371063333333,16.872060766666667,17.038236366666666,17.066939913333332,17.25003626
2023-05-09 07:30:00+00:00,1.3173813344481606,2.4617555217391303,2.833830545150502,3.55836183277592,16.872282615384616,17.036262344481603,17.06690373244147,17.250594260869565
2023-05-09 07:35:00+00:00,1.3173419166666667,2.4618561466666664,2.83383491,3.5583303233333328,16.87271791,17.033337969999998,17.06643395,17.25063072
2023-05-09 07:40:00+00:00,1.3173301666666666,2.4619396333333334,2.83384671,3.558322893333333,16.872240206666664,17.032271203333334,17.065852713333335,17.25034468
2023-05-09 07:45:00+00:00,1.31726068,2.46209427,2.8338710600000003,3.5582943866666663,16.87302635,17.03068977,17.065292026666665,17.250740593333333
2023-05-09 07:50:00+00:00,1.3172779700000001,2.4621432899999998,2.8339400533333334,3.5582790500000003,16.873526833333333,17.029587976666665,17.06503101,17.250777213333333
2023-05-09 07:55:00+00:00,1.3172433866666666,2.4622071266666667,2.8338842833333335,3.55824068,16.872852023333333,17.029299653333336,17.06452037,17.250557093333335
2023-05-09 08:00:00+00:00,1.3172044733333332,2.462305736666667,2.8339289,3.5582297833333336,16.872795866666664,17.028040456666666,17.06470347,17.25061852
2023-05-09 08:05:00+00:00,1.3171575233333335,2.4623974833333335,2.833815556666667,3.558187966666667,16.87308536666667,17.02621598,17.064744563333335,17.250754006666668
2023-05-09 08:10:00+00:00,1.3171370566666667,2.4624884833333334,2.833851753333333,3.5581702200000005,16.873219436666666,17.0259926,17.064653423333333,17.25071578
2023-05-09 08:15:00+00:00,1.3170970400000002,2.4625894366666667,2.8338538066666668,3.55812914,16.87347984333333,17.02616634,17.064203613333333,17.250181533333333
2023-05-09 08:20:00+00:00,1.3170755618729098,2.46267008361204,2.833865668896321,3.558067431438127,16.87330615384615,17.02587887625418,17.06445017391304,17.250165598662207
2023-05-09 08:25:00+00:00,1.3171368566666666,2.4627156333333335,2.83379359,3.55803566,16.874981276666666,17.02591814,17.06429089,17.24982834
2023-05-09 08:30:00+00:00,1.3170695533333332,2.46274339,2.83379737,3.5580074266666664,16.87377586,17.025583070000003,17.064631246666668,17.249646053333336
2023-05-09 08:35:00+00:00,1.31698509,2.4628475166666663,2.83372541,3.55790546,16.872094386666667,17.02590573,17.064165976666665,17.249474753333335
2023-05-09 08:40:00+00:00,1.3169676766666667,2.4629412333333334,2.8337984233333335,3.5578908166666663,16.872815789999997,17.026029830000002,17.063829076666668,17.248898606666668
2023-05-09 08:45:00+00:00,1.3169300833333333,2.4629810766666664,2.833744183333333,3.5578259166666664,16.871180213333332,17.02585609,17.064281936666667,17.248936446666665
2023-05-09 08:50:00+00:00,1.3168831433333332,2.46303973,2.83373666,3.5577919600000003,16.870692193333333,17.02627803,17.06360163,17.248778166666668
2023-05-09 08:55:00+00:00,1.3169042366666668,2.4631160866666666,2.8337881866666663,3.557736953333333,16.869279946666666,17.02679925,17.06405388,17.248464866666666
2023-05-09 09:00:00+00:00,1.3168720999999999,2.4632372266666667,2.83382422,3.5577071966666667,16.8685536,17.02694817,17.063654523333334,17.248726493333333
2023-05-09 09:05:00+00:00,1.3168845533333333,2.4632993033333332,2.8338475466666666,3.557671083333333,16.868715566666665,17.02696058,17.063965789999997,17.248950280000003
2023-05-09 09:10:00+00:00,1.3168791337792642,2.4634343846153843,2.833817722408027,3.5576132474916387,16.86920229431438,17.026028294314383,17.063069695652175,17.248877571906355
2023-05-09 09:15:00+00:00,1.31690367,2.4635055833333337,2.833869696666667,3.5575993099999996,16.86950109333333,17.02563271,17.06257547,17.248651626666668
2023-05-09 09:20:00+00:00,1.3169468966666666,2.4635548233333333,2.8338008433333335,3.557551113333333,16.87084129333333,17.025583070000003,17.0625773,17.24924446
2023-05-09 09:25:00+00:00,1.31702913,2.463093606666667,2.83180397,3.55739372,16.872383073333335,17.025434150000002,17.062463779999998,17.24903654
2023-05-09 09:30:00+00:00,1.31707678,2.4626354066666667,2.830888053333333,3.556943833333333,16.872696986666668,17.02573199,17.061922626666668,17.249219233333335
2023-05-09 09:35:00+00:00,1.3170379766666667,2.4634185966666666,2.8339758166666664,3.5570326866666666,16.871666293333334,17.0256203,17.06128687,17.24905892
2023-05-09 09:40:00+00:00,1.3170901233333332,2.46365235,2.83409121,3.55703763,16.870890313333334,17.02508667,17.060105683333333,17.24968878
2023-05-09 09:45:00+00:00,1.3170900166666666,2.4637395466666665,2.8340450600000002,3.5570338100000005,16.87143617,17.02468955,17.05981944,17.249651753333335
2023-05-09 09:50:00+00:00,1.3171303399999998,2.463890103333333,2.8340695233333335,3.5570901866666667,16.870852080000002,17.02457786,17.05906243,17.25041772666667
2023-05-09 09:55:00+00:00,1.31718797,2.4640070400000003,2.833957783333333,3.5571148833333335,16.87066612,17.024180740000002,17.05849157,17.250201866666668
2023-05-09 10:00:00+00:00,1.317266899328859,2.464079489932886,2.8339993557046976,3.5571151711409397,16.870313181208054,17.023852916107383,17.05816482885906,17.25082687248322
2023-05-09 10:05:00+00:00,1.3173212466666666,2.464175373333333,2.8339795199999998,3.5571617100000004,16.871023179999998,17.022356470000002,17.05825578,17.25104942
2023-05-09 10:10:00+00:00,1.31734789,2.464273573333333,2.8338680366666664,3.5571796166666663,16.870638806666665,17.02256744,17.05875218,17.251345053333335
2023-05-09 10:15:00+00:00,1.3174106266666668,2.4643492599999997,2.833890483333333,3.557207603333333,16.87112695333333,17.02270395,17.05888869,17.251270006666665
2023-05-09 10:20:00+00:00,1.3174709333333334,2.46442043,2.8338593333333333,3.5572336933333335,16.87210798,17.022604873333332,17.059708563333334,17.25159066666667
2023-05-09 10:25:00+00:00,1.3175934599999999,2.46451952,2.8338770266666664,3.55723016,16.873768109999997,17.0223937,17.059186733333334,17.25157698
2023-05-09 10:30:00+00:00,1.31767504,2.46459884,2.83384563,3.5572233933333335,16.875319593333334,17.02280323,17.05880182,17.251897893333336
2023-05-09 10:35:00+00:00,1.3177353233333333,2.46467615,2.833835816666667,3.557201263333333,16.874037486666666,17.02265431,17.05922376,17.2521571
2023-05-09 10:40:00+00:00,1.3177045733333335,2.4647234966666667,2.8339006033333334,3.557246623333333,16.87056906666667,17.02260467,17.05931063,17.252391713333335
2023-05-09 10:45:00+00:00,1.31775149,2.4647951166666666,2.83384292,3.5572767633333333,16.870607749999998,17.022989380000002,17.058566029999998,17.252476953333336
2023-05-09 10:50:00+00:00,1.3179071275167786,2.464833899328859,2.833842030201342,3.5572557986577182,16.871409208053688,17.023140798657717,17.0585146409396,17.253033932885906
2023-05-09 10:55:00+00:00,1.31792666,2.4649000666666665,2.83380356,3.5572502366666665,16.870784739999998,17.02357265,17.05872736,17.252923
2023-05-09 11:00:00+00:00,1.31803864,2.4649105733333334,2.8337856833333332,3.5572188033333334,16.87193872,17.02357265,17.05965811,17.25353726666667
2023-05-09 11:05:00+00:00,1.3181798766666666,2.46499114,2.83377988,3.557188753333333,16.872628193333334,17.02389531,17.06030343,17.253909046666667
2023-05-09 11:10:00+00:00,1.31828186,2.4649888766666668,2.8337993100000003,3.5571971066666666,16.87299807333333,17.02404423,17.060713773333333,17.253795466666666
2023-05-09 11:15:00+00:00,1.3183110133333333,2.4650356500000004,2.8337199733333334,3.557153093333333,16.870847440000002,17.02331204,17.06020415,17.25407951
2023-05-09 11:20:00+00:00,1.3183961966666666,2.4650894366666667,2.8337116933333335,3.55717876,16.871359939999998,17.02347337,17.05984426,17.254454810000002
2023-05-09 11:25:00+00:00,1.3184743099999998,2.46510345,2.8336732433333336,3.557175646666667,16.87194648,17.022530210000003,17.05854121,17.254751463333335
2023-05-09 11:30:00+00:00,1.3186089533333334,2.46517579,2.833685983333333,3.557112176666667,16.87162422,17.022282213333334,17.058392289999997,17.254948633333335
2023-05-09 11:35:00+00:00,1.3187532800000001,2.4652445133333334,2.83366661,3.55706524,16.87277816,17.02238129,17.05908725,17.255531163333334
2023-05-09 11:40:00+00:00,1.3188638695652175,2.4653001237458194,2.8336932876254184,3.5570799096989965,16.87393770568562,17.02193174916388,17.059100739130432,17.255939337792643
2023-05-09 11:45:00+00:00,1.3189805866666666,2.46538063,2.8337022333333333,3.55706298,16.87401957333333,17.021575249999998,17.058652900000002,17.25631266
2023-05-09 11:50:00+00:00,1.3190653633333334,2.4654577200000003,2.83367054,3.557066916666667,16.87221806666667,17.02179863,17.05831783,17.256474006666668
2023-05-09 11:55:00+00:00,1.3191502466666667,2.4655185933333335,2.8336875166666666,3.5570256233333333,16.870971966666666,17.0220214,17.05758564,17.25694560666667
2023-05-09 12:00:00+00:00,1.3192627766666667,2.4654339000000003,2.83357634,3.5567608200000005,16.870534533333334,17.02132827,17.056729349999998,17.257069756666667
2023-05-09 12:05:00+00:00,1.3193748333333333,2.4649359,2.833431156666667,3.55597041,16.869183293333332,17.020711633333335,17.05686586,17.25816191666667
2023-05-09 12:10:00+00:00,1.3196329100000002,2.46437327,2.8333768033333335,3.5652048799999996,16.869083986666666,17.02046018,17.05756082,17.029406816666665
2023-05-09 12:15:00+00:00,1.3197443566666667,2.46428535,2.8334642433333332,3.576530773333333,16.868154606666668,17.020672166666667,17.0570396,17.25956429
2023-05-09 12:20:00+00:00,1.3199721899999999,2.4646766966666664,2.8335624900000003,3.5805102066666668,16.86786732666667,17.020908159999998,17.05684104,17.144981953333332
2023-05-09 12:25:00+00:00,1.32043125,2.4669214166666666,2.8339247166666666,3.5829293233333335,16.809237653333334,17.02205985,17.056084029999997,17.26126446
2023-05-09 12:30:00+00:00,1.3208457133333333,2.469441906666667,2.8339157766666667,3.5843874633333335,16.69458035,16.908288093333333,17.05509123,17.261761266666667
2023-05-09 12:35:00+00:00,1.3212192033333334,2.4714041666666664,2.8340879733333333,3.5852217533333337,16.861235880000002,17.02281564,17.054148046666665,17.261872956666664
2023-05-09 12:40:00+00:00,1.3215405566666667,2.4724683966666663,2.83396013,3.5862670133333334,16.860293533333333,17.02385808,17.053502669999997,17.262295506666668
2023-05-09 12:45:00+00:00,1.3219449233333334,2.4733165633333334,2.8342641566666664,3.5889103433333336,16.860107383333332,17.024788830000002,17.05286976,17.262706663333333
2023-05-09 12:50:00+00:00,1.3223761466666668,2.4758405866666666,2.83969737,3.5915170066666664,16.85956663,17.025471380000003,17.05103286,17.262147196666664
2023-05-09 12:55:00+00:00,1.32275466,2.4798247433333334,2.851548983333333,3.594708573333333,16.86036758666667,17.026067473333335,16.99354973,17.146708976666666
2023-05-09 13:00:00+00:00,1.3231169999999999,2.4883412866666665,2.87934095,3.604394963333333,16.860689840000003,16.858935483333333,16.938350286666665,17.264674146666668
2023-05-09 13:05:00+00:00,1.3236073499999998,2.5020934699999997,2.923925096666667,8.273379576666667,16.862315556666665,16.800598456666666,17.052075473333336,17.261083576666667
2023-05-09 13:10:00+00:00,1.3242302233333334,2.5241237966666663,2.9815039166666666,11.351518853333333,16.865244456666666,17.02784603,17.054830616666663,17.257333940000002
2023-05-09 13:15:00+00:00,1.3250025533333334,2.553401276666667,3.05210539,11.075185326666666,16.869068573333333,17.030199786666664,17.06507051666667,17.25803936666667
2023-05-09 13:20:00+00:00,1.3258553344481605,2.589961036789298,3.1388597926421404,10.900165160535117,16.87480789632107,16.86337582943144,-9.030081493104042e+33,17.258305337792642
2023-05-09 13:25:00+00:00,1.3267984099999999,2.6294491966666667,3.21861131,11.663032620000001,16.880384776666666,16.926857683333335,17.111699823333336,17.085239703333333
2023-05-09 13:30:00+00:00,1.3278875366666667,2.671990613333333,3.2969020933333333,11.457360546666667,16.719703956666667,17.049472703333333,17.12902369,17.2587452
2023-05-09 13:35:00+00:00,1.32910093,2.7173349366666666,3.3748415599999997,11.680622383333333,16.898854516666667,17.063812606666666,17.14237217666667,17.25968839
2023-05-09 13:40:00+00:00,1.3302636366666667,2.7473223333333334,3.3944196399999997,10.697661706666667,16.911669303333333,17.0793468,17.152763566666668,17.148194306666667
2023-05-09 13:45:00+00:00,1.3314025133333334,2.7685893533333332,3.3900253,10.2116609,16.92640742,17.094827173333332,17.16144162666667,17.26608888
2023-05-09 13:50:00+00:00,1.33241008,2.77404706,3.341886796666667,8.323240956666666,16.94084951,17.107282216666665,17.169436226666665,16.982430463333333
2023-05-09 13:55:00+00:00,1.33336242,2.78576145,3.3380319933333333,7.684485703333333,16.955369966666666,17.004185593333336,17.175715016666665,17.27232072
2023-05-09 14:00:00+00:00,1.33429853,2.7967348666666667,3.3374168733333334,7.627410416666667,16.968995876666664,17.131309023333333,17.17953741,17.27436837
2023-05-09 14:05:00+00:00,1.33520087,2.8062267866666666,3.33601665,7.53519061,16.980821433333332,17.140321943333333,17.181880656666667,17.27583276
2023-05-09 14:10:00+00:00,1.3360762046979866,2.814802738255034,3.3360549362416108,7.213247302013423,16.877289181208056,17.14629608724832,17.18238772818792,17.162423828859062
2023-05-09 14:15:00+00:00,1.3367927133333335,2.8219720133333333,3.33390234,6.921810856666666,16.998845796666668,17.150453876666667,17.182947096666666,17.16409224666667
2023-05-09 14:20:00+00:00,1.3375150833333334,2.837573433333333,3.3674984566666666,7.132195243333334,17.004357306666666,17.153966123333333,17.181747603333335,17.28073529666667
2023-05-09 14:25:00+00:00,1.33821027,2.852146883333333,3.3932778033333335,7.73292717,17.00850306,-2.65845599156983e+34,17.18190568,17.166065733333333
2023-05-09 14:30:00+00:00,1.3385634733333334,2.84739019,3.3409188966666665,7.845719863333334,17.009807946666665,17.15807933,17.18327484,17.051507803333333
2023-05-09 14:35:00+00:00,1.3389742333333334,2.85287269,3.341634443333333,7.8031355399999995,17.009407160000002,17.15743401,17.18256849333333,17.11079161
2023-05-09 14:40:00+00:00,1.33940931,2.8557034533333336,3.3315731033333336,11.43135157,17.009522923333336,17.156515669999997,17.06840099333333,17.106534056666668
2023-05-09 14:45:00+00:00,1.3397862366666666,2.856968723333333,3.32517622,11.49889596,17.008982373333335,17.15584736,17.17859486,17.280462216666667
2023-05-09 14:50:00+00:00,1.3401890566666665,2.8577297833333333,3.322581223333333,11.715859173333333,17.00770821,17.15535035,17.179277816666666,17.28220703
2023-05-09 14:55:00+00:00,1.34053586,2.8557108566666667,3.3084057033333334,13.955827373333335,17.0067624,17.15422653,17.180021399999998,17.10479707
2023-05-09 15:00:00+00:00,1.3408592919463087,2.85250744966443,3.287481157718121,13.635068372483222,17.005389486577183,17.153773023489933,17.18153081543624,17.280449530201345
2023-05-09 15:05:00+00:00,1.34120414,2.8499525833333332,3.2817741799999998,12.793576206666666,17.003955713333333,17.15310291333333,17.18048301,17.284104176666666
2023-05-09 15:10:00+00:00,1.3417757700000001,2.8653974566666665,3.3382797633333334,10.452317383333334,17.002678906666667,17.150925253333334,17.06585146,17.292058486666665
2023-05-09 15:15:00+00:00,1.3423923666666666,2.8798756033333333,3.3695616933333334,10.95501945,17.002852856666667,17.150857509999998,17.18183386333333,17.293149346666667
2023-05-09 15:20:00+00:00,1.34284524,2.8786235666666666,3.34483841,11.226110773333334,17.00278104,16.979355636666664,17.009846363333335,17.295056616666663
2023-05-09 15:25:00+00:00,1.34342038,2.8916120866666666,3.379607796666667,11.789348956666666,17.002518193333334,16.98039828666667,17.18235915,17.122468306666665
2023-05-09 15:30:00+00:00,1.3436962766666667,2.8772962166666667,3.30478296,11.185370370000001,17.0026781,17.15108089,17.181500013333334,17.298696496666665
2023-05-09 15:35:00+00:00,1.3411238633333333,2.6377887466666667,2.4927367366666666,14.283337153333331,16.99745667666667,17.149249293333334,17.064186043333333,17.18029714
2023-05-09 15:40:00+00:00,1.3390716333333335,2.5002585666666666,2.2015153466666666,14.728089806666667,16.981706016666667,17.136688476666667,17.166036270000003,16.952497
2023-05-09 15:45:00+00:00,1.3384006033333333,2.4551945766666665,2.244163906666667,13.89437571,16.97106891,17.011023503333334,17.156169203333334,17.307527129999997
2023-05-09 15:50:00+00:00,1.3380466933333335,2.4223267233333337,2.2845702366666667,13.365670360000001,16.96473791,16.890005906666666,17.15125312,17.315829299999997
2023-05-09 15:55:00+00:00,1.3378623566666665,2.3960080766666665,2.3172535033333332,13.094592946666667,16.96160386,17.116379639999998,17.147738983333333,17.035412256666664
2023-05-09 16:00:00+00:00,1.33777236,2.3755079599999998,2.347184776666667,12.314836683333333,16.959949459999997,17.113140586666667,17.14519067666667,17.33688209
2023-05-09 16:05:00+00:00,1.3377544633333334,2.3596763199999997,2.3740906266666664,12.016079373333334,16.95941644,16.94193308666667,17.144341503333333,17.345974786666666
2023-05-09 16:10:00+00:00,1.33777078,2.3470904399999997,2.397519,11.67357935,16.95833677,17.110910153333336,17.027758743333333,17.35214921
2023-05-09 16:15:00+00:00,1.3378095700000001,2.337132323333333,2.4181300400000003,11.26532028,16.95802652,17.10978294,-2.83568639100782e+35,17.358695106666666
2023-05-09 16:20:00+00:00,1.3378937933333332,2.329403306666667,2.437064426666667,9.76536359,16.95729433,17.052394956666667,16.96871239,-1.1342745564031267e+36
2023-05-09 16:25:00+00:00,1.33794751,2.3230866933333334,2.453555006666667,6.6436586166666665,16.95654973,17.109115513333332,17.137603069999997,17.37063727
2023-05-09 16:30:00+00:00,1.3380394166666667,2.3175108333333334,2.467282093333333,5.76655927,16.95532114,17.108521946666666,17.13901781,17.3728729
2023-05-09 16:35:00+00:00,1.3381222633333334,2.3132287233333333,2.4805887099999997,5.289048376666666,16.954551719999998,17.050276396666664,16.964951956666667,17.374062430000002
2023-05-09 16:40:00+00:00,1.3381282583892617,2.3099644966442954,2.493512513422819,4.972580013422819,16.95302687248322,17.10693755704698,17.13277534228188,17.374285936241613
2023-05-09 16:45:00+00:00,1.3382217066666668,2.307706733333333,2.50717515,4.74598914,16.95170983,17.106160356666667,17.132058049999998,17.374489053333335
2023-05-09 16:50:00+00:00,1.33834864,2.3063707266666666,2.51935139,4.576132703333333,16.950493650000002,17.104256930000002,16.958912786666666,17.374712636666665
2023-05-09 16:55:00+00:00,1.3384347,2.3058446733333335,2.5340207366666667,4.446043356666666,16.948963086666666,17.102537429999998,17.011636063333334,-1.7723039943798866e+34
2023-05-09 17:00:00+00:00,1.3385074799999999,2.3056239633333333,2.545175,4.344357653333333,16.946717506666666,17.100462526666668,17.124410243333333,17.373071053333334
2023-05-09 17:05:00+00:00,1.3385716566666668,2.3070951500000003,2.5691338433333333,4.2662541266666665,16.945378036666668,17.0991015,17.12338229,17.371874603333335
2023-05-09 17:10:00+00:00,1.3386585433333333,2.309354433333333,2.5848963866666668,4.20732768,16.942893979999997,17.097469486666665,17.120082696666667,17.371114950000003
2023-05-09 17:15:00+00:00,1.3388020766666666,2.3114807933333337,2.5924807,4.16418526,16.941711286666667,17.09584846,17.11733864,17.36943207666667
2023-05-09 17:20:00+00:00,1.3388681333333332,2.3132904366666667,2.5978418733333335,4.134523176666667,16.939929510000002,16.809557406666666,17.119006126666665,-2.83568639100782e+35
2023-05-09 17:25:00+00:00,1.33895007,2.314979463333333,2.6058704733333333,4.113723786666667,16.938378456666666,17.09284034666667,17.116854649999997,17.361915296666666
2023-05-09 17:30:00+00:00,1.3390154414715718,2.316465424749164,2.6101662073578598,4.097983130434782,16.936396093645484,17.091748719063546,16.942750337792642,17.357659933110366
2023-05-09 17:35:00+00:00,1.3391016266666667,2.317509536666667,2.613125773333333,4.08440679,16.93489328,17.089544383333333,17.112362230000002,17.355256603333334
2023-05-09 17:40:00+00:00,1.3391997366666668,2.31819189,2.6154283866666668,4.07127487,16.933041336666665,17.088075703333335,17.11041386,17.35369430333333
2023-05-09 17:45:00+00:00,1.3392817133333332,2.3187540666666666,2.6185769866666666,4.057787286666667,16.93119224,17.08646837,17.109048760000004,17.17527948
2023-05-09 17:50:00+00:00,1.3393967666666666,2.31932522,2.621649473333333,4.03985814,16.930576823333332,17.08475478,17.10719967,17.231794633333333
2023-05-09 17:55:00+00:00,1.33950402,2.31969496,2.6235241333333335,4.020403003333334,16.92820650666667,17.08356141,17.10575828,17.345398436666667
2023-05-09 18:00:00+00:00,1.3396206066666667,2.3199636066666667,2.6250847833333335,3.9978696633333333,16.926710800000002,17.082873850000002,-1.8077500742674834e+36,17.34348405
2023-05-09 18:05:00+00:00,1.33972259,2.3201322833333333,2.6264648499999996,3.9725928666666666,16.92509464,17.08095729,17.1035021,17.168982743333334
2023-05-09 18:10:00+00:00,1.3398189533333333,2.3201884733333333,2.6276837366666665,3.9467623733333337,16.924201540000002,17.07979195,17.102224683333333,17.340736343333333
2023-05-09 18:15:00+00:00,1.3399195266666668,2.32020397,2.6287339666666667,3.9210343933333336,16.92257309,17.078315160000002,17.101446669999998,17.338758463333335
2023-05-09 18:20:00+00:00,1.34007614,2.320199306666667,2.629581213333333,3.8978754033333334,16.921012723333334,17.07730995,17.101083093333333,17.338883173333333
2023-05-09 18:25:00+00:00,1.3402543033333334,2.3201375733333336,2.6304637200000003,3.873464446666667,16.919926439999998,17.07619305,17.099729653333334,17.33679198333333
2023-05-09 18:30:00+00:00,1.3403846633333334,2.320011003333333,2.6312982766666666,3.8511489933333336,16.919101356666665,17.07493964,17.099277373333333,17.335346113333333
2023-05-09 18:35:00+00:00,1.34046834,2.3198547766666664,2.631976933333333,3.8294359099999995,16.917509166666665,17.073487670000002,17.098503146666665,17.332226193333334
2023-05-09 18:40:00+00:00,1.3405793133333332,2.31964771,2.6325464033333335,3.808680996666667,16.91631926,17.07285476,17.097528706666665,17.329236526666666
2023-05-09 18:45:00+00:00,1.3407073533333334,2.319501626666667,2.633280806666667,3.7899633833333337,16.9147714,17.072656199999997,17.09690404,17.326830313333332
2023-05-09 18:50:00+00:00,1.3408240933333333,2.3193437500000003,2.6340760066666666,3.7729713033333327,16.91362255,17.07121664,17.096295186666666,17.322618973333334
2023-05-09 18:55:00+00:00,1.34097499,2.31918768,2.63470872,3.756726776666667,16.91305413,17.07085675,17.095503946666664,17.321434330000002
2023-05-09 19:00:00+00:00,1.3411106866666667,2.3190074233333333,2.6352230033333335,3.7399764266666664,16.912415723333332,17.07011215,17.095254079999997,17.319270523333334
2023-05-09 19:05:00+00:00,1.3412597533333332,2.3188327733333334,2.6358330100000003,3.7237324600000004,16.91129841,17.069702619999997,17.094791806666667,17.31584354
2023-05-09 19:10:00+00:00,1.3414051538461538,2.3186056488294318,2.636360588628763,3.7103314214046823,16.910438173913043,17.068601989966556,17.09418006354515,17.025743418060202
2023-05-09 19:15:00+00:00,1.34152985,2.3184057399999998,2.6369031,3.6971912,16.909382783333335,17.069007659999997,17.09355199333333,17.314090476666667
2023-05-09 19:20:00+00:00,1.3416745099999998,2.31826491,2.6373137766666663,3.68328198,16.90900031,17.069119349999998,17.092322799999998,17.310231183333332
2023-05-09 19:25:00+00:00,1.3418676366666666,2.3180557433333333,2.6376646200000002,3.670688396666667,16.908716506666668,17.06895802,17.092168186666665,17.309799273333333
2023-05-09 19:30:00+00:00,1.3420467666666667,2.3178617966666666,2.6380029366666666,3.6591341200000005,16.90822214,17.06816378,17.091943586666666,17.136534103333332
2023-05-09 19:35:00+00:00,1.3422159333333334,2.31764507,2.638273556666667,3.6476120599999997,16.907092423333335,17.06703447,17.090971336666666,17.307776219999997
2023-05-09 19:40:00+00:00,1.34236167,2.3174521666666665,2.63844981,3.6347861666666668,16.90722934,17.06700965,17.09072212,17.131329750000003
2023-05-09 19:45:00+00:00,1.34250819,2.317196093333333,2.6385375066666668,3.6207530400000003,16.906720529999998,17.06736954,17.0901122,17.30386166
2023-05-09 19:50:00+00:00,1.34264049,2.316960933333333,2.6386966733333335,3.606900856666667,16.906149669999998,17.06648843,17.08898289,-3.68934881474191e+17
2023-05-09 19:55:00+00:00,1.3427981199999999,2.3166621066666666,2.6389240533333336,3.594930546666667,16.905429889999997,17.06617818,17.08836239,17.301692816666666
2023-05-09 20:00:00+00:00,1.3429774548494984,2.316430705685619,2.6390674381270904,3.582818956521739,16.90500502006689,17.06675916722408,17.088037779264212,17.300601341137124
2023-05-09 20:05:00+00:00,1.3431458633333333,2.3161727366666667,2.639234233333333,3.5711371,16.904252363333335,17.06518538,17.08755574,17.300454076666664
2023-05-09 20:10:00+00:00,1.3433211266666667,2.315932086666667,2.63952632,3.5603334933333333,16.90297942,17.06492477,17.087357179999998,17.18443151
2023-05-09 20:15:00+00:00,1.3434769566666667,2.3157497866666663,2.6397979333333335,3.5501208199999996,16.901689586666667,17.064415959999998,17.08650089,17.2978147
2023-05-09 20:20:00+00:00,1.3436091566666666,2.3155367,2.639992266666667,3.539928956666667,16.900988113333334,17.063547260000004,17.0857687,17.296364139999998
2023-05-09 20:25:00+00:00,1.3437930333333332,2.3153452233333334,2.6402073833333333,3.530348973333333,16.8992739,17.062777840000003,17.08492482,17.296253466666663
2023-05-09 20:30:00+00:00,1.3439157633333334,2.315157,2.64041287,3.521439603333333,16.61684066,17.062652086666667,17.08431673,17.295875066666664
2023-05-09 20:35:00+00:00,1.3441205600000001,2.3149812233333336,2.6406333033333333,3.51242896,16.33374655,17.06190294,17.08373346,17.18066469333333
2023-05-09 20:40:00+00:00,1.34425474,2.3147895533333336,2.6408399033333336,3.5036132833333333,16.782930303333334,17.062006146666665,17.08369623,-8.861519971899433e+33
2023-05-09 20:45:00+00:00,1.34440735,2.314632046666667,2.6410494866666667,3.4951561533333333,16.893785883333333,17.06237927333333,17.08410576,17.29232866
2023-05-09 20:50:00+00:00,1.3445838333333333,2.31448622,2.64124405,3.48939461,16.89278437,17.0615114,12.756129653333334,17.291965313333332
2023-05-09 20:55:00+00:00,1.3448471633333334,2.31436558,2.641336663333333,3.4812925366666665,16.89251322,17.06101066,-2.65845599156983e+34,17.29085004
2023-05-09 21:00:00+00:00,1.34507346,2.31420502,2.64141663,3.4734902533333334,16.895344803333334,17.05977215,16.682789933333332,17.291509193333333
2023-05-09 21:05:00+00:00,1.34536131,2.3140547033333334,2.641669123333333,3.4663555633333334,16.898808016666667,17.059238923333332,17.08259174,17.1760197
2023-05-09 21:10:00+00:00,1.3456175,2.313940533333333,2.6417992800000003,3.459739003333333,16.90076615666667,17.05882339333333,17.08259174,17.291620679999998
2023-05-09 21:15:00+00:00,1.3458805966666667,2.3138210900000002,2.64187533,3.4532680033333336,16.902750746666666,17.05937585,17.08199606,17.115793353333334
2023-05-09 21:20:00+00:00,1.34615767,2.3136748166666665,2.64196898,3.446046496666667,16.904539216666667,17.058999003333334,17.08187194,17.288203043333333
2023-05-09 21:25:00+00:00,1.3463777399999999,2.3135657500000004,2.6420395,3.440019013333333,16.905032973333334,17.058047746666666,17.08151206333333,17.17374846
2023-05-09 21:30:00+00:00,1.3466047866666666,2.3134193566666665,2.6420945666666666,3.4337849599999997,16.90580219,17.058059953333334,17.08148725,17.288828626666668
2023-05-09 21:35:00+00:00,1.3468230933333332,2.3133535766666666,2.64220384,3.4275737200000003,16.90591388,17.057213089999998,17.08086674333333,17.289013353333335
2023-05-09 21:40:00+00:00,1.3470342733333334,2.3132796466666665,2.6423040233333333,3.42106531,16.905740546666667,-3.148244321913097e+19,17.080233836666665,17.28856740666667
2023-05-09 21:45:00+00:00,1.3472865333333335,2.313179223333333,2.6424277633333335,3.4151363633333336,16.90648474,14.781917496666665,17.079439580000003,17.28846406
2023-05-09 21:50:00+00:00,1.3475044666666667,2.3130317066666666,2.6425218733333335,3.4089096766666667,16.90642269,-8.861519971899433e+33,17.07879423,17.11313783
2023-05-09 21:55:00+00:00,1.34772321,2.31286767,2.6426333900000003,3.4030500433333333,16.90654679,17.053954766666667,17.077093443333332,17.112109623333332
2023-05-09 22:00:00+00:00,1.3479338066666666,2.3127377666666664,2.6427200833333333,3.3971296166666667,16.907204519999997,17.05449268,17.07692009,17.28495731666667
2023-05-09 22:05:00+00:00,1.3481485233333332,2.31256299,2.6427862666666666,3.3917726966666666,16.90711765,17.05432096666667,17.076560176666664,17.112696973333335
2023-05-09 22:10:00+00:00,1.3483576,2.3124398933333334,2.642975053333333,3.3865955333333333,16.907390669999998,17.05361298,17.07619983,17.28583477666667
2023-05-09 22:15:00+00:00,1.3485938266666666,2.31233372,2.643052506666667,3.381557576666667,16.90813527,17.052649883333334,17.075802603333333,17.285622183333334
2023-05-09 22:20:00+00:00,1.34886609,2.3121998699999997,2.643068313333333,3.3769173366666667,16.908630246666664,17.052648653333332,17.07545305,17.285396770000002
2023-05-09 22:25:00+00:00,1.3491086333333333,2.312062126666667,2.6431380300000002,3.3720341966666667,16.908951279999997,17.053490913333334,17.07431644,17.285857760000003
2023-05-09 22:30:00+00:00,1.3493153411371237,2.311926060200669,2.6431999197324414,3.367747043478261,16.908712304347826,17.05380024414716,17.073768581939802,17.28548125752508
2023-05-09 22:35:00+00:00,1.34951623,2.3118393,2.6432375766666665,3.3629422866666667,16.908358243333332,17.054139096666667,17.073232886666666,17.283493056666668
2023-05-09 22:40:00+00:00,1.3497466100000002,2.3117141733333333,2.64328655,3.3585232566666665,16.908631263333334,17.053417673333332,17.07246548,17.167207586666667
2023-05-09 22:45:00+00:00,1.3499647433333333,2.3115060266666667,2.64335924,3.3546907966666666,16.909245663333333,17.05277072,17.072395646666667,17.281926846666668
2023-05-09 22:50:00+00:00,1.35013524,2.3113568,2.6434372166666664,3.35013936,16.90882718,17.053222366666667,17.072194433333333,17.281815140000003
2023-05-09 22:55:00+00:00,1.35038816,2.31128367,2.64350663,3.34610303,16.908716506666668,17.053088093333333,17.071943213333334,17.281802673333335
2023-05-09 23:00:00+00:00,1.35058314,2.3111707766666667,2.6435626433333335,3.34227056,16.908580403333332,17.05154883333333,17.071506193333335,17.281417910000002
2023-05-09 23:05:00+00:00,1.3507854633333334,2.311065263333333,2.6436166533333334,3.33863524,16.90849394,17.05048482,17.071177626666667,17.2813683
2023-05-09 23:10:00+00:00,1.35099051,2.3109714033333333,2.6437212866666666,3.33496739,16.90819671,17.04947086,17.07060392666667,17.281666143333336
2023-05-09 23:15:00+00:00,1.35118487,2.310857506666667,2.64374218,3.3317471233333333,16.908395473333332,17.049203126666665,17.070142513333334,17.281393126666668
2023-05-09 23:20:00+00:00,1.3514436308724833,2.3107810838926173,2.643812255033557,3.3289467953020138,16.90842134228188,17.049613624161072,17.06952981879195,17.107253395973153
2023-05-09 23:25:00+00:00,1.3516436566666665,2.31064639,2.6438431,3.3256217133333332,16.908482343333333,17.050335086666667,17.069114313333333,17.28105801
2023-05-09 23:30:00+00:00,1.3518832866666666,2.3105555533333333,2.64386373,3.3223816333333334,-2.5353012004564597e+28,17.05019064,17.06887384666667,17.28071046
2023-05-09 23:35:00+00:00,1.3520744199999999,2.3104421433333333,2.64384746,3.32006159,16.90751477,17.048525253333334,17.06708598666667,17.28022636
2023-05-09 23:40:00+00:00,1.3522283733333333,2.31031038,2.6438467833333332,3.3168023433333333,16.907365849999998,17.0482559,17.066892306666666,17.279891263333337
2023-05-09 23:45:00+00:00,1.3524441966666665,2.3102403700000003,2.6439369333333334,3.313566336666667,16.907142063333335,17.04880255,17.066205893333333,17.046046763333333
2023-05-09 23:50:00+00:00,1.3526358066666668,2.3101312333333333,2.643963556666667,3.3113906733333334,16.907154879999997,17.048642440000002,17.065453356666666,-9.44473296573929e+19
2023-05-09 23:55:00+00:00,1.35283959,2.3100140633333335,2.6439718966666663,3.3087376733333334,16.906224130000002,17.048268716666666,17.065054813333333,17.276813146666665
2023-05-10 00:00:00+00:00,1.3530875866666665,2.3098981933333333,2.6439928066666667,3.3064349633333334,16.90600075,17.047958466666667,17.06448192,17.27647807
2023-05-10 00:05:00+00:00,1.3532971066666666,2.3097845366666663,2.64399288,3.3031708600000003,16.90576496,17.04782338,17.0640669,17.276391200000003
2023-05-10 00:10:00+00:00,1.3535149364548495,2.3096935986622076,2.64401691638796,3.300739652173913,16.906223839464882,17.04659079598662,17.063493862876253,17.27571134782609
2023-05-10 00:15:00+00:00,1.3537609433333333,2.30957542,2.6440679433333334,3.29849428,16.906224130000002,17.045683173333334,17.062963026666665,17.21776575333333
