TimeElapsed,Pressure_MPa
0.0,-0.025566992479999995
32150.999999628402,0.12727332243399997
64292.0000000624,0.128650262208
96693.99999990128,0.12727332243399997
128944.9999996461,0.12727332243399997
161106.99999995995,0.12727332243399997
193207.99999984447,0.361353084014
225418.99999966845,1.0594615494319999
257569.9999999255,1.7575700148499998
289710.99999973085,2.002665294622
321921.9999995548,2.0012883548479996
354093.99999969173,2.002665294622
386324.99999979045,2.004042234396
418515.99999996834,2.002665294622
450696.9999996945,2.0012883548479996
482908.00000014715,2.002665294622
515079.0000000503,2.002665294622
547429.9999999115,2.00541917417
579710.9999997541,2.00541917417
612072.9999996722,2.004042234396
644333.9999998687,2.00541917417
676614.9999997113,2.00541917417
709046.0000000428,2.017811632136
741156.9999997504,2.0136808128139996
773467.9999996908,2.0136808128139996
805709.9999998463,2.010926933266
837901.0000000242,2.004042234396
870021.9999995548,1.9999114150739996
902013.0000001285,1.9999114150739996
934153.9999999339,1.9999114150739996
966244.9999999953,2.00541917417
998296.000000136,2.00541917417
1030446.9999997644,2.004042234396
1062738.9999996638,1.9999114150739996
1095009.9999996834,2.004042234396
1127250.9999996051,1.9999114150739996
1159491.999999527,1.9999114150739996
1191562.9999999423,1.9999114150739996
1223934.0000000782,1.9999114150739996
1255984.9999995902,2.004042234396
1288137.000000081,2.00541917417
1320548.0000001378,2.0067961139439996
1352528.9999996312,2.00541917417
1384490.000000107,2.0067961139439996
1416570.9999997169,1.9999114150739996
1448801.9999998156,2.00541917417
1480903.9999999339,1.9999114150739996
1513165.0000001304,1.9999114150739996
1545366.0000001313,2.004042234396
1577586.9999997783,2.00541917417
1609698.0000001146,2.004042234396
1642039.9999997579,1.9999114150739996
1674200.999999838,1.9999114150739996
1706341.9999996433,2.004042234396
1738492.9999999003,2.247760574394
1770864.0000000363,2.247760574394
1803084.9999996834,2.251891393716
1835266.0000000382,2.247760574394
1867427.9999997234,2.251891393716
1899638.9999995474,2.247760574394
1931869.999999646,2.251891393716
1964151.0000001173,2.251891393716
1996311.9999995688,2.25326833349
2028492.9999999236,2.25326833349
2060754.9999997253,2.247760574394
2092866.0000000615,2.25326833349
2125146.999999904,2.25326833349
2157468.9999999013,2.247760574394
2189849.9999998603,2.251891393716
2222140.999999526,2.247760574394
2254412.9999997793,2.251891393716
2286783.9999999152,2.247760574394
2318994.999999739,2.247760574394
2351326.9999995595,2.247760574394
2383647.9999999516,2.247760574394
2416038.9999997336,2.247760574394
2448430.9999997495,2.247760574394
2480731.999999867,2.247760574394
2512943.9999999246,2.247760574394
2545354.9999999814,2.247760574394
2577715.9999996657,2.251891393716
2610137.9999997793,2.247760574394
2642438.9999998966,2.25326833349
2674759.99999966,1.8140245455839996
2707660.9999998473,1.8112706660359998
2739882.000000123,1.7947473887479997
2772104.0000000037,1.7947473887479997
2804524.9999998836,1.7947473887479997
2836676.9999997457,1.8002551478439996
2868907.9999998445,1.7988782080699999
2901268.9999995288,1.8016320876179999
2933580.999999703,1.7947473887479997
2965692.000000039,1.5592906873939998
2998044.000000134,1.5496521089759998
3030414.9999996414,1.5537829282979998
3062725.999999582,1.5537829282979998
3095067.999999854,1.5551598680719998
3127259.0000000317,1.556536807846
3159500.9999995586,1.5537829282979998
3191712.000000011,1.5551598680719998
3223963.9999999898,1.556536807846
3256384.9999998696,1.5551598680719998
3288856.000000122,1.5496521089759998
3321157.9999998445,1.5537829282979998
3353318.9999999246,1.5579137476199998
3385510.9999997076,1.5537829282979998
3417902.0000001183,1.5537829282979998
3450292.9999999003,1.5496521089759998
3482444.9999997625,1.5496521089759998
3514745.99999988,1.5496521089759998
3547086.999999918,1.5537829282979998
3579539.0000001295,1.5551598680719998
3611839.999999618,1.5537829282979998
3644032.00000003,1.5537829282979998
3676282.9999997746,1.5551598680719998
3708625.0000000466,1.5537829282979998
3740925.9999995353,1.5496521089759998
3773156.999999634,1.5537829282979998
3805568.9999999246,1.5551598680719998
3837929.999999609,1.5537829282979998
3870290.999999922,1.5537829282979998
3902472.9999998817,1.556536807846
3934683.9999997057,1.5537829282979998
3966905.9999995865,1.5537829282979998
3999266.9999998994,1.5551598680719998
4031647.9999998584,1.5537829282979998
4063689.999999781,1.5551598680719998
4095890.999999782,1.5496521089759998
4128082.999999565,1.5496521089759998
4160574.000000092,2.017811632136
4192654.999999702,2.0136808128139996
4224936.999999778,2.017811632136
4257277.9999998165,2.01918857191
4289519.999999972,2.0136808128139996
4321780.99999954,2.0136808128139996
4353971.999999718,2.0136808128139996
4386183.999999776,2.0136808128139996
4418514.999999991,2.0136808128139996
4450926.999999653,2.017811632136
4483108.000000007,2.0136808128139996
4515248.999999813,2.023319391232
4547451.0000000475,2.017811632136
4579671.9999996945,2.034334909424
4611972.999999812,2.03295796965
4644175.000000047,2.0136808128139996
4676545.999999554,2.0136808128139996
4708948.000000021,2.031581029876
4741368.999999901,2.02607327078
4773819.999999879,2.0136808128139996
4806202.000000072,2.0136808128139996
4838632.999999775,2.03295796965
4870944.999999949,2.0136808128139996
4903285.999999987,2.017811632136
4935616.999999573,2.03295796965
4968068.999999785,2.0136808128139996
5000500.000000116,2.0136808128139996
5032720.999999763,2.017811632136
5065152.9999997,2.02607327078
5097433.999999543,2.017811632136
5129874.999999697,2.03295796965
5162076.999999932,2.034334909424
5194397.999999695,2.030204090102
5226679.999999772,2.0136808128139996
5258980.999999889,2.034334909424
5291301.999999653,2.020565511684
5323604.000000004,2.031581029876
5355905.000000121,2.0136808128139996
5388076.999999629,2.034334909424
5420547.999999882,2.0136808128139996
5452828.999999724,2.027450210554
5485090.999999526,2.017811632136
5517262.000000058,2.0136808128139996
5549603.000000096,2.031581029876
5581954.999999562,2.034334909424
5614215.999999759,2.024696331006
5646737.999999989,2.034334909424
5678938.99999999,2.0136808128139996
5711359.99999987,2.03295796965
5743660.999999987,2.017811632136
5776212.999999686,2.0136808128139996
5808534.000000078,2.023319391232
5840724.9999996275,2.01918857191
5872915.999999805,2.031581029876
5905407.999999938,2.0136808128139996
5937808.999999543,2.023319391232
5970190.00000013,2.017811632136
6002540.999999992,2.0136808128139996
6034772.999999695,2.0136808128139996
6067083.999999636,2.0136808128139996
6099464.999999595,2.01918857191
6131905.9999997495,2.017811632136
6170421.999999904,2.0219424514579996
6202883.9999999385,2.0136808128139996
6235444.999999856,2.0136808128139996
6267785.999999894,2.0136808128139996
6300176.999999676,2.03295796965
6332617.9999998305,2.0136808128139996
6365059.99999959,2.03295796965
6397440.999999549,2.027450210554
6429822.000000137,2.0288271503279995
6462172.999999998,2.03295796965
6494534.999999916,2.034334909424
6527086.00000001,2.02607327078
6559357.00000003,2.02607327078
6591787.999999733,2.0136808128139996
6624259.99999959,2.0219424514579996
6656721.00000002,2.03295796965
6689211.999999918,2.0136808128139996
6721612.999999523,2.03295796965
6753893.999999994,2.0136808128139996
6786345.999999577,2.03295796965
6818916.999999946,2.020565511684
6851651.999999676,2.03295796965
6883984.000000125,2.031581029876
6916304.999999888,2.030204090102
6948665.9999995725,2.0136808128139996
6981046.999999532,2.0288271503279995
7013358.999999706,2.0136808128139996
7045680.000000098,2.034334909424
7077901.999999979,2.0136808128139996
7110362.999999779,2.017811632136
7142693.999999994,2.0136808128139996
7176665.000000107,2.0136808128139996
7209487.999999663,2.034334909424
7241748.999999859,2.0136808128139996
7278598.000000091,2.0136808128139996
7310698.999999976,2.017811632136
7342788.9999998035,2.034334909424
7374929.999999609,2.0288271503279995
7407010.999999847,2.017811632136
7439092.000000086,2.0136808128139996
7470981.999999681,2.0136808128139996
7502952.9999999795,2.03295796965
7535143.999999529,2.0136808128139996
7567124.999999651,2.03295796965
7599334.99999987,2.03295796965
7631305.99999954,2.0136808128139996
7663356.999999681,2.0136808128139996
7695237.999999686,2.0136808128139996
7727328.0000001425,2.0288271503279995
7759218.999999971,2.03295796965
7791109.9999998,2.01918857191
7823140.999999666,2.017811632136
7855072.000000044,2.02607327078
7887382.999999984,2.0219424514579996
7919482.999999635,2.0136808128139996
7951514.000000129,2.03295796965
7983564.999999641,2.03295796965
8015636.000000057,2.02607327078
8047615.999999945,2.0136808128139996
8079536.9999998715,2.034334909424
8111618.00000011,2.0136808128139996
8143738.9999996405,2.027450210554
8175798.999999999,2.0136808128139996
8207769.999999669,2.0219424514579996
8239890.999999829,2.017811632136
8272001.999999536,2.0136808128139996
8304141.999999736,2.017811632136
8336312.99999964,2.027450210554
8368303.999999585,2.0136808128139996
8400265.00000006,2.017811632136
8432464.999999829,2.030204090102
8464585.999999987,2.020565511684
8496626.999999676,2.03295796965
8528647.999999719,2.027450210554
8560717.9999999,2.03295796965
8592608.999999728,2.0136808128139996
8624519.999999832,2.03295796965
8656570.999999974,2.0136808128139996
8688740.999999642,2.0136808128139996
8720831.999999704,2.034334909424
8752803.000000004,2.030204090102
8784894.000000063,2.0136808128139996
8817003.999999538,2.023319391232
8848925.000000093,2.0288271503279995
8881065.9999999,2.017811632136
8913196.99999988,2.0288271503279995
8945316.999999806,2.03295796965
8977328.000000026,2.024696331006
9009438.999999734,2.027450210554
9041480.000000052,2.03295796965
9073720.999999974,2.0136808128139996
9105761.000000056,2.034334909424
9137761.999999825,2.031581029876
9169822.999999788,2.024696331006
9201934.000000125,2.0136808128139996
9233883.999999914,2.023319391232
9265935.000000056,2.01918857191
9297795.999999788,2.0136808128139996
9329776.999999909,2.031581029876
9361786.999999896,2.0136808128139996
9393757.999999564,2.02607327078
9425768.999999784,2.024696331006
9457899.999999767,2.034334909424
9489930.000000028,2.034334909424
9521990.999999993,2.0136808128139996
9554042.000000132,2.031581029876
9586122.999999743,2.0288271503279995
9618092.999999806,2.020565511684
9650034.000000007,2.0288271503279995
9681954.999999935,2.0136808128139996
9713955.999999702,2.0219424514579996
9745976.999999747,2.0136808128139996
9778077.999999631,2.0136808128139996
9809697.999999601,2.03295796965
9841648.999999627,2.0136808128139996
9873709.99999959,2.0136808128139996
9905800.999999652,2.030204090102
9937911.999999989,2.03295796965
9969952.00000007,2.03295796965
10001882.999999821,2.03295796965
10033964.00000006,2.031581029876
10065994.999999925,2.030204090102
10097976.000000048,2.020565511684
10129995.999999857,2.0136808128139996
10162036.999999546,2.034334909424
10193977.999999747,2.0288271503279995
10225888.999999851,2.023319391232
10257809.999999776,2.0136808128139996
10290059.999999916,2.034334909424
10322140.999999527,2.0136808128139996
10354202.00000012,2.017811632136
10386303.000000004,2.017811632136
10418442.999999575,2.034334909424
10450493.999999715,2.03295796965
10482614.999999873,2.0136808128139996
10514725.999999583,2.0136808128139996
10546875.999999605,2.017811632136
10578886.999999825,2.0136808128139996
10611027.999999631,2.01918857191
10643158.999999613,2.0288271503279995
10675238.999999616,2.02607327078
10707189.999999642,2.017811632136
10739300.999999978,2.0136808128139996
10771392.00000004,2.03295796965
10803402.000000026,2.030204090102
10835383.000000147,2.031581029876
10867444.000000112,2.0136808128139996
10899505.000000075,2.030204090102
10931585.000000078,2.01918857191
10963506.000000006,2.031581029876
10995316.999999993,2.01918857191
11027457.999999799,2.02607327078
11059238.999999687,2.034334909424
11091159.999999613,2.0136808128139996
11122959.999999544,2.0136808128139996
11155010.999999683,2.01918857191
11187171.999999765,2.0136808128139996
11219202.999999631,2.034334909424
11251183.999999752,2.0219424514579996
11283133.999999542,2.01918857191
11315184.999999683,2.02607327078
11347235.999999825,2.030204090102
11379107.000000007,2.030204090102
11411217.999999713,2.023319391232
11443307.999999542,2.03295796965
11475378.999999957,2.0136808128139996
11507309.999999706,2.020565511684
11539320.999999925,2.017811632136
11571391.999999713,2.017811632136
11603541.999999736,2.027450210554
11635403.000000097,2.0219424514579996
11667383.99999959,2.0136808128139996
11699345.000000065,2.024696331006
11731355.999999657,2.02607327078
11763456.999999542,2.0136808128139996
11795376.999999862,2.03295796965
11827318.000000063,2.0136808128139996
11859059.000000032,2.0136808128139996
11891099.99999972,2.03295796965
11923090.999999665,2.027450210554
11955171.999999903,2.027450210554
11987001.999999933,2.0136808128139996
12018803.000000097,2.0219424514579996
12050853.999999609,2.030204090102
12082605.000000028,2.017811632136
12114635.999999894,2.034334909424
12146666.99999976,2.03295796965
12178657.0000001,2.03295796965
12210587.99999985,2.0136808128139996
12242398.999999836,2.0288271503279995
12274300.000000115,2.0136808128139996
12306340.999999806,2.0136808128139996
12338531.999999983,2.0136808128139996
12370462.000000127,2.0288271503279995
12402482.999999542,2.0136808128139996
12434573.999999603,2.030204090102
12466524.999999627,2.027450210554
12498556.000000123,2.017811632136
12530475.999999814,2.023319391232
12562377.000000095,2.0136808128139996
12594407.99999996,2.017811632136
12626643.99999997,2.0136808128139996
12658533.999999566,2.024696331006
12690635.000000078,2.02607327078
12722545.999999553,2.02607327078
12754736.999999732,2.0136808128139996
12786598.000000091,2.017811632136
12818558.999999939,2.0136808128139996
12850708.999999963,2.0136808128139996
12882730.000000004,2.017811632136
12914711.000000127,2.0136808128139996
12946731.999999542,2.034334909424
12978802.999999955,2.0136808128139996
13010852.999999862,2.017811632136
13042773.99999979,2.01918857191
13074694.999999717,2.024696331006
13106635.999999918,2.0136808128139996
13138687.000000058,2.0136808128139996
13170667.999999551,2.031581029876
13202597.999999695,2.0136808128139996
13234709.000000032,2.0288271503279995
13266699.999999978,2.017811632136
13298690.999999922,2.03295796965
13330661.999999592,2.03295796965
13362652.999999538,2.031581029876
13394582.999999681,2.034334909424
13426753.999999585,2.0136808128139996
13458834.999999823,2.0136808128139996
13490785.999999847,2.0136808128139996
13522766.99999997,2.0288271503279995
13554697.999999719,2.027450210554
13586837.999999918,2.023319391232
13618688.999999827,2.03295796965
13650660.000000127,2.03295796965
13682550.999999955,2.03295796965
13714400.999999627,2.0136808128139996
13746292.000000086,2.027450210554
13789702.999999747,2.023319391232
13821753.999999888,2.0288271503279995
13853774.99999993,2.027450210554
13885646.000000112,2.0288271503279995
13917761.999999732,2.0136808128139996
13949952.99999991,2.023319391232
13981883.99999966,2.034334909424
14013894.999999879,2.024696331006
14045935.999999568,2.0136808128139996
14077906.999999866,2.0136808128139996
14109927.99999991,2.03295796965
14141918.999999855,2.031581029876
14174070.000000112,2.0219424514579996
14206120.000000019,2.034334909424
14238200.999999627,2.0136808128139996
14270351.999999885,2.020565511684
14302333.000000007,2.031581029876
14334354.00000005,2.017811632136
14366394.99999974,2.024696331006
14398515.9999999,2.024696331006
14430586.00000008,2.0136808128139996
14462636.999999592,2.017811632136
14494787.99999985,2.017811632136
14526788.999999616,2.02607327078
14558790.000000015,2.0288271503279995
14590920.999999996,2.030204090102
14622841.999999922,2.017811632136
14654842.99999969,2.023319391232
14686823.999999814,2.024696331006
14718893.999999994,2.0136808128139996
14750784.999999823,2.01918857191
14782745.99999967,2.0136808128139996
14814586.999999754,2.0136808128139996
14846717.999999737,2.0136808128139996
14878689.000000037,2.03295796965
14910409.99999973,2.02607327078
14942161.000000149,2.020565511684
14973961.999999685,2.0136808128139996
15005772.999999672,2.0136808128139996
15037763.999999616,2.0136808128139996
15069664.999999898,2.03295796965
15101625.999999745,2.017811632136
15133686.99999971,2.03295796965
15150356.999999564,2.03295796965
15166247.999999626,2.03295796965
15182107.999999985,2.0136808128139996
15198048.99999979,2.01918857191
15213898.999999696,2.0136808128139996
15229810.000000034,2.0136808128139996
15245809.999999799,2.0136808128139996
15261740.999999782,2.024696331006
15277670.99999953,2.030204090102
15293532.000000123,2.0136808128139996
15309401.999999676,2.031581029876
15325461.999999639,2.030204090102
15341522.999999836,2.017811632136
15357432.999999937,2.02607327078
15373383.999999566,2.0136808128139996
15389363.999999687,2.0136808128139996
15405334.99999959,2.0136808128139996
15421314.999999711,2.0136808128139996
15437335.999999987,2.01918857191
15453265.999999736,2.017811632136
15469166.000000015,2.0136808128139996
15485307.000000052,2.0136808128139996
15501426.999999583,2.017811632136
15517347.999999743,2.0136808128139996
15533337.999999687,2.01918857191
15549349.000000138,2.017811632136
15565288.99999971,2.01918857191
15581309.999999985,2.0136808128139996
15597379.999999773,2.0136808128139996
15613429.99999991,2.0136808128139996
15629470.999999832,2.0136808128139996
15645560.999999894,2.017811632136
15661601.999999816,2.0136808128139996
15677712.999999756,2.0136808128139996
15693832.999999914,2.0136808128139996
15709733.999999799,2.0136808128139996
15725745.999999857,2.023319391232
15741836.999999523,2.0136808128139996
15757956.99999968,2.017811632136
15774037.999999523,2.0136808128139996
15790117.999999762,2.017811632136
15806158.999999683,2.017811632136
15822089.00000006,2.0136808128139996
15838079.999999609,2.01918857191
15854059.99999973,2.017811632136
15869990.999999713,2.0136808128139996
15885900.999999814,2.0136808128139996
15901891.999999993,2.0136808128139996
15917781.999999821,2.030204090102
15933601.99999963,2.01918857191
15949562.99999971,2.01918857191
15965362.999999873,2.017811632136
15981263.999999758,2.017811632136
15997173.999999858,2.01918857191
16013134.99999994,2.0136808128139996
16029084.999999963,2.01918857191
16044985.999999847,2.017811632136
16060996.000000067,2.0136808128139996
16076957.000000145,2.017811632136
16092966.999999736,2.0136808128139996
16108986.999999778,2.017811632136
16124797.999999998,2.017811632136
16140848.000000138,2.017811632136
16156808.99999959,2.017811632136
16172758.999999613,2.0136808128139996
16188809.999999985,2.01918857191
16204900.000000047,2.0136808128139996
16220890.999999596,2.0136808128139996
16236880.99999954,2.017811632136
16252930.99999968,2.0136808128139996
16268821.999999741,2.0136808128139996
16284841.999999784,2.020565511684
16300812.999999687,2.017811632136
16316892.999999924,2.017811632136
16332924.000000022,2.0219424514579996
16348773.99999993,2.0136808128139996
16364773.999999696,2.0136808128139996
16380814.999999618,2.017811632136
16396804.999999562,2.020565511684
16412695.999999624,2.0136808128139996
16428615.99999955,2.017811632136
16444627.000000002,2.0136808128139996
16460537.000000104,2.0136808128139996
16476608.000000123,2.017811632136
16492627.999999538,2.017811632136
16510137.999999616,2.0976741390279994
16526058.999999776,2.0976741390279994
16542078.999999817,2.0976741390279994
16558100.000000093,2.0976741390279994
16574099.99999986,2.0976741390279994
16590200.999999978,2.0976741390279994
16606140.99999955,2.0976741390279994
16622090.999999572,2.0976741390279994
16638081.99999975,2.0976741390279994
16654082.000000145,2.0976741390279994
16670123.000000067,2.0976741390279994
16686162.999999756,2.0976741390279994
16702114.000000013,2.0976741390279994
16718243.999999994,2.0976741390279994
16730674.000000069,2.0976741390279994
16746574.999999953,2.0976741390279994
16762584.999999544,2.0976741390279994
16778475.999999605,2.0976741390279994
16794405.99999998,2.0976741390279994
16810416.999999806,2.0976741390279994
16826536.999999963,2.0976741390279994
16842587.99999971,2.0976741390279994
16858477.999999538,2.0976741390279994
16874477.999999933,2.0976741390279994
16890378.999999817,2.0976741390279994
16906438.99999978,2.0976741390279994
16922479.999999702,2.0976741390279994
16938419.999999903,2.0976741390279994
16954380.99999998,2.0976741390279994
16970260.999999985,2.0976741390279994
16986441.999999948,2.0976741390279994
17002532.000000007,2.0976741390279994
17018571.999999695,2.0976741390279994
17034652.999999538,2.0976741390279994
17050672.99999958,2.0976741390279994
17066623.999999836,2.0976741390279994
17082683.9999998,2.0976741390279994
17098595.000000134,2.0976741390279994
17114704.999999844,2.0976741390279994
17130645.999999646,2.0976741390279994
17146646.000000045,2.0976741390279994
17162677.00000014,2.0976741390279994
17178646.99999981,2.0976741390279994
17194636.999999754,2.0976741390279994
17210607.999999657,2.0976741390279994
17226667.99999962,2.0976741390279994
17242578.999999955,2.0976741390279994
17258468.999999784,2.0976741390279994
17274560.00000008,2.0976741390279994
17290609.99999959,2.0976741390279994
17306730.99999998,2.0976741390279994
17322751.000000022,2.0976741390279994
17338740.99999997,2.0976741390279994
17354772.000000067,2.0976741390279994
17370762.00000001,2.0976741390279994
17386772.999999836,2.0976741390279994
17402713.000000037,2.0976741390279994
17418733.999999683,2.0976741390279994
17434774.0,2.0976741390279994
17450824.999999743,2.0976741390279994
17466804.999999866,2.0976741390279994
17482815.000000082,2.0976741390279994
17498856.000000007,2.0976741390279994
17514865.999999598,2.0976741390279994
17530586.999999523,2.0976741390279994
17546647.00000011,2.0976741390279994
17562688.000000037,2.0976741390279994
17578568.00000004,2.0976741390279994
17594557.999999985,2.0976741390279994
17610498.99999979,2.0976741390279994
17626418.999999717,2.0976741390279994
17724372.99999995,2.0976741390279994
17740334.00000003,2.0976741390279994
17756284.000000056,2.0976741390279994
17772264.99999978,2.0976741390279994
17788095.00000004,2.10180495835
17804026.000000022,2.0976741390279994
17819995.999999695,2.10180495835
17835935.999999896,2.1073127174460002
17851966.999999993,2.111443536768
17867926.99999984,2.1155743560899998
17883957.999999937,2.1224590549599998
17899938.00000006,2.126589874282
17916009.00000008,2.12934375383
17931968.999999925,2.1348515129259997
17948049.99999977,2.1403592720219997
17964020.000000067,2.1431131515699997
17980040.000000108,2.1486209106659997
17996130.999999773,2.1527517299879997
18012061.00000015,2.1582594890839997
18028102.00000007,2.1623903084059997
18044061.999999918,2.1678980675019996
18060185.999999754,2.174782766372
18076145.9999996,2.188552164112
18092126.999999955,2.1995676823039996
18108146.999999996,2.21196014027
18124178.000000097,2.22572953801
18140187.999999687,2.23949893575
18156157.999999985,2.251891393716
18172198.999999907,2.265660791456
18188228.99999977,2.279430189196
18204229.999999773,2.29457652671
18220109.999999776,2.3069689846759998
18236100.999999955,2.3221153221899997
18252110.999999546,2.3372616597039997
18268171.99999974,2.3496541176699997
18284161.999999687,2.3648004551839996
18300132.99999959,2.3799467926979996
18316142.999999806,2.3950931302120004
18332312.99999971,2.4116164074999995
18348254.00000014,2.426762745014
18364363.99999985,2.4419090825279994
18380474.99999979,2.458432359816
18396474.999999557,2.474955637104
18412525.999999933,2.4914789143919998
18428525.9999997,2.5080021916799997
18444596.00000011,2.5245254689679997
18460516.999999642,2.5396718064819996
18476506.999999586,2.5561950837699996
18492537.999999687,2.5740953008320004
18508697.999999765,2.591995517894
18524738.999999687,2.609895734956
18540739.000000082,2.629172891792
18556719.99999981,2.64569616908
18572690.000000108,2.6635963861420002
18588659.999999776,2.6842504827519997
18604650.999999955,2.7021506998139992
18620720.99999974,2.7200509168759996
18636711.999999918,2.740705013486
18652841.9999999,2.759982170322
18668892.999999642,2.780636266932
18684932.999999963,2.7999134237679995
18700863.999999944,2.820567520378
18716883.999999985,2.8425985567620002
18732913.99999985,2.8632526533719997
18749024.99999979,2.8852836897559997
18765135.000000127,2.9059377863659996
18781145.999999948,2.92796882275
18797175.999999814,2.9513767989079995
18813176.999999814,2.974784775066
18829117.000000015,2.995438871676
18845107.999999564,3.018846847834
18861157.999999706,3.0422548239919998
18877198.999999627,3.0684166796979992
18893208.999999844,3.0904477160819996
18909228.99999989,3.1152326320139996
18925169.999999695,3.1413944877199995
18941199.999999557,3.1689332831999995
18957180.99999991,3.193718199132
18973210.999999776,3.2185031150639993
18989181.99999968,3.2460419105439997
19005191.9999999,3.273580706024
19021132.999999706,3.3024964412779996
19037152.999999747,3.32728135721
19053212.99999971,3.3561970924639994
19069183.999999613,3.386489767492
19085193.999999832,3.4167824425199997
19101344.999999695,3.4456981777739997
19117504.999999773,3.475990852802
19133465.99999985,3.5076604676039995
19149525.999999814,3.537953142632
19165436.999999523,3.5709996972079994
19181526.999999583,3.6040462517839997
19197557.99999968,3.63709280636
19213617.999999642,3.670139360935999
19229637.999999687,3.703185915512
19245689.00000006,3.7389863496359994
19261668.999999553,3.7734098439859993
19277719.999999925,3.810587217884
19293649.999999672,3.847764591782
19309650.999999676,3.8849419656799995
19325710.99999964,3.9221193395779994
19341691.999999993,3.9634275327979998
19357661.99999966,4.000604906695999
19373662.999999665,4.00198184647
19389542.99999967,4.00198184647
19405632.999999728,4.00198184647
19421684.0000001,4.00198184647
19437623.999999672,4.00198184647
19453784.999999985,4.006112665792
19469784.999999754,4.00198184647
19485766.000000108,4.00198184647
19501896.00000009,4.006112665792
19517875.999999583,4.00198184647
19533936.999999776,4.00198184647
19549936.999999546,4.00198184647
19565967.999999642,4.006112665792
19581937.99999994,4.006112665792
19597878.999999747,4.00198184647
19613948.999999534,4.00198184647
19630079.999999747,4.006112665792
19646139.99999971,4.00198184647
19662099.999999557,4.006112665792
19678100.99999956,4.00198184647
19694070.99999986,4.00198184647
19710001.99999984,4.00198184647
19725972.000000138,4.00198184647
19741952.999999862,4.00198184647
19757963.000000082,4.00198184647
19773833.99999987,4.00198184647
19789803.999999538,4.00198184647
19805693.999999993,4.00198184647
19821725.000000093,4.00198184647
19837664.999999665,4.00198184647
19853576.0,4.00198184647
19869515.99999957,4.00198184647
19885506.99999975,4.00198184647
19901566.999999713,4.006112665792
19917447.99999995,4.00198184647
19933327.999999955,4.00198184647
19949357.99999982,4.006112665792
19965398.999999743,4.00198184647
19981348.999999765,4.006112665792
19997249.99999965,4.006112665792
20013329.99999989,4.00198184647
20029281.000000145,4.00198184647
20045360.999999754,4.00198184647
20061301.99999956,4.00198184647
20077192.000000015,4.00198184647
20093261.999999803,4.006112665792
20109283.00000008,4.006112665792
20125242.999999925,4.00198184647
20141164.000000082,4.007489605566
20157073.999999557,4.00198184647
20173124.99999993,4.00198184647
20189065.00000013,4.00198184647
20204966.000000015,4.00198184647
20220965.999999784,4.00198184647
20236945.999999903,4.00198184647
20252916.999999806,4.00198184647
20269036.999999963,4.00198184647
20284977.99999977,4.00198184647
20300987.99999999,4.006112665792
20316928.999999795,4.00198184647
20332888.999999642,4.00198184647
20348970.00000011,4.00198184647
20365009.9999998,4.00198184647
20380919.999999903,4.00198184647
20396880.99999998,4.006112665792
20412861.000000104,4.00198184647
20428851.999999654,4.00198184647
20444931.99999989,4.006112665792
20460942.999999713,4.00198184647
20476892.99999974,4.00198184647
20492902.999999955,4.007489605566
20508783.999999568,4.0129973646620005
20524723.999999765,4.017128183984
20540734.99999959,4.019882063532
20556744.99999981,4.0240128828540005
20572735.999999985,4.028143702175999
20588625.999999814,4.033651461272
20604555.999999564,4.037782280594
20620576.99999984,4.039159220368
20636646.999999624,4.04329003969
20652698.0,4.0487977987859995
20668667.99999967,4.055682497655999
20684688.999999944,4.0570594374299995
20700739.000000082,4.061190256752
20716698.99999993,4.0653210760739995
20732830.000000145,4.069451895395999
20748979.999999773,4.072205774944
20765001.00000005,4.07771353404
20780970.999999717,4.080467413588
20796921.999999974,4.085975172684
20812762.00000006,4.088729052232
20828671.99999953,4.092859871554
20844622.999999788,4.09836763065
20860722.999999672,4.101121510197999
20876634.000000007,4.105252329520001
20892573.99999958,4.110760088616
20908564.999999758,4.114890907938
20924554.999999702,4.11902172726
20940496.000000134,4.123152546582
20956486.000000082,4.127283365904001
20972436.000000104,4.132791125000001
20988426.999999654,4.134168064774
21004427.00000005,4.139675823869999
21020447.999999695,4.141052763644001
21036457.999999914,4.147937462514
21052408.99999954,4.150691342062
21068388.999999665,4.154822161384001
21084339.99999992,4.161706860254
21100229.999999747,4.165837679576
21116249.99999979,4.169968498898
21132320.99999981,4.172722378445999
21148310.999999754,4.176853197768001
21164341.99999985,4.179607077316
21180352.00000007,4.186491776186
21196322.999999974,4.190622595508
21212262.999999546,4.19475341483
21228263.999999546,4.1988842341520005
21244263.999999944,4.2043919932480005
21260263.99999971,4.208522812569999
21276245.000000067,4.211276692117999
21292344.999999948,4.219538330761999
21308306.00000003,4.2236691500840005
21324245.9999996,4.2291769091799996
21340217.000000134,4.2346846682759995
21356286.999999918,4.237438547824
21372297.000000138,4.2457001864679995
21388307.999999963,4.249831005790001
21404207.999999613,4.253961825112
21420228.99999989,4.260846523982001
21436268.999999575,4.264977343304
21452240.000000108,4.271862042174001
21468219.999999598,4.275992861496
21484209.999999546,4.281500620592
21500260.999999918,4.287008379688
21516210.99999994,4.29113919901
21532191.999999665,4.298023897879999
21548201.999999885,4.304908596750001
21564142.99999969,4.309039416071999
21580183.000000007,4.313170235394001
21596142.999999855,4.320054934264
21612173.99999995,4.322808813812
21628233.999999914,4.329693512682001
21644174.99999972,4.333824332004
21660285.000000056,4.340709030874001
21676275.999999605,4.346216789970001
21692335.999999568,4.350347609292
21708336.999999568,4.355855368388
21724227.000000026,4.361363127484
21740166.999999598,4.3682478263540006
21756108.00000003,4.372378645675999
21772117.99999962,4.3765094649980005
21788129.000000075,4.383394163868
21804079.000000097,4.388901922964
21819949.999999885,4.391655802512
21835869.99999981,4.397163561607999
21851799.999999557,4.39440968206
21867780.99999991,4.393032742286
21883791.00000013,4.3957866218340005
21899771.99999986,4.397163561607999
21915621.999999765,4.4012943809300005
21931512.999999825,4.404048260478
21947472.999999672,4.406802140026
21963403.999999654,4.4123098991220004
21979393.999999598,4.413686838896
21995363.999999896,4.419194597992001
22011374.99999972,4.423325417314
22027345.00000002,4.427456236636001
22043236.000000082,4.4315870559579995
22059235.999999847,4.4343409355059995
22075297.000000045,4.437094815054
22091346.999999553,4.4426025741499995
22107337.000000127,4.446733393472001
22123327.999999676,4.449487273020001
22139367.999999993,4.4536180923419995
22155308.9999998,4.457748911664001
22171228.999999724,4.461879730985999
22187210.00000008,4.466010550308001
22203189.99999957,4.470141369629999
22219239.99999971,4.475649128725999
22235310.99999973,4.479779948048
22251330.999999773,4.482533827596
22267282.00000003,4.486664646917999
22283171.99999986,4.490795466240001
22299132.999999937,4.497680165109999
22315152.999999978,4.501810984432001
22331092.999999553,4.505941803754
22347104.000000004,4.510072623076
22363113.999999594,4.514203442397999
22379144.999999695,4.518334261720001
22395134.999999635,4.523842020816
22411114.999999758,4.526595900364001
22426925.999999978,4.529349779912001
22443025.999999862,4.534857539008001
22459036.999999687,4.540365298104001
22474996.99999953,4.544496117426
22490917.99999969,4.547249996974
22506827.99999979,4.55275775607
22522919.00000009,4.558265515165999
22538848.999999836,4.55964245494
22554949.999999955,4.565150214036
22570939.999999896,4.569281033357999
22586920.00000002,4.5734118526800005
22603080.999999702,4.576165732228
22619020.999999903,4.58029655155
22634951.999999885,4.5844273708720005
22650921.999999553,4.588558190194
22666842.999999713,4.59406594929
22682782.999999914,4.598196768612
22698852.999999702,4.602327587934
22714873.999999978,4.606458407256
22731013.99999978,4.610589226578
22747024.999999605,4.616096985674001
22762814.999999944,4.618850865222001
22778806.000000123,4.624358624318001
22794796.000000067,4.627112503866
22810776.99999979,4.6312433231879995
22826787.00000001,4.638128022058
22842737.000000034,4.64225884138
22858657.999999564,4.645012720928
22874737.999999803,4.650520480024
22890698.99999988,4.656028239119999
22906749.000000022,4.657405178894001
22922748.99999979,4.661535998215999
22938700.000000045,4.668420697086
22954659.999999892,4.673928456182001
22970611.00000015,4.67668233573
22986700.999999583,4.682190094826
23002782.000000052,4.686320914147999
23018761.999999546,4.690451733470001
23034943.000000134,4.694582552791999
23050973.0,4.69733643234
23066962.99999994,4.701467251662001
23082954.00000012,4.705598070984
23098993.999999806,4.709728890306
23114884.99999987,4.712482769854001
23130744.999999598,4.716613589175999
23146795.999999974,4.719367468724
23162645.99999988,4.72487522782
23178735.99999994,4.729006047142001
23194746.999999765,4.733136866464
23210726.999999885,4.738644625559999
23226678.00000014,4.7400215653340005
23242627.999999538,4.744152384656
23258538.999999873,4.748283203978
23274619.00000011,4.7537909630740005
23290598.999999605,4.756544842622
23306599.999999605,4.760675661944
23322529.99999998,4.763429541492
23338701.00000012,4.768937300588001
23354680.99999961,4.771691180136
23370731.999999985,4.774445059684
23386741.999999575,4.777198939232001
23402732.000000145,4.778575879006
23418792.999999713,4.781329758554
23434802.999999933,4.782706698328
23450724.000000093,4.782706698328
23466693.99999976,4.782706698328
23482734.999999683,4.782706698328
23498714.999999806,4.782706698328
23514734.999999847,4.78683751765
23530656.000000007,4.78683751765
23546595.999999575,4.785460577876001
23562666.999999598,4.782706698328
23578697.00000009,4.781329758554
23594808.00000003,4.779952818780001
23610938.00000001,4.775821999458
23626977.999999702,4.771691180136
23642959.000000056,4.768937300588001
23658979.000000097,4.7675603608140005
23675050.000000115,4.76618342104
23691089.999999806,4.757921782396
23707001.00000014,4.7524140233
23723110.999999847,4.7455293244300005
23739132.000000123,4.7400215653340005
23755291.999999575,4.731759926690001
23771182.00000003,4.712482769854001
23787183.00000003,4.687697853922001
23803242.999999993,4.665666817538
23819213.999999896,4.657405178894001
23835183.999999568,4.653274359572
23851044.99999953,4.653274359572
23866974.999999907,4.646389660702001
23883004.999999773,4.64225884138
23898945.999999575,4.633997202736
23914866.00000013,4.62848944364
23930816.99999976,4.618850865222001
23946816.999999527,4.6147200458999995
23962727.999999862,4.611966166352
23978717.999999806,4.606458407256
23994669.000000063,4.6037045277079995
24010689.000000104,4.599573708386
24026730.00000003,4.596819828838
24042729.999999795,4.591312069742
24058669.999999996,4.5899351299680005
24074640.9999999,4.58718125042
24090570.999999646,4.583050431098
24106701.999999862,4.583050431098
24122701.999999627,4.578919611776
24138692.999999806,4.578919611776
24154612.99999973,4.578919611776
24170653.00000005,4.577542672001999
24186593.999999855,4.577542672001999
24202643.999999993,4.58029655155
24218594.999999624,4.583050431098
24234514.99999955,4.5844273708720005
24250585.999999568,4.578919611776
24266595.999999788,4.572034912906
24282477.000000026,4.561019394714
24298486.999999616,4.55275775607
24314557.999999635,4.545873057200001
24330639.000000104,4.544496117426
24346828.999999654,4.541742237877999
24362989.999999966,4.541742237877999
24379120.999999553,4.53898835833
24395300.999999907,4.537611418556
24411421.999999672,4.53898835833
24427572.99999953,4.536234478782
24443652.99999977,4.534857539008001
24459773.999999534,4.533480599234
24476025.00000014,4.53210365946
24492125.000000022,4.534857539008001
24508325.999999627,4.53210365946
24524486.99999994,4.529349779912001
24540687.999999546,4.529349779912001
24556937.999999918,4.527972840138
24573188.999999896,4.527972840138
24589320.00000011,4.527972840138
24605469.99999974,4.526595900364001
24621561.000000034,4.527972840138
24637772.00000009,4.526595900364001
24653902.00000007,4.526595900364001
24670043.00000011,4.525218960589999
24686052.999999702,4.526595900364001
24702333.999999776,4.527972840138
24718355.000000052,4.525218960589999
24734435.999999896,4.525218960589999
24750645.999999717,4.525218960589999
24766676.999999814,4.522465081042
24782996.99999958,4.526595900364001
24799218.000000086,4.526595900364001
24815318.999999575,4.525218960589999
24831438.99999973,4.522465081042
24847560.000000127,4.522465081042
24863550.999999676,4.523842020816
24879560.999999896,4.522465081042
24895711.999999754,4.521088141268
24911962.99999973,4.519711201494
24928124.000000045,4.519711201494
24944343.99999969,4.518334261720001
24960454.99999963,4.518334261720001
24976775.000000022,4.514203442397999
24992825.99999977,4.516957321946
25009027.0,4.515580382172
25025206.999999728,4.516957321946
25041377.999999862,4.515580382172
25057478.99999998,4.514203442397999
25073580.000000097,4.512826502624001
25089579.999999866,4.512826502624001
25105670.99999953,4.508695683302
25121741.99999955,4.508695683302
25137851.999999885,4.503187924205999
25154062.99999994,4.50456486398
25170133.999999963,4.500434044658
25186423.999999627,4.494926285562
25202624.99999986,4.492172406014
25218775.99999972,4.493549345788
25234876.99999984,4.492172406014
25250986.999999546,4.490795466240001
25267187.99999978,4.492172406014
25283318.999999993,4.489418526465999
25299479.000000075,4.490795466240001
25315590.000000015,4.488041586692
25331720.9999996,4.489418526465999
25347861.000000034,4.489418526465999
25363901.999999955,4.490795466240001
25380122.999999836,4.490795466240001
25396324.000000067,4.489418526465999
25412503.999999795,4.489418526465999
25428635.000000007,4.488041586692
25444815.99999997,4.489418526465999
25460996.999999925,4.488041586692
25477276.99999977,4.488041586692
25493478.000000004,4.488041586692
25509708.999999706,4.488041586692
25525788.999999944,4.488041586692
25541899.999999885,4.489418526465999
25558101.00000012,4.488041586692
25574212.00000006,4.490795466240001
25590331.999999586,4.490795466240001
25606483.00000008,4.488041586692
25622594.00000002,4.489418526465999
25638773.999999743,4.489418526465999
25654974.999999978,4.488041586692
25681583.999999728,4.489418526465999
25698259.000000127,4.488041586692
25714289.999999594,4.485287707144001
25730390.000000108,4.486664646917999
25746420.999999575,4.488041586692
25762420.999999974,4.488041586692
25778350.99999972,4.490795466240001
25794371.999999996,4.489418526465999
25810311.999999568,4.490795466240001
25826362.99999994,4.492172406014
25842402.99999963,4.48391076737
25858263.999999594,4.486664646917999
25874364.000000104,4.490795466240001
25890514.999999966,4.490795466240001
25906514.999999736,4.488041586692
25922465.999999993,4.488041586692
25938435.99999966,4.488041586692
25954487.000000034,4.486664646917999
25970486.999999803,4.488041586692
25986497.999999627,4.486664646917999
26002498.000000022,4.479779948048
26018608.999999963,4.482533827596
26034598.999999907,4.479779948048
26050609.99999973,4.478403008274
26066720.000000067,4.478403008274
26082791.000000086,4.479779948048
26098671.999999695,4.477026068500001
26114672.00000009,4.478403008274
26130721.9999996,4.481156887822
26146712.99999978,4.482533827596
26162723.0,4.479779948048
26178623.99999988,4.478403008274
26626987.999999873,4.033651461272
26643049.000000067,4.0487977987859995
26659069.00000011,4.058436377204
26675169.999999598,4.0653210760739995
26691299.999999583,4.0735827147179995
26707360.999999776,4.0818443533619995
26723340.9999999,4.0901059920059994
26739402.000000097,4.09836763065
26755282.0000001,4.105252329520001
26771353.00000012,4.113513968164002
26787343.000000063,4.121775606808
26803353.99999989,4.130037245452
26819343.999999832,4.138298884096
26835435.000000127,4.145183582965999
26851565.000000108,4.15344522161
26867585.00000015,4.160329920480001
26883685.99999964,4.165837679576
26899646.00000011,4.172722378445999
26915726.999999955,4.182360956864001
26931826.99999984,4.190622595508
26947877.999999583,4.197507294378
26963897.999999627,4.203015053474001
26979858.999999706,4.211276692117999
26995918.99999967,4.22229221031
27012079.99999998,4.230553848954
27028149.99999977,4.238815487598001
27044220.999999788,4.2457001864679995
27060220.999999553,4.251207945564
27076101.99999979,4.26360040353
27092121.999999836,4.271862042174001
27108292.99999997,4.277369801270001
27124282.999999914,4.287008379688
27140283.999999914,4.293893078558001
27156353.999999702,4.302154717202001
27172304.99999996,4.307662476298
27188285.00000008,4.300777777427999
27204396.00000002,4.303531656975999
27220365.999999687,4.302154717202001
27236377.00000014,4.304908596750001
27252336.99999999,4.309039416071999
27268357.999999635,4.31179329562
27284407.999999776,4.315924114942001
27300389.00000013,4.31867799449
27316379.000000075,4.321431874038001
27332339.999999523,4.324185753586
27348449.99999986,4.325562693359999
27364530.999999702,4.328316572908
27380490.99999955,4.333824332004
27396602.00000012,4.337955151326001
27412561.999999963,4.342085970647999
27428632.999999985,4.347593729744
27444592.99999983,4.348970669518001
27460584.000000007,4.354478428614001
27476513.999999758,4.358609247935999
27492584.999999776,4.361363127484
27508594.999999996,4.36687088658
27524575.99999972,4.3710017059020005
27540366.00000006,4.369624766127999
27556335.99999973,4.372378645675999
27572317.000000086,4.375132525224
27588296.99999958,4.3765094649980005
27604238.00000001,4.380640284319999
27620218.000000134,4.383394163868
27636248.999999605,4.3847711036420005
27652268.999999646,4.386148043415999
27668208.999999844,4.390278862738
27684279.999999866,4.393032742286
27700379.999999747,4.3957866218340005
27716361.000000104,4.398540501382
27732230.999999657,4.4012943809300005
27748061.999999523,4.404048260478
27764081.999999564,4.408179079799999
27780193.000000134,4.413686838896
27796152.999999978,4.4150637786699996
27812002.99999989,4.4178176582179995
27827994.000000063,4.4178176582179995
27843963.99999973,4.419194597992001
27859974.999999557,4.424702357088
27875954.99999968,4.424702357088
27891975.999999955,4.427456236636001
27907925.999999978,4.42883317641
27924027.000000097,4.4315870559579995
27939986.99999994,4.4315870559579995
27955967.000000063,4.4343409355059995
27971887.999999594,4.4343409355059995
27987887.99999999,4.437094815054
28003898.999999814,4.438471754828001
28019958.999999776,4.438471754828001
28036039.000000015,4.441225634376
28052059.99999966,4.4426025741499995
28068089.999999523,4.445356453698
28084050.999999605,4.445356453698
28100090.99999992,4.446733393472001
28116071.99999965,4.449487273020001
28132002.000000026,4.450864212794
28147861.999999754,4.4536180923419995
28163922.99999995,4.452241152568
28179763.000000037,4.4536180923419995
28195853.999999702,4.454995032116001
28211843.999999646,4.454995032116001
28227794.999999903,4.457748911664001
28243705.000000004,4.459125851437999
28259664.99999985,4.459125851437999
28275715.999999598,4.459125851437999
28291715.999999993,4.459125851437999
28307747.00000009,4.463256670760001
28323706.999999937,4.461879730985999
28339628.000000097,4.457748911664001
28355627.999999862,4.457748911664001
28371517.99999969,4.459125851437999
28387518.99999969,4.457748911664001
28403409.00000015,4.45637197189
28419359.999999776,4.4536180923419995
28435269.99999988,4.454995032116001
28451280.999999702,4.457748911664001
28467340.999999665,4.457748911664001
28483411.999999687,4.45637197189
28499371.99999953,4.45637197189
28515451.99999977,4.452241152568
28531363.000000104,4.454995032116001
28547332.999999776,4.452241152568
28563273.99999958,4.452241152568
28579234.000000056,4.452241152568
28595165.000000037,4.450864212794
28611014.999999944,4.450864212794
28627006.000000123,4.449487273020001
28642975.99999979,4.4536180923419995
28658895.999999717,4.450864212794
28674886.999999896,4.449487273020001
28690906.999999937,4.449487273020001
28706927.999999583,4.452241152568
28722877.999999605,4.454995032116001
28738968.999999903,4.45637197189
28754958.999999844,4.457748911664001
28771039.000000082,4.457748911664001
28787069.999999553,4.457748911664001
28803060.000000127,4.450864212794
28819070.999999948,4.4536180923419995
28835040.99999962,4.457748911664001
28850931.99999968,4.457748911664001
28866851.999999605,4.459125851437999
28882821.999999903,4.45637197189
28898832.999999728,4.457748911664001
28914943.000000063,4.4536180923419995
28931014.000000082,4.45637197189
28947083.99999987,4.454995032116001
28963063.99999999,4.4536180923419995
28978955.000000052,4.4536180923419995
28995015.000000015,4.450864212794
29010985.999999918,4.459125851437999
29027005.99999996,4.4536180923419995
29042936.99999994,4.457748911664001
29058906.999999613,4.45637197189
29074867.000000086,4.457748911664001
29090897.999999557,4.457748911664001
29106888.000000127,4.459125851437999
29122828.999999933,4.45637197189
29138918.999999993,4.459125851437999
29154950.000000093,4.459125851437999
29170970.000000134,4.459125851437999
29187059.999999568,4.461879730985999
29203110.99999994,4.454995032116001
29219010.99999959,4.457748911664001
29234891.99999983,4.45637197189
29250932.000000145,4.457748911664001
29266941.999999736,4.460502791212001
29282812.999999523,4.459125851437999
29298822.999999743,4.459125851437999
29314793.999999646,4.461879730985999
29330754.00000012,4.463256670760001
29346804.999999866,4.461879730985999
29362764.99999971,4.461879730985999
29378636.000000127,4.460502791212001
29394416.000000015,4.461879730985999
29410445.99999988,4.464633610534
29430076.99999977,4.467387490082
29445977.00000005,4.464633610534
29461967.999999598,4.466010550308001
29477867.999999877,4.461879730985999
29493908.9999998,4.463256670760001
29509849.0,4.466010550308001
29525888.999999687,4.467387490082
29541889.999999687,4.463256670760001
29557939.99999983,4.464633610534
29573990.99999957,4.466010550308001
29590010.999999613,4.466010550308001
29605952.00000005,4.466010550308001
29621871.999999974,4.464633610534
29637861.999999918,4.467387490082
29653702.999999605,4.463256670760001
29669642.999999806,4.466010550308001
29685643.999999806,4.468764429856
29701563.99999973,4.468764429856
29717524.999999814,4.466010550308001
29733565.00000013,4.470141369629999
29749545.99999986,4.474272188952001
29765486.000000056,4.475649128725999
29781515.99999992,4.478403008274
29797507.0000001,4.474272188952001
29813527.00000014,4.474272188952001
29829487.999999594,4.472895249178
29845408.00000015,4.475649128725999
29861468.999999717,4.472895249178
29877399.000000093,4.472895249178
29893378.999999583,4.471518309404001
29909479.999999702,4.472895249178
29925480.000000097,4.472895249178
29941530.999999844,4.470141369629999
29957450.99999977,4.474272188952001
29973432.000000123,4.474272188952001
29989441.999999713,4.474272188952001
30005391.999999736,4.472895249178
30021422.999999836,4.472895249178
30037442.999999877,4.477026068500001
30053294.00000002,4.477026068500001
30069253.999999866,4.475649128725999
30085315.00000006,4.477026068500001
30101314.99999983,4.479779948048
30117364.999999966,4.477026068500001
30133326.00000005,4.479779948048
30149335.99999964,4.475649128725999
30165316.999999993,4.479779948048
30181297.00000011,4.481156887822
30197387.99999978,4.481156887822
30213367.9999999,4.479779948048
30229418.00000004,4.479779948048
30246366.999999736,4.479779948048
30262236.999999918,4.478403008274
30278247.999999743,4.478403008274
30294307.999999706,4.478403008274
30310348.000000022,4.479779948048
30326548.999999627,4.475649128725999
30342829.000000097,4.479779948048
30359080.000000075,4.475649128725999
30375230.999999937,4.477026068500001
30391410.99999966,4.474272188952001
30407602.00000007,4.474272188952001
30424076.999999605,4.475649128725999
30440357.000000075,4.474272188952001
30456637.999999523,4.474272188952001
30473078.99999991,4.474272188952001
30489269.00000009,4.471518309404001
30505389.99999985,4.470141369629999
30521814.999999642,4.471518309404001
30538004.999999817,4.471518309404001
30554175.999999955,4.470141369629999
30570417.000000108,4.470141369629999
30586587.00000001,4.470141369629999
30602728.00000005,4.468764429856
30618888.000000127,4.472895249178
30634999.000000067,4.471518309404001
30651059.999999635,4.467387490082
30667209.999999892,4.466010550308001
30683381.00000003,4.467387490082
30699662.000000104,4.468764429856
30715771.99999981,4.468764429856
30731952.99999977,4.468764429856
30748083.999999985,4.464633610534
30764233.999999613,4.466010550308001
30780474.99999977,4.463256670760001
30796544.999999553,4.468764429856
30812626.000000022,4.466010550308001
30828746.999999788,4.467387490082
30844996.99999953,4.464633610534
30861067.999999553,4.464633610534
30877258.999999963,4.467387490082
30893408.99999959,4.464633610534
30909519.99999953,4.461879730985999
30925679.99999961,4.463256670760001
30941901.00000012,4.464633610534
30958101.999999724,4.464633610534
30974352.000000097,4.461879730985999
30990512.99999978,4.461879730985999
31006733.000000052,4.464633610534
31022993.999999855,4.467387490082
31039235.000000007,4.459125851437999
31055514.99999985,4.463256670760001
31071635.999999613,4.459125851437999
31087765.999999598,4.463256670760001
31103987.000000104,4.457748911664001
31120197.99999953,4.460502791212001
31136467.999999553,4.460502791212001
31152698.99999988,4.459125851437999
31168849.999999743,4.460502791212001
31185059.999999568,4.457748911664001
31201300.99999972,4.459125851437999
31217450.999999978,4.459125851437999
31233671.99999986,4.459125851437999
31249771.99999974,4.459125851437999
31265912.99999978,4.459125851437999
31282103.99999956,4.45637197189
31298233.99999954,4.45637197189
31314374.999999583,4.45637197189
31330524.999999836,4.454995032116001
31346625.999999955,4.457748911664001
31362786.99999964,4.45637197189
31378956.99999954,4.45637197189
31395197.999999695,4.459125851437999
31411327.999999676,4.45637197189
31427478.999999538,4.457748911664001
31443719.999999695,4.457748911664001
31459949.99999979,4.457748911664001
31476170.999999672,4.459125851437999
31492402.0,4.45637197189
31508461.999999963,4.457748911664001
31524532.999999985,4.457748911664001
31540973.000000138,4.45637197189
31557194.00000002,4.45637197189
31573434.999999546,4.45637197189
31589624.99999972,4.459125851437999
31605825.999999955,4.461879730985999
31622005.99999968,4.45637197189
31638086.999999523,4.457748911664001
31654276.9999997,4.460502791212001
31670538.000000127,4.459125851437999
31686727.999999676,4.459125851437999
31702919.00000009,4.457748911664001
31719109.99999987,4.454995032116001
31735419.99999981,4.457748911664001
31751670.999999788,4.459125851437999
31767851.00000014,4.457748911664001
31784102.00000012,4.457748911664001
31800382.999999564,4.457748911664001
31816462.999999803,4.45637197189
31832723.999999605,4.460502791212001
31848853.999999583,4.459125851437999
31864994.999999624,4.459125851437999
31881125.999999836,4.4536180923419995
31897386.000000034,4.45637197189
31913676.999999933,4.459125851437999
31929846.999999836,4.459125851437999
31945997.999999695,4.461879730985999
31962248.000000067,4.460502791212001
31978418.999999575,4.460502791212001
31994669.999999553,4.459125851437999
32010809.999999985,4.460502791212001
32026920.999999925,4.457748911664001
32043050.999999907,4.459125851437999
32059261.999999963,4.457748911664001
32075462.999999568,4.460502791212001
32091563.000000082,4.463256670760001
32107774.000000138,4.457748911664001
32123853.999999747,4.460502791212001
32145286.999999687,4.459125851437999
32161522.99999993,4.463256670760001
32177742.999999575,4.461879730985999
32193863.999999966,4.464633610534
32210013.999999594,4.463256670760001
32226174.999999907,4.461879730985999
32244898.000000022,4.464633610534
32260929.00000012,4.463256670760001
32277059.0000001,4.464633610534
32293179.999999866,4.461879730985999
32309360.999999825,4.467387490082
32325500.999999627,4.459125851437999
32341622.000000022,4.464633610534
32357681.999999985,4.459125851437999
32373802.999999747,4.463256670760001
32390023.000000022,4.461879730985999
32406213.999999803,4.459125851437999
32422434.999999683,4.463256670760001
32438475.0,4.461879730985999
32454576.00000012,4.464633610534
32470725.999999747,4.460502791212001
32486826.999999862,4.461879730985999
32502907.0000001,4.459125851437999
32518957.999999844,4.463256670760001
32534958.999999844,4.463256670760001
32551158.999999844,4.463256670760001
32567349.999999627,4.461879730985999
32583479.99999961,4.461879730985999
32599660.999999568,4.461879730985999
32615680.99999961,4.461879730985999
32631881.999999844,4.461879730985999
32648002.0,4.463256670760001
32664132.99999959,4.466010550308001
32680214.00000006,4.466010550308001
32696353.999999866,4.470141369629999
32712444.99999953,4.461879730985999
32728545.00000004,4.466010550308001
32744645.99999953,4.470141369629999
32760895.999999903,4.467387490082
32777067.000000037,4.463256670760001
32793316.999999784,4.464633610534
32809518.000000015,4.463256670760001
32825667.999999642,4.467387490082
32841888.999999523,4.467387490082
32857889.999999523,4.464633610534
32873990.000000037,4.459125851437999
32890131.000000075,4.459125851437999
32906320.999999624,4.461879730985999
32922521.99999986,4.45637197189
32938621.99999974,4.450864212794
32954862.999999896,4.4426025741499995
32970983.000000052,4.43571787528
32987113.999999642,4.4315870559579995
33003265.00000013,4.4260792968619995
33019384.99999966,4.424702357088
33035615.999999993,4.419194597992001
33051765.99999962,4.4150637786699996
33067996.99999995,4.408179079799999
33084066.999999736,4.404048260478
33100167.999999855,4.39440968206
33116397.99999995,4.393032742286
33132648.99999993,4.38752498319
33148898.999999672,4.386148043415999
33165079.99999963,4.380640284319999
33181229.99999989,4.3737555854500005
33197331.000000007,4.3710017059020005
33213542.000000063,4.362740067258
33229731.999999613,4.359986187710001
33245962.99999994,4.358609247935999
33262072.99999965,4.351724549066
33278273.99999988,4.343462910422001
33294403.999999866,4.337955151326001
33310504.99999998,4.335201271778
33326744.999999903,4.335201271778
33342846.00000002,4.328316572908
33359025.999999747,4.342085970647999
33375176.999999605,4.3393320911
33391227.999999978,4.346216789970001
33407397.99999988,4.336578211551999
33423639.000000037,4.343462910422001
33439948.999999978,4.335201271778
33456139.999999758,4.329693512682001
33472129.999999702,4.340709030874001
33488260.999999918,4.343462910422001
33504350.999999978,4.336578211551999
33520621.9999996,4.337955151326001
33536731.999999937,4.3393320911
33552872.999999974,4.340709030874001
33569033.00000005,4.346216789970001
33585083.9999998,4.343462910422001
33601273.99999998,4.333824332004
33617415.000000015,4.3393320911
33633554.99999982,4.336578211551999
33649485.9999998,4.348970669518001
33665505.99999984,4.346216789970001
33681556.99999959,4.344839850195999
33697716.999999665,4.329693512682001
33713798.000000134,4.342085970647999
33729777.99999963,4.343462910422001
33745969.000000045,4.346216789970001
33761978.99999963,4.337955151326001
33778087.99999973,4.329693512682001
33794207.99999989,4.335201271778
33810269.00000009,4.344839850195999
33826278.99999968,4.347593729744
33842269.99999986,4.344839850195999
33858429.99999993,4.329693512682001
33874550.9999997,4.329693512682001
33890570.99999974,4.342085970647999
33906601.999999836,4.346216789970001
33922722.0,4.346216789970001
33938823.00000011,4.343462910422001
33954912.999999546,4.333824332004
33971103.999999955,4.329693512682001
33987233.99999994,4.346216789970001
34003284.99999969,4.344839850195999
34019384.99999957,4.344839850195999
34035505.999999955,4.335201271778
34051715.999999784,4.3393320911
34067847.0,4.333824332004
34084176.99999958,4.346216789970001
34100487.999999754,4.342085970647999
34116528.000000075,4.3393320911
34132618.99999974,4.335201271778
34148850.00000007,4.329693512682001
34164999.999999695,4.343462910422001
34181180.99999966,4.344839850195999
34197470.99999995,4.343462910422001
34213551.99999979,4.335201271778
34229801.99999954,4.337955151326001
34245983.00000013,4.344839850195999
34262232.999999866,4.3393320911
34278353.99999963,4.346216789970001
34294623.99999965,4.333824332004
34310834.99999971,4.347593729744
34327066.00000004,4.340709030874001
34343235.99999994,4.343462910422001
34359396.99999963,4.342085970647999
34375626.999999724,4.336578211551999
34391748.00000011,4.335201271778
34407878.0000001,4.347593729744
34424078.9999997,4.346216789970001
34440259.00000005,4.343462910422001
34456369.99999999,4.342085970647999
34472609.99999992,4.335201271778
34488921.00000009,4.335201271778
34504930.99999968,4.336578211551999
34520982.00000005,4.347593729744
34537102.999999814,4.347593729744
34553372.999999836,4.329693512682001
34569534.00000015,4.336578211551999
34585583.99999966,4.335201271778
34601764.99999962,4.344839850195999
34617884.99999978,4.346216789970001
34633936.00000015,4.337955151326001
34650225.999999814,4.329693512682001
34666366.99999985,4.335201271778
34682596.99999995,4.347593729744
34698677.99999979,4.347593729744
34714807.99999978,4.344839850195999
34730988.99999973,4.329693512682001
34747099.00000007,4.335201271778
34763240.000000104,4.342085970647999
34779429.99999966,4.346216789970001
34795590.99999997,4.342085970647999
34811791.999999575,4.329693512682001
34827901.99999991,4.346216789970001
34844052.99999977,4.346216789970001
34860142.99999983,4.346216789970001
34876293.999999695,4.344839850195999
34892334.00000001,4.337955151326001
34908494.999999695,4.333824332004
34924694.999999695,4.347593729744
34940945.99999967,4.346216789970001
34957065.99999983,4.3393320911
34973276.99999989,4.336578211551999
34989487.99999994,4.335201271778
35005687.99999994,4.329693512682001
35021878.999999724,4.3393320911
35038068.9999999,4.343462910422001
35054319.99999988,4.343462910422001
35070510.00000006,4.3393320911
35086700.999999836,4.3393320911
35102910.99999966,4.335201271778
35119051.9999997,4.344839850195999
35135261.99999952,4.343462910422001
35151422.999999836,4.335201271778
35167613.000000015,4.344839850195999
35183733.99999978,4.3393320911
35200003.99999979,4.346216789970001
35216275.000000045,4.343462910422001
35232475.99999965,4.336578211551999
35248705.99999975,4.329693512682001
35264937.00000008,4.343462910422001
35281106.999999985,4.344839850195999
35297217.999999925,4.347593729744
35313307.999999985,4.340709030874001
35329409.000000104,4.340709030874001
35345528.99999963,4.329693512682001
35361680.00000012,4.337955151326001
35377799.99999965,4.344839850195999
35394040.99999981,4.344839850195999
35410170.999999784,4.335201271778
35426372.00000002,4.329693512682001
35442532.0000001,4.336578211551999
35458802.999999724,4.346216789970001
35474852.999999866,4.346216789970001
35491043.99999964,4.346216789970001
35507313.999999665,4.336578211551999
35523444.99999988,4.336578211551999
35539655.99999993,4.337955151326001
35555855.99999993,4.336578211551999
35572106.99999991,4.3393320911
35588326.99999956,4.336578211551999
35604577.99999954,4.335201271778
35620727.99999979,4.335201271778
35636878.99999966,4.336578211551999
35653048.99999955,4.343462910422001
35669239.99999997,4.329693512682001
35685349.99999967,4.347593729744
35701431.00000015,4.340709030874001
35717590.9999996,4.350347609292
35733841.999999575,4.340709030874001
35750002.99999989,4.342085970647999
35766263.00000008,4.329693512682001
35782453.999999866,4.335201271778
35798563.99999957,4.348970669518001
35814774.99999963,4.348970669518001
35830834.99999959,4.343462910422001
35846885.99999996,4.329693512682001
35862985.99999985,4.329693512682001
35879227.0,4.329693512682001
35895506.99999984,4.344839850195999
35911598.000000134,4.347593729744
35927757.99999959,4.340709030874001
35943848.99999988,4.333824332004
35960018.999999784,4.336578211551999
35976290.00000004,4.347593729744
35992480.99999982,4.346216789970001
36008710.99999992,4.336578211551999
36024971.99999972,4.333824332004
36041042.000000134,4.335201271778
36057263.000000015,4.336578211551999
36073402.999999814,4.342085970647999
36089534.00000003,4.347593729744
36105633.99999992,4.329693512682001
36121884.999999896,4.329693512682001
36138084.999999896,4.336578211551999
36154326.000000045,4.348970669518001
36170505.99999978,4.346216789970001
36186546.999999695,4.337955151326001
36202736.99999987,4.336578211551999
36218868.00000009,4.329693512682001
36235117.99999983,4.340709030874001
36251288.99999997,4.342085970647999
36267519.99999967,4.342085970647999
36283749.99999977,4.335201271778
36299930.999999724,4.346216789970001
36316100.99999963,4.336578211551999
36332231.99999984,4.348970669518001
36348281.999999985,4.343462910422001
36364392.999999925,4.329693512682001
36380562.99999983,4.336578211551999
36396733.99999996,4.344839850195999
36412953.999999605,4.346216789970001
36429075.0,4.337955151326001
36445235.00000008,4.335201271778
36461376.00000012,4.329693512682001
36477476.999999605,4.337955151326001
36493706.9999997,4.346216789970001
36509957.99999968,4.342085970647999
36526028.0000001,4.343462910422001
36542139.00000004,4.335201271778
36558278.99999984,4.343462910422001
36574349.99999986,4.343462910422001
36590459.99999957,4.346216789970001
36606611.00000006,4.344839850195999
36622720.99999976,4.342085970647999
36638922.0,4.337955151326001
36655111.999999546,4.343462910422001
36671382.9999998,4.344839850195999
36687562.99999952,4.3393320911
36703613.999999896,4.342085970647999
36719715.000000015,4.336578211551999
36735875.00000009,4.329693512682001
36752155.99999954,4.342085970647999
36768315.99999962,4.348970669518001
36784467.00000011,4.333824332004
36800676.99999993,4.3393320911
36816887.999999985,4.329693512682001
36833087.999999985,4.340709030874001
36849259.00000013,4.346216789970001
36865378.99999966,4.344839850195999
36881439.99999985,4.329693512682001
36897509.999999635,4.329693512682001
36913720.999999695,4.335201271778
36929912.000000104,4.346216789970001
36946001.99999954,4.347593729744
36962153.00000003,4.329693512682001
36978252.99999991,4.335201271778
36994494.00000007,4.335201271778
37010633.999999866,4.346216789970001
37026824.99999965,4.346216789970001
37042924.99999954,4.348970669518001
37059095.99999967,4.333824332004
37075256.999999985,4.348970669518001
37091456.999999985,4.336578211551999
37107567.999999925,4.343462910422001
37123717.99999955,4.347593729744
37139748.99999965,4.3393320911
37156029.00000012,4.329693512682001
37172140.00000006,4.343462910422001
37188270.000000045,4.343462910422001
37204460.99999982,4.346216789970001
37220681.0000001,4.346216789970001
37236911.9999998,4.329693512682001
37253121.99999963,4.335201271778
37269332.99999968,4.3393320911
37285463.999999896,4.347593729744
37301724.00000009,4.343462910422001
37317935.00000015,4.329693512682001
37334184.999999896,4.336578211551999
37350365.99999985,4.333824332004
37366595.99999995,4.344839850195999
37382686.99999961,4.344839850195999
37398787.00000013,4.340709030874001
37414877.99999979,4.337955151326001
37431017.9999996,4.329693512682001
37447099.00000007,4.348970669518001
37463128.99999993,4.347593729744
37479190.000000134,4.337955151326001
37495371.00000009,4.31867799449
37511571.00000009,4.304908596750001
37527721.99999995,4.306285536524
37543921.99999995,4.315924114942001
37560072.999999814,4.329693512682001
37576223.00000007,4.321431874038001
37592303.99999991,4.295270018332
37608513.99999973,4.296646958106
37624724.99999979,4.306285536524
37640824.99999967,4.325562693359999
37656895.999999695,4.31867799449
37673015.99999985,4.306285536524
37689147.00000007,4.315924114942001
37705307.00000015,4.321431874038001
37721377.99999954,4.329693512682001
37737498.999999925,4.325562693359999
37753668.99999983,4.313170235394001
37769819.999999695,4.292516138784001
37785949.99999967,4.298023897879999
37802080.99999989,4.31867799449
37818231.00000015,4.325562693359999
37834382.00000001,4.310416355846001
37850491.99999972,4.306285536524
37866672.99999967,4.303531656975999
37882762.99999973,4.306285536524
37898854.00000003,4.31867799449
37915213.99999971,4.314547175167999
37931265.00000008,4.293893078558001
37947455.999999866,4.28425450014
37963536.000000104,4.292516138784001
37979717.00000006,4.303531656975999
37995836.99999959,4.31179329562
38011907.99999961,4.296646958106
38027938.000000104,4.275992861496
38044058.999999866,4.275992861496
38060179.00000003,4.293893078558001
38076299.99999979,4.298023897879999
38092391.00000008,4.288385319462001
38108580.999999635,4.2732389819479994
38124821.99999979,4.266354283078001
38140871.999999925,4.282877560366
38157062.99999971,4.287008379688
38173222.99999979,4.280123680818
38189303.99999963,4.269108162626
38205523.9999999,4.26360040353
38221644.99999967,4.269108162626
38237874.99999977,4.2732389819479994
38254015.99999981,4.280123680818
38270206.99999959,4.275992861496
38286476.999999605,4.260846523982001
38302687.999999665,4.240192427372
38318817.99999964,4.278746741044
38334969.000000134,4.277369801270001
38351069.000000015,4.274615921722001
38367219.99999988,4.241569367146
38383379.999999955,4.602327587934
38399489.999999665,4.275992861496
38415640.99999952,4.266354283078001
38431761.99999992,4.258092644434001
38447911.999999546,4.247077126242
38464122.999999605,4.2209152705360005
38480333.00000005,4.231930788728
38496523.999999836,4.255338764886
38512704.99999979,4.2732389819479994
38528804.99999968,4.247077126242
38544985.999999635,4.205768933022
38561175.999999814,4.197507294378
38577286.999999754,4.238815487598001
38593457.99999989,4.259469584208
38609697.999999814,4.248454066016
38625789.000000104,4.1961303546040005
38641978.99999966,4.186491776186
38658130.00000014,4.211276692117999
38674269.99999995,4.225046089858
38690360.99999961,4.2346846682759995
38706451.99999991,4.219538330761999
38722521.999999695,4.2043919932480005
38738742.999999575,4.2098997523440005
38754932.999999754,4.2291769091799996
38771103.99999989,4.2457001864679995
38787283.99999961,4.2346846682759995
38803514.99999994,4.2154075114400005
38819675.99999963,4.2098997523440005
38835805.99999961,4.237438547824
38852016.999999665,4.247077126242
38868146.99999965,4.24294630692
38884237.99999994,4.2209152705360005
38900477.999999866,4.208522812569999
38916649.0,4.2291769091799996
38932699.99999975,4.238815487598001
38948859.99999982,4.24294630692
38965100.99999998,4.218161390988
38981300.99999998,4.211276692117999
38997472.00000011,4.216784451214
39013642.000000015,4.2264230296320004
39029832.9999998,4.237438547824
39046022.99999998,4.216784451214
39062213.999999754,4.191999535282
39078364.99999962,4.17409931822
39094494.9999996,4.208522812569999
39110695.999999836,4.22229221031
39126846.00000009,4.2098997523440005
39143016.9999996,4.172722378445999
39159196.99999995,4.142429703418
39175247.999999695,4.172722378445999
39191509.00000013,4.190622595508
39207598.99999955,4.2043919932480005
39223710.00000013,4.163083800028
39239819.999999836,4.117644787485999
39256080.999999635,3.7968178201439997
39272240.99999971,3.3561970924639994
39288421.99999967,2.92796882275
39304512.99999996,2.5024944325839997
39320732.99999961,2.0563659458079995
39336903.99999975,1.635022374964
39352913.99999997,1.2040402257019998
39369055.00000001,0.774435016214
39385124.99999979,0.344829806726
39401275.99999965,0.266344239608
39417556.999999724,0.0033487427739999995
39433826.99999975,0.006102622322
39449887.99999994,0.007479562096000001
39466067.999999665,0.006102622322
39477438.99999987,0.006102622322
