UTC,downhole pressure [kPa],CO2 partial pressure [kPa],pH
04/04/2023 15:06:55.950,77.64,0.107247851625695,7.1402
04/04/2023 17:01:17.150,77.64,0.130130154632882,7.1402
04/06/2023 07:30:32.580,77.64,1.16648193506952,7.1402
04/06/2023 12:53:58.350,77.64,0.650427917679089,7.1402
04/07/2023 13:22:03.290,77.64,1.44726426076653,7.1402
04/08/2023 13:50:08.070,77.64,1.24550626946956,7.1402
04/09/2023 14:18:12.730,77.64,1.78596489737513,7.1402
04/10/2023 14:46:17.830,77.64,1.70220258342807,7.1402
04/11/2023 15:14:22.980,77.64,1.85562467795359,7.1402
04/12/2023 15:42:28.350,77.64,1.86000059628923,7.1402
04/13/2023 16:10:34.090,77.64,2.12167114858522,7.1402
04/14/2023 16:38:40.270,77.64,2.21338592390592,7.1402
04/15/2023 17:06:46.540,77.64,2.19925527372804,7.1402
04/16/2023 17:34:53.000,77.64,2.20557461952532,7.1402
04/17/2023 18:02:59.760,77.64,2.10816087993211,7.1402
04/18/2023 18:31:06.740,77.64,1.98762897226219,7.1402
04/19/2023 18:59:14.020,77.64,2.09251917523279,7.1402
04/20/2023 19:27:18.750,77.64,2.0259697497551,7.1402
04/21/2023 19:55:22.720,77.64,2.0826362341428,7.1402
04/22/2023 20:23:30.300,77.64,2.11763146971902,7.1402
04/23/2023 20:51:38.040,77.64,2.07861245415086,7.1402
04/24/2023 21:19:46.060,77.64,2.25762957095027,7.1402
04/25/2023 21:47:54.430,77.64,2.22183404007599,7.1402
04/26/2023 22:16:03.270,77.64,2.12488572600246,7.1402
04/27/2023 22:44:11.870,77.64,2.11508584661438,7.1402
05/02/2023 20:54:53.340,78.32,2.20548902191267,7.1417
05/02/2023 21:12:18.760,78.03,2.14964641904354,7.1416
05/03/2023 05:30:54.340,78.12,2.13691190062085,7.142
05/03/2023 16:22:26.660,77.26,2.98661046207646,7.142
05/04/2023 12:44:42.970,297.37,2.53297470411257,7.1415
05/04/2023 13:21:01.210,296.79,2.32895525476919,7.1414
05/04/2023 13:57:18.990,296.98,2.40578032235032,7.1457
05/04/2023 14:53:21.390,296.21,3.3359129499285,7.1421
05/04/2023 15:29:40.410,296.69,3.20936578617487,7.1401
05/04/2023 16:05:59.500,297.37,3.2582527094316,7.1398
05/04/2023 16:42:18.840,297.66,3.27024049451666,7.1397
05/04/2023 17:18:38.180,298.04,3.22652230862905,7.1398
05/04/2023 17:54:57.940,298.23,3.14206707386634,7.1402
05/04/2023 18:31:17.810,298.43,2.98865673645254,7.1402
05/04/2023 19:07:37.950,298.23,2.72550888065375,7.1407
05/04/2023 19:43:58.170,298.52,2.65355564214839,7.1405
05/04/2023 20:20:18.990,299.01,2.57567436965522,7.1407
05/04/2023 20:56:39.920,299.2,2.4802178257568,7.1407
05/04/2023 21:33:00.960,299.2,2.43472594468255,7.1411
05/04/2023 22:09:22.410,299.49,2.45771545858889,7.1413
05/04/2023 22:45:44.200,299.58,2.41150083187864,7.1413
05/04/2023 23:22:06.230,299.39,2.37195791202911,7.1414
05/04/2023 23:58:28.230,299.68,2.3787010837894,7.1414
05/05/2023 00:34:50.530,300.45,2.39605166614425,7.1412
05/05/2023 01:11:13.190,300.45,2.38837034724463,7.1412
05/05/2023 01:47:36.030,300.26,2.40507804479104,7.1413
05/05/2023 02:23:59.230,300.64,2.4082541899817,7.1415
05/05/2023 03:00:22.730,300.45,2.45428745811921,7.1412
05/05/2023 03:36:46.610,300.84,2.45120117648772,7.1413
05/05/2023 04:13:10.320,301.32,2.47407626217548,7.1414
05/05/2023 04:49:34.410,300.74,2.450134710732,7.1414
05/05/2023 05:25:58.760,301.03,2.45097859941988,7.1414
05/05/2023 06:02:23.270,301.13,2.43547620638019,7.1414
05/05/2023 06:38:48.220,301.32,2.37172994657209,7.1414
05/05/2023 07:15:13.630,301.03,2.36241144212111,7.1414
05/05/2023 07:51:38.890,307.78,2.32032385212591,7.1465
05/05/2023 08:28:04.450,299.01,2.30820480887457,7.1441
05/05/2023 09:04:31.170,299.49,2.27872433515794,7.1416
05/05/2023 09:40:58.010,300.16,2.23801417615089,7.1405
05/05/2023 10:17:24.730,300.16,2.25707645541671,7.1404
05/05/2023 10:53:52.040,299.78,2.27597214542202,7.1406
05/05/2023 11:30:19.370,299.97,2.23345308627767,7.1407
05/05/2023 12:06:47.160,300.26,2.21305413515638,7.1407
05/05/2023 12:43:15.450,300.16,2.19621208449866,7.1413
05/05/2023 13:19:43.860,299.97,2.21814009488968,7.1411
05/05/2023 13:56:12.470,300.84,2.21904712232263,7.1413
05/05/2023 14:32:41.600,300.74,2.20334723764306,7.1413
05/05/2023 15:09:10.800,300.93,2.19349641700887,7.1415
05/05/2023 15:45:40.550,301.03,2.25001730039765,7.1416
05/05/2023 16:22:10.150,301.13,2.22663626546623,7.1416
05/05/2023 16:58:40.230,301.32,2.24478411037502,7.1415
05/05/2023 17:35:10.450,301.32,2.31846084686808,7.1414
05/05/2023 18:11:40.480,301.22,2.31178341603261,7.1418
05/05/2023 18:48:11.420,301.7,2.30722998288148,7.1417
05/05/2023 19:24:42.520,301.51,2.31851489977344,7.1416
05/05/2023 20:01:14.180,301.41,2.41221377958312,7.1416
05/05/2023 20:37:45.790,301.8,2.39253447402298,7.1419
05/05/2023 21:14:17.160,302.47,2.39597967005497,7.1419
05/05/2023 21:50:48.460,302.38,2.4826530580836,7.1418
05/05/2023 22:27:20.340,302.47,2.46363339223846,7.1415
05/05/2023 23:03:52.410,302.57,2.43789453088124,7.1417
05/05/2023 23:40:24.940,302.57,2.43910838712715,7.1419
05/06/2023 00:16:57.350,302.76,2.4592441795474,7.1416
05/06/2023 00:53:30.300,302.96,2.52720558784845,7.142
05/06/2023 01:30:03.680,303.05,2.52414851657609,7.142
05/06/2023 02:06:37.540,303.34,2.47709431885168,7.1418
05/06/2023 02:43:11.810,303.44,2.53709166992663,7.1416
05/06/2023 03:19:46.410,303.63,2.51037594860183,7.1419
05/06/2023 03:56:21.120,303.73,2.49604071480583,7.1417
05/06/2023 04:32:55.650,304.02,2.5210062386763,7.1419
05/06/2023 05:09:30.380,304.31,2.56229757943481,7.1419
05/06/2023 05:46:05.290,304.21,2.51022465725349,7.1425
05/06/2023 06:22:40.470,303.82,2.53927413028695,7.142
05/06/2023 06:59:15.800,304.31,2.51529697174008,7.142
05/06/2023 07:35:51.290,304.31,2.49942841696239,7.1418
05/06/2023 08:12:27.470,304.31,2.50874445698033,7.1416
05/06/2023 08:49:04.430,304.5,2.48729720981731,7.1418
05/06/2023 09:25:41.830,304.88,2.43197745335603,7.1419
05/06/2023 10:02:19.310,304.5,2.35949237671715,7.1418
05/06/2023 10:38:56.680,304.88,2.4045140321499,7.1418
05/06/2023 11:15:33.950,304.98,2.40436224744599,7.1418
05/06/2023 11:52:11.710,304.98,2.3899265570484,7.1418
05/06/2023 12:28:49.690,304.88,2.29204297867338,7.1418
05/06/2023 13:05:27.720,304.88,2.32200756613923,7.1418
05/06/2023 13:42:06.490,304.4,2.24109057648953,7.1417
05/06/2023 14:18:45.850,303.63,2.19863834008425,7.1403
05/06/2023 14:55:25.300,304.59,2.19774010227494,7.1403
05/06/2023 15:32:05.290,304.79,2.14379879594098,7.1407
05/06/2023 16:08:44.830,305.08,2.20177905411184,7.1414
05/06/2023 16:45:24.460,305.37,2.16228229802336,7.142
05/06/2023 17:22:04.200,306.62,2.13207296546848,7.1422
05/06/2023 17:58:44.500,306.62,2.12769730571776,7.1422
05/06/2023 18:35:25.430,307,2.19142624723226,7.1425
05/06/2023 19:12:06.930,307.2,2.17379102468747,7.1423
05/06/2023 19:48:48.490,307.2,2.23847528848391,7.1422
05/06/2023 20:25:30.090,307,2.18989794796888,7.1421
05/06/2023 21:02:11.910,307,2.19132448723248,7.1423
05/06/2023 21:38:53.530,307.49,2.22126628080471,7.1422
05/06/2023 22:15:35.700,307.97,2.18558597161059,7.1421
05/06/2023 22:52:18.140,307.78,2.29939012855321,7.1421
05/06/2023 23:29:01.320,308.45,1.52352833172223,7.1422
05/07/2023 00:05:44.880,308.64,2.04715785237329,7.1421
05/07/2023 00:42:28.660,308.84,2.10329553265766,7.1421
05/07/2023 01:19:12.210,308.55,2.1553463756716,7.1422
05/07/2023 01:55:56.790,308.64,2.13770263095339,7.1424
05/07/2023 02:32:41.300,309.41,2.1827919457154,7.1421
05/07/2023 03:09:25.810,309.12,2.2077497865577,7.1422
05/07/2023 03:46:10.340,309.7,2.20390782248967,7.1419
05/07/2023 04:22:55.820,309.99,2.20024177702771,7.1422
05/07/2023 04:59:41.590,310.28,2.21873719811846,7.1423
05/07/2023 05:36:26.700,309.99,2.17928544247644,7.1423
05/07/2023 06:13:13.020,310.18,2.260343243039,7.1422
05/07/2023 06:49:59.510,310.28,2.29778341036057,7.1423
05/07/2023 07:26:45.810,310.47,2.27746230288809,7.1423
05/07/2023 08:03:32.890,310.57,2.25340781740095,7.1422
05/07/2023 08:40:20.240,310.67,2.28300255079052,7.142
05/07/2023 09:17:07.100,309.99,2.30795187539746,7.1421
05/07/2023 09:53:54.410,310.09,2.26515430460649,7.1418
05/07/2023 10:30:42.570,310.38,2.27868287425138,7.142
05/07/2023 11:07:30.580,310.57,2.25734945495493,7.1422
05/07/2023 11:44:19.010,310.76,2.26091935800115,7.1421
05/07/2023 12:21:07.800,311.05,2.27022618357664,7.1421
05/07/2023 12:57:56.010,311.05,2.19975046575763,7.1422
05/07/2023 13:34:45.230,311.15,2.23546479283291,7.142
05/07/2023 14:11:34.990,311.05,2.24758792125477,7.1421
05/07/2023 14:48:24.330,311.15,2.20801359382798,7.1421
05/07/2023 15:25:15.010,310.96,2.23962311569149,7.1421
05/07/2023 16:02:05.130,311.34,2.22783196832628,7.142
05/07/2023 16:38:55.720,311.34,2.23530886343933,7.1423
05/07/2023 17:15:46.490,311.15,2.23451321112695,7.1423
05/07/2023 17:52:37.090,311.24,2.21959612499069,7.1424
05/07/2023 18:29:28.720,311.73,2.22070614175388,7.1422
05/07/2023 19:06:20.460,311.63,2.271711993663,7.1421
05/07/2023 19:43:11.930,312.02,2.32529496241612,7.1421
05/07/2023 20:20:04.330,312.21,2.30264763991375,7.1423
05/07/2023 20:56:56.830,311.82,2.32085748541485,7.1424
05/07/2023 21:33:49.170,311.73,2.33825119165959,7.1421
05/07/2023 22:10:42.350,311.73,2.37497814940365,7.1423
05/07/2023 22:47:35.230,311.92,2.40286617478324,7.1422
05/07/2023 23:24:28.870,312.02,2.37787271899801,7.1421
05/08/2023 00:01:23.190,312.11,2.4261205940256,7.1424
05/08/2023 00:38:17.230,312.11,2.41696625210377,7.1421
05/08/2023 01:15:11.490,311.73,2.42958139804003,7.1423
05/08/2023 01:52:05.640,311.24,2.47313776180152,7.1421
05/08/2023 02:29:00.130,311.15,2.47826400479616,7.1421
05/08/2023 03:05:55.250,311.15,2.43094551145446,7.1425
05/08/2023 03:42:50.280,311.15,2.45312654610466,7.1426
05/08/2023 04:19:45.420,311.44,2.47567293486557,7.1426
05/08/2023 04:56:41.160,311.44,2.47545290208072,7.1423
05/08/2023 05:33:37.630,311.24,2.48422296718294,7.1423
05/08/2023 06:10:33.630,311.05,2.41882447388834,7.1423
05/08/2023 06:47:30.260,310.76,2.42539698661935,7.1424
05/08/2023 07:24:27.090,310.86,2.43444517641313,7.1424
05/08/2023 07:53:19.060,311.24,2.36051142203882,7.1421
05/08/2023 09:16:41.710,310.38,2.36045307666067,7.1422
05/08/2023 09:35:09.230,310.67,2.32244777686997,7.142
05/08/2023 10:02:26.270,310.28,2.28932826565499,7.142
05/08/2023 10:29:43.560,309.51,2.26845322334612,7.1423
05/08/2023 10:47:35.270,310.86,1.71170470687478,7.1422
05/08/2023 11:14:53.230,310.38,1.4207086832259,7.1421
05/08/2023 11:42:12.760,2300.53,2.8167133180085,6.6915
05/08/2023 12:00:40.880,2250.13,3.80054040170816,6.6586
05/08/2023 12:28:02.140,2292.91,5.27614226326868,6.6332
05/08/2023 12:55:22.060,2262.75,6.35315746357976,6.6106
05/08/2023 13:13:51.710,2290.51,6.35413925926151,6.5967
05/08/2023 13:41:11.520,2239.24,6.89674252823567,6.596
05/08/2023 14:08:30.770,2167.54,5.37112948132216,6.6086
05/08/2023 14:26:24.910,2622.12,6.511394705897,6.6174
05/08/2023 14:53:44.550,2758.39,4.26555955705182,6.6459
05/08/2023 15:21:05.040,1881.6,2.86961067452629,6.6768
05/08/2023 15:39:33.990,1385.3,2.1716742537582,6.6935
05/08/2023 16:06:56.810,751.66,1.85086312476946,6.7096
05/08/2023 16:34:19.660,527.98,2.08360611117093,6.7178
05/08/2023 16:52:49.680,444.72,2.86550929950234,6.721
05/08/2023 17:20:11.940,364.15,2.81327750334175,6.7245
05/08/2023 17:47:33.770,362.9,3.31003898702933,6.7271
05/08/2023 18:05:29.900,353.74,2.65079988875837,6.7283
05/08/2023 18:32:51.940,316.26,3.1940288125622,6.7302
05/08/2023 19:00:16.330,301.99,3.18059855865817,6.732
05/08/2023 19:18:48.690,351.91,3.20028553076446,6.733
05/08/2023 19:46:11.850,319.44,2.99872881170946,6.7358
05/08/2023 20:13:35.000,283.2,2.36233016220899,6.7385
05/08/2023 20:32:07.080,303.15,3.03164565839834,6.7398
05/08/2023 20:59:30.210,262.29,2.9318799667177,6.7422
05/08/2023 21:26:54.340,221.81,2.6860630077952,6.7442
05/08/2023 21:44:52.530,203.98,3.09491172492636,6.7459
05/08/2023 22:12:16.740,200.42,3.52662354780409,6.7478
05/08/2023 22:39:41.240,185.48,2.99417593097792,6.7491
05/08/2023 22:58:15.060,179.7,3.29378085496467,6.7504
05/08/2023 23:25:39.840,172.47,2.955175591405,6.7518
05/08/2023 23:53:04.840,165.82,3.21612436543372,6.7532
05/09/2023 00:11:39.550,160.71,3.06626090026717,6.7541
05/09/2023 00:39:05.070,154.93,3.00171787090569,6.7553
05/09/2023 01:06:30.960,148.47,3.02461264371819,6.7563
05/09/2023 01:24:31.120,145.49,2.95219960813675,6.7569
05/09/2023 01:51:57.700,140.38,3.01155192884926,6.7578
05/09/2023 02:19:24.330,135.66,2.95026941557231,6.7589
05/09/2023 02:38:00.490,132.86,2.85597753539234,6.7593
05/09/2023 03:05:27.320,128.53,3.52037539661141,6.76
05/09/2023 03:32:54.980,125.15,2.82942550778492,6.7606
05/09/2023 03:51:31.260,122.07,2.82707934385477,6.761
05/09/2023 04:18:59.350,119.27,2.72444678973123,6.7619
05/09/2023 04:46:27.200,115.8,2.83460870641025,6.7623
05/09/2023 05:04:29.470,114.07,2.9781048920966,6.7628
05/09/2023 05:31:58.020,111.95,2.85975012921983,6.7632
05/09/2023 05:59:26.490,108.19,3.06177776406047,6.7637
05/09/2023 06:18:04.230,107.04,2.81804086646764,6.7642
05/09/2023 06:45:33.310,104.91,3.05309417124962,6.7652
05/09/2023 07:13:02.890,102.79,3.70655259761668,6.7656
05/09/2023 07:31:42.210,101.54,4.52701058571467,6.7658
05/09/2023 07:59:12.050,99.23,3.18275984798406,6.7665
05/09/2023 08:26:42.440,97.49,3.34003779583797,6.7668
05/09/2023 08:44:46.800,97.11,3.22696391693517,6.768
05/09/2023 09:12:17.300,94.6,4.33748310513115,6.7682
05/09/2023 09:39:48.910,93.45,3.49939534161177,6.769
05/09/2023 09:58:28.750,92.48,3.35421129756645,6.7697
05/09/2023 10:26:00.040,91.42,4.34271627034247,6.7704
05/09/2023 10:53:31.590,90.27,3.67859222733055,6.771
05/09/2023 11:12:12.420,89.3,4.52464163053077,6.7716
05/09/2023 11:39:45.370,87.95,4.18932360713742,6.7723
05/09/2023 12:07:17.530,87.09,3.78908565017644,6.773
05/09/2023 12:25:23.980,2630.5,8.26929196189172,5.7533
05/09/2023 12:52:56.460,2224.11,44.4238228055008,5.7036
05/09/2023 13:20:29.200,492.71,68.4667182978905,5.6994
05/09/2023 13:39:11.170,535.11,76.3659656412386,5.7012
05/09/2023 14:06:44.840,862.87,82.3767308440862,5.7019
05/09/2023 14:34:18.290,636.21,84.8857249092948,5.7037
05/09/2023 14:53:02.040,1012.05,85.6809731922254,5.7025
05/09/2023 15:20:36.110,1502.39,86.4496004876727,5.687
05/09/2023 15:48:10.710,2218.32,87.1116186754385,5.6497
05/09/2023 16:06:19.250,2296.1,87.3012542511877,5.6261
05/09/2023 16:33:56.880,2288.96,87.9469237964513,5.5932
05/09/2023 17:01:35.820,2175.15,89.0413001900658,5.5746
05/09/2023 17:20:21.100,2220.64,89.2699290515096,5.5631
05/09/2023 17:47:56.900,1188.7,89.0882022634267,5.5604
05/09/2023 18:15:32.570,778.06,88.7618731110625,5.5656
05/09/2023 18:34:18.020,653.84,88.5342786487084,5.5688
05/09/2023 19:01:55.290,538.2,88.1958525538681,5.573
05/09/2023 19:29:31.570,523.26,88.0491979016017,5.5788
05/09/2023 19:47:42.100,516.61,88.026826444281,5.5835
05/09/2023 20:13:29.590,492.23,88.3410183660653,5.5901
05/09/2023 20:41:04.790,479.12,87.7078934229469,5.5964
05/09/2023 21:08:39.640,468.62,87.9696142669947,5.6023
05/09/2023 21:36:14.110,458.79,88.0639848141269,5.6104
05/09/2023 22:03:49.690,449.54,88.1389023535661,5.6193
05/09/2023 22:31:24.860,441.15,88.1633737908443,5.6261
05/09/2023 22:59:00.230,433.64,87.9256833006965,5.632
05/09/2023 23:26:36.690,426.21,88.2952867641447,5.6386
05/09/2023 23:54:12.680,419.18,88.1999526530954,5.6446
05/10/2023 00:21:49.220,411.95,88.2422303098343,5.6529
05/10/2023 00:49:25.710,404.92,88.2194372938495,5.6593
05/10/2023 01:17:02.690,398.46,88.2193945182676,5.6652
05/10/2023 01:44:40.060,392.29,88.2516947626776,5.671
05/10/2023 02:12:17.760,386.03,88.0195118938,5.6772
05/10/2023 02:39:55.410,380.15,88.1008656351332,5.6837
05/10/2023 03:07:34.810,374.46,88.2500617227332,5.6905
05/10/2023 03:35:13.430,368.78,88.3229826442876,5.6959
05/10/2023 04:02:52.130,364.15,88.5536088637213,5.701
05/10/2023 04:30:31.800,358.85,88.2430516357518,5.7066
05/10/2023 04:58:11.130,354.23,88.1413197522304,5.7131
05/10/2023 05:25:50.500,348.93,88.3377099920341,5.7186
05/10/2023 05:53:30.470,344.3,88.3636242945714,5.7241
05/10/2023 06:21:10.610,340.16,88.1606131788469,5.7291
05/10/2023 06:48:51.550,335.24,88.4109167231844,5.734
05/10/2023 07:16:32.260,331.29,88.4163791104921,5.7386
05/10/2023 07:44:13.380,327.43,88.565725734504,5.7437
05/10/2023 08:11:54.310,323.29,88.4482960511361,5.7504
05/10/2023 08:39:39.730,318.95,88.3881953154202,5.7567
05/10/2023 09:07:21.540,315.97,88.4305098895287,5.7622
05/10/2023 09:35:03.560,311.63,88.2783106311639,5.7668
05/10/2023 10:02:46.600,307.68,88.4874234559246,5.7714
05/10/2023 10:30:29.740,304.79,88.3214789672701,5.7765
05/10/2023 10:58:13.100,301.03,88.5273195350151,5.7819
05/10/2023 11:25:56.260,298.04,88.4365833057223,5.7858
05/10/2023 11:46:24.220,295.44,88.4096769444509,5.7897
05/10/2023 12:15:46.640,291.87,88.5424685159177,5.7947
05/10/2023 12:45:09.480,288.5,88.7019513019953,5.7998
05/10/2023 13:14:32.230,285.22,88.7021094454137,5.8032
05/10/2023 13:43:55.460,282.43,88.7063515595856,5.8084
05/10/2023 14:13:19.190,278.96,88.6902413097792,5.8145
05/10/2023 14:42:46.290,275.97,88.7435550812453,5.8212
05/10/2023 15:12:09.670,270.58,88.7510693702789,5.837
05/10/2023 15:41:33.370,228.65,88.7677764407121,5.9254
05/10/2023 16:10:57.960,190.88,88.7538498651926,6.0143
05/10/2023 16:40:22.360,172.37,88.7260993197498,6.0694
05/10/2023 17:09:47.200,177.29,88.7585344622058,6.0605
05/10/2023 17:39:11.920,173.34,88.746582226568,6.0585
05/10/2023 18:08:37.220,169.68,88.797058810953,6.0657
05/10/2023 18:38:02.390,169.77,88.8359687929536,6.0726
05/10/2023 19:07:27.800,164.95,88.8434551133719,6.0702
05/10/2023 19:36:54.440,175.07,88.8670130057218,6.047
05/10/2023 20:06:21.000,170.54,88.928888976642,6.0576
05/10/2023 20:35:47.320,173.53,88.9588858243583,6.0579
05/10/2023 21:05:14.740,170.74,88.900091748988,6.0662
05/10/2023 21:34:41.630,164.66,88.9110097768615,6.0556
05/10/2023 22:27:04.870,160.81,88.8806727662542,6.0574
05/10/2023 23:04:33.020,166.59,88.6825558465004,6.0728
05/10/2023 23:42:01.740,156.76,88.8522731318279,6.085
05/11/2023 00:19:30.090,159.27,88.771488483765,6.0922
05/11/2023 00:56:59.210,156.57,88.7218876578789,6.107
05/11/2023 01:34:28.190,151.46,88.6696755525042,6.1014
05/11/2023 02:11:57.350,152.43,88.7804743732975,6.1187
05/11/2023 02:49:27.080,146.93,88.759001584672,6.1261
05/11/2023 03:26:57.210,148.19,88.7223299620868,6.1317
05/11/2023 04:04:28.770,143.46,88.7261283339028,6.1251
05/11/2023 04:41:59.170,146.84,88.7377613974107,6.1502
05/11/2023 05:19:29.680,144.04,88.7646487008919,6.1465
05/11/2023 05:57:00.550,139.61,88.8581716019783,6.1511
05/11/2023 06:34:31.920,136.43,88.6847492073216,6.1482
05/11/2023 07:12:04.060,136.52,88.7401524509589,6.1442
05/11/2023 07:49:35.610,139.42,88.495836126273,6.15
05/11/2023 08:27:06.170,138.36,88.4696224719666,6.1839
05/11/2023 09:04:37.490,134.5,88.6911943504212,6.1874
05/11/2023 09:42:08.370,135.85,88.5041327076355,6.1864
05/11/2023 10:19:40.140,132.77,88.2164618959099,6.1909
05/11/2023 10:57:12.190,131.42,88.203844799232,6.2018
05/11/2023 11:34:44.010,128.04,88.0592054272145,6.171
05/11/2023 12:12:15.990,128.81,87.8940117560465,6.2027
05/11/2023 12:49:50.450,128.62,87.9283074450694,6.2038
05/11/2023 13:27:24.820,121.88,87.8805466326748,6.2028
05/11/2023 14:04:58.770,124.86,87.6538146794172,6.2156
05/11/2023 14:42:32.910,125.35,87.6541359556985,6.2198
05/11/2023 15:20:06.470,122.55,87.6282784908072,6.228
05/11/2023 15:57:40.380,121.59,87.5614203537208,6.2169
05/11/2023 16:35:15.540,123.13,87.4389501208003,6.2271
05/11/2023 17:12:49.730,120.91,87.4851561700155,6.2346
05/11/2023 17:50:25.180,117.54,87.4509394466863,6.2234
05/11/2023 18:27:59.860,121.49,87.3793782779246,6.2283
05/11/2023 19:05:34.780,117.64,87.3174274260347,6.2487
05/11/2023 19:43:10.570,124.77,87.2922330914286,6.2468
05/11/2023 20:20:46.760,117.15,86.7942444177164,6.2211
05/11/2023 20:58:22.900,119.37,86.942949727034,6.2483
05/11/2023 21:35:59.220,117.35,86.9666517491382,6.2362
05/11/2023 22:13:36.470,117.64,87.0156943035492,6.2591
05/11/2023 22:51:13.730,117.25,86.3148043165129,6.252
05/11/2023 23:28:51.130,113.59,85.6739325835753,6.2545
05/12/2023 00:06:28.120,115.23,85.9423718844615,6.2619
05/12/2023 00:44:06.080,112.05,85.8449781507485,6.2199
05/12/2023 01:21:44.670,108.67,85.8267244818727,6.2725
05/12/2023 01:59:22.880,112.91,85.721677108422,6.2757
05/12/2023 02:37:00.980,107.23,85.0747898827083,6.27
05/12/2023 03:14:39.670,108.58,84.6706531804955,6.2779
05/12/2023 03:52:19.270,109.16,83.4184491334963,6.269
05/12/2023 04:29:59.820,113.01,84.0435588940098,6.2852
05/12/2023 05:07:39.040,108.19,84.7172031336104,6.2804
05/12/2023 05:45:18.490,109.25,84.6982083042625,6.2904
05/12/2023 06:22:57.910,107.61,83.9080131515065,6.2917
05/12/2023 07:00:38.730,103.18,83.5273984248151,6.2877
05/12/2023 07:38:19.960,108.67,81.7916357588767,6.2825
05/12/2023 08:16:01.360,109.54,83.1214814071445,6.287
05/12/2023 08:53:42.070,113.4,83.2536977431761,6.2934
05/12/2023 09:31:22.860,102.41,80.8248210198818,6.2868
05/12/2023 10:09:04.130,108.38,81.6647075028409,6.2859
05/12/2023 10:46:47.100,104.05,81.2053238831329,6.3036
05/12/2023 11:24:29.630,106.75,82.2915614177519,6.3053
05/12/2023 12:02:12.460,110.02,81.1109480128747,6.3066
05/12/2023 12:39:55.600,105.88,81.5630158806873,6.2824
05/12/2023 13:17:38.530,101.64,81.3970746008774,6.3066
05/12/2023 13:55:22.160,102.6,80.1224048597035,6.3069
05/12/2023 14:33:06.400,109.16,80.2441301905555,6.3124
05/12/2023 15:10:50.380,107.13,81.2678835790672,6.2958
05/12/2023 15:48:34.720,108.77,80.4929671924322,6.296
05/12/2023 16:26:19.160,100.87,81.2518897183051,6.3033
05/12/2023 17:04:06.810,110.12,83.207628852055,6.2781
05/12/2023 17:41:52.480,106.94,81.4550518454284,6.289
05/12/2023 18:19:38.220,107.42,1.44067721450247,6.3152
05/12/2023 18:57:24.260,103.85,83.4923710853521,6.2991
05/12/2023 19:35:10.540,103.95,84.6877288625855,6.2978
05/12/2023 20:12:57.170,105.11,83.6947284020297,6.295
05/12/2023 20:50:44.120,103.37,84.7847539106625,6.3031
05/12/2023 21:28:31.360,105.3,79.6682477165066,6.2972
05/12/2023 22:06:18.620,101.64,84.1322068044556,6.3096
05/12/2023 22:44:06.170,103.08,85.4420938324899,6.2939
05/12/2023 23:21:53.800,110.31,85.9058990426788,6.3116
05/12/2023 23:59:41.670,102.41,84.9694476556642,6.3106
05/13/2023 00:37:30.640,110.22,83.0647996165076,6.307
05/13/2023 01:15:19.270,103.76,82.5510184264445,6.3116
05/13/2023 01:53:07.840,107.61,80.100156557268,6.2925
05/13/2023 02:30:56.670,104.63,78.5018872930588,6.2767
05/13/2023 03:08:45.000,100.77,76.4506666960657,6.3071
05/13/2023 03:46:34.620,106.46,84.4793431872219,6.3193
05/13/2023 04:24:25.020,98.55,82.3222826098982,6.3054
05/13/2023 05:02:15.280,100.96,84.3945454230145,6.3258
05/13/2023 05:40:05.300,102.99,76.6486523564944,6.3017
05/13/2023 06:17:55.450,99.33,75.9743117222449,6.3176
05/13/2023 06:55:46.480,103.37,81.5357126983429,6.3027
05/13/2023 07:33:38.350,102.12,77.6835779035988,6.3219
05/13/2023 08:11:32.080,102.6,80.6722551120889,6.31
05/13/2023 08:49:23.210,106.75,78.946425014216,6.3137
05/13/2023 09:27:15.990,102.02,78.7842572989514,6.323
05/13/2023 10:05:08.810,102.41,76.9908455639578,6.3064
05/13/2023 10:43:01.670,104.91,79.1263821038156,6.3127
05/13/2023 11:20:54.840,99.81,72.8288642513096,6.2945
05/13/2023 11:58:48.420,101.83,72.7420107448289,6.3003
05/13/2023 12:36:41.890,101.25,70.9593099755398,6.2644
05/13/2023 13:14:35.510,101.25,79.7818000638499,6.323
05/13/2023 13:52:30.200,102.89,79.1979607487028,6.3257
05/13/2023 14:30:24.630,104.24,71.9306691272859,6.3284
05/13/2023 15:08:18.500,98.46,76.4838694108784,6.3197
05/13/2023 15:46:13.550,100.1,79.4153719971996,6.2965
05/13/2023 16:24:09.500,97.78,77.8812881239649,6.3065
05/13/2023 17:02:04.680,102.41,74.2163049613975,6.324
05/13/2023 17:40:01.120,99.04,75.6057683056879,6.3147
05/13/2023 18:17:57.170,98.65,75.1267831890544,6.3191
05/13/2023 18:55:53.250,98.07,76.6384950494768,6.3273
05/13/2023 19:33:50.070,99.04,76.8854427929748,6.3337
05/13/2023 20:11:46.940,97.98,69.4896756189118,6.3205
05/13/2023 20:49:44.090,104.63,68.7275438794084,6.3161
05/13/2023 23:28:03.190,100.87,69.5274936688236,6.3129
05/14/2023 01:56:09.800,96.15,67.8172569148908,6.3035
05/14/2023 04:24:16.760,96.82,64.6472752814739,6.3195
05/14/2023 06:52:23.530,102.22,73.4388728571438,6.3201
05/14/2023 09:20:31.110,101.45,77.5528127731252,6.3205
05/14/2023 11:48:38.270,102.22,82.1302564182043,6.3235
05/14/2023 14:16:45.630,92.96,81.1022994881835,6.3318
05/14/2023 16:44:53.720,102.7,79.4967473065585,6.3302
05/14/2023 19:13:01.910,98.94,78.5080132103748,6.3393
05/14/2023 21:41:11.270,96.15,79.5025005684676,6.3443
05/15/2023 00:09:19.820,95.57,76.7066826384332,6.3471
05/15/2023 02:37:28.930,97.78,79.7408669131334,6.3297
05/15/2023 05:05:38.630,99.33,72.520290692397,6.3602
05/15/2023 07:33:48.660,100.29,80.1082191321826,6.3597
05/15/2023 10:01:58.530,95.37,72.6037139206787,6.3352
05/15/2023 12:30:09.680,97.21,79.1291838655861,6.3456
05/15/2023 14:58:20.460,98.27,71.2644921321681,6.3585
05/15/2023 17:26:31.420,96.82,66.5869491300482,6.3481
05/15/2023 19:54:42.460,93.93,66.349786079413,6.3202
05/15/2023 22:22:54.630,89.69,69.9325478750607,6.357
05/16/2023 00:51:06.360,95.57,72.3049218973832,6.3579
05/16/2023 03:19:17.810,99.13,71.3493053769935,6.3443
05/16/2023 05:47:30.310,93.93,71.4917846609421,6.3485
05/16/2023 08:15:43.040,98.94,65.0728166673718,6.3492
05/16/2023 10:43:52.580,92.96,67.5081791736213,6.3431
05/16/2023 13:12:35.780,92.29,67.8439213542158,6.3142
05/16/2023 15:41:21.730,92.48,64.6108855862126,6.3494
05/16/2023 18:10:04.950,96.15,49.4825396482652,6.3417
05/16/2023 20:38:47.550,90.84,45.0076060178184,6.3498
05/16/2023 23:07:30.620,94.89,56.6873633034808,6.3443
05/17/2023 01:36:15.830,90.75,55.1792351693054,6.3684
05/17/2023 04:05:19.230,89.01,70.2791690024175,6.3693
05/17/2023 06:34:22.840,97.01,45.0135705452315,6.3397
05/17/2023 09:03:27.400,91.9,68.6545186177194,6.3747
05/17/2023 11:32:31.850,96.63,48.2873650007233,6.3756
05/17/2023 14:01:38.500,88.53,57.0238254927591,6.3866
05/17/2023 16:29:57.450,96.82,55.7812575027998,6.3506
05/17/2023 18:58:15.170,90.94,62.123867111379,6.3539
05/17/2023 21:26:32.120,96.15,71.0823642199767,6.387
05/17/2023 23:54:51.050,94.99,70.3535747503463,6.3743
05/18/2023 02:23:09.390,97.01,68.6122422806562,6.3687
05/18/2023 04:51:26.920,92.1,64.9660589623418,6.3616
05/18/2023 07:19:45.050,91.52,47.5208244350102,6.3674
05/18/2023 09:48:02.820,95.57,56.9944412446049,6.3584
05/18/2023 12:16:20.980,90.56,62.3388672704597,6.364
05/18/2023 14:44:39.370,93.93,58.7961799576295,6.3863
05/18/2023 17:12:59.500,94.51,64.0119774057197,6.3935
05/18/2023 19:41:18.820,91.42,56.5974737604314,6.3528
05/18/2023 22:09:38.330,91.42,65.7131740013667,6.3839
05/19/2023 00:37:58.520,88.34,53.4870767775087,6.3626
05/19/2023 03:06:18.770,90.17,58.4626548531077,6.3799
05/19/2023 05:34:39.320,89.21,50.1734892218952,6.3881
05/19/2023 08:03:01.830,87.76,61.5243826834441,6.3884
05/19/2023 10:31:22.560,96.05,59.9520062031752,6.3704
05/19/2023 12:59:43.960,93.93,64.3974500018485,6.4035
05/19/2023 15:28:05.210,90.65,44.190098338834,6.3731
05/19/2023 17:56:25.710,87.66,46.2198266353156,6.3733
05/19/2023 20:24:45.850,86.8,38.86795676489,6.3703
05/19/2023 22:53:06.430,92.96,56.8547439120997,6.3583
05/20/2023 01:21:27.460,87.47,42.028115445327,6.387
05/20/2023 03:49:48.580,92.19,43.0950793659442,6.4013
05/20/2023 06:18:10.240,93.25,59.4969648367752,6.383
05/20/2023 08:46:31.710,91.81,59.0213314708144,6.3688
05/20/2023 11:14:55.000,92.39,37.7666267226164,6.3872
05/20/2023 13:43:17.160,90.27,60.4113393094251,6.3575
05/20/2023 16:11:39.640,92.1,62.8568154297171,6.3698
05/20/2023 18:40:02.700,87.95,40.1734215981958,6.3917
05/20/2023 21:08:26.660,88.92,49.0662865662436,6.3751
05/20/2023 23:36:49.940,85.74,38.3929938721448,6.3882
05/21/2023 02:05:13.540,87.57,35.6051136965118,6.4214
05/21/2023 04:33:37.650,89.78,59.8702391313652,6.383
05/21/2023 07:02:01.700,86.8,38.1693338189026,6.396
05/21/2023 09:30:26.330,86.12,49.3552765126284,6.408
05/21/2023 11:58:50.860,83.33,49.8035789917269,6.4042
05/21/2023 14:27:15.870,90.27,53.5369549741898,6.4317
05/21/2023 16:55:40.660,91.13,51.889938801444,6.4017
05/21/2023 19:24:06.390,84.97,49.7397791975832,6.4364
05/21/2023 21:52:32.660,83.14,44.8955385517404,6.4185
05/22/2023 00:20:59.440,89.78,46.0393096729592,6.4242
05/22/2023 02:49:25.800,84.68,52.638523360502,6.4051
05/22/2023 05:17:52.500,80.82,33.1517318193027,6.4262
05/22/2023 07:46:19.290,89.59,36.406018949674,6.4377
05/22/2023 10:14:49.820,84.58,50.8939472476823,6.403
05/22/2023 12:43:17.130,84.58,43.4551024959942,6.4004
05/22/2023 15:11:44.370,82.56,46.3841112901067,6.4426
05/22/2023 17:40:12.340,88.05,54.307250490008,6.4223
05/22/2023 20:08:41.370,89.21,42.4740108736363,6.4436
05/22/2023 22:37:10.400,88.92,39.297154381762,6.4032
05/23/2023 01:05:40.000,82.65,33.7062294338027,6.4263
05/23/2023 03:34:14.630,87.66,34.9555115361253,6.4078
05/23/2023 06:02:44.300,81.88,51.1371431880967,6.4247
05/23/2023 08:31:14.350,84.97,49.6648611857164,6.4438
05/23/2023 10:59:44.690,85.74,39.2445244072006,6.3927
05/23/2023 13:28:15.870,88.53,36.2945941677249,6.437
05/23/2023 15:56:47.180,89.5,54.6887947797956,6.4063
05/23/2023 18:25:18.230,88.15,56.0141527802692,6.4295
05/23/2023 20:53:48.470,85.83,41.1148616164936,6.4488
05/23/2023 23:22:22.890,84.68,38.3741451973091,6.3944
05/24/2023 01:50:57.420,87.57,51.051623032757,6.4096
05/24/2023 04:19:31.600,84.1,44.1483569161202,6.4308
05/24/2023 06:48:05.320,84,39.9902901585699,6.4192
05/24/2023 09:16:39.130,81.88,30.0064604979303,6.4256
05/24/2023 11:45:14.130,81.21,40.296428249613,6.4354
05/24/2023 14:13:50.250,86.6,46.4201885909601,6.423
05/24/2023 16:42:25.610,86.7,38.8106192680729,6.4214
05/24/2023 19:11:01.070,84.29,46.1022687835268,6.4346
05/24/2023 21:39:37.600,84.39,36.2151395846162,6.4217
05/25/2023 00:08:13.490,82.17,50.2455017838463,6.4453
05/25/2023 02:36:50.300,80.44,33.9415946825144,6.433
05/25/2023 05:05:25.930,80.15,47.0390197784121,6.4484
05/25/2023 07:34:03.460,83.23,51.4233185120758,6.4446
05/25/2023 10:02:41.930,77.93,35.7922263288735,6.4387
05/25/2023 12:31:18.770,83.04,34.0982279965555,6.4749
05/25/2023 14:59:57.070,81.88,33.1873439761712,6.4198
05/25/2023 17:28:35.870,77.93,33.5082905496331,6.4488
05/25/2023 19:57:14.130,78.22,36.95208216926,6.4478
05/25/2023 22:25:52.980,78.8,39.3219283611147,6.4506
05/26/2023 00:54:34.160,79.57,36.8202919481719,6.4335
05/26/2023 03:23:13.060,84.77,43.7987805509345,6.4747
05/26/2023 05:51:52.620,84.68,40.9867345460745,6.4324
05/26/2023 08:20:32.370,80.44,33.8486391241615,6.4465
05/26/2023 10:49:12.030,83.91,45.9444290956156,6.4021
05/26/2023 13:17:53.220,85.74,43.8595875249539,6.4473
05/26/2023 15:46:33.260,83.33,44.2408775161364,6.4515
05/26/2023 18:15:16.200,85.83,33.618742241036,6.3979
05/26/2023 20:43:57.970,83.81,57.2718368948602,6.4246
05/26/2023 23:12:42.090,80.05,41.2926272785095,6.4457
05/27/2023 01:41:24.060,81.98,44.4838230398795,6.4365
05/27/2023 04:10:06.410,80.73,34.429583170435,6.4402
05/27/2023 06:38:50.340,81.5,40.9646909135338,6.4109
05/27/2023 09:07:33.560,81.01,39.8394446547578,6.4396
05/27/2023 11:36:17.450,78.61,31.8032088969576,6.4465
05/27/2023 14:05:00.890,82.17,38.0413341878161,6.4341
05/27/2023 16:33:45.680,80.15,45.8813814148796,6.4512
05/27/2023 19:02:31.780,84,37.9916546171527,6.428
05/27/2023 21:31:16.770,82.65,59.0817889064047,6.4388
05/28/2023 00:00:02.490,86.32,41.5208471545595,6.4369
05/28/2023 02:28:47.490,85.45,35.7718270915911,6.4516
05/28/2023 04:57:33.110,82.46,43.2830666072882,6.433
05/28/2023 07:26:19.100,82.75,43.4598285469581,6.4576
05/28/2023 09:55:05.260,81.88,43.4342041256182,6.4461
05/28/2023 12:23:52.840,82.94,46.8167692741125,6.4483
05/28/2023 14:52:40.460,81.79,36.2341352872257,6.4512
05/28/2023 17:21:28.530,82.65,46.7259434414966,6.4352
05/28/2023 19:50:15.590,83.04,38.919448441641,6.4598
05/28/2023 22:19:03.080,80.82,42.7614302189474,6.442
05/29/2023 00:47:51.020,81.79,48.6676547010822,6.4559
05/29/2023 03:16:39.290,81.11,47.3543676926862,6.4286
05/29/2023 05:45:28.020,79.28,29.7622884346914,6.5435
05/29/2023 08:14:15.960,69.07,33.0139435652934,6.5513
05/29/2023 10:43:04.510,72.73,29.9788458626983,6.5723
05/29/2023 13:11:54.040,58.66,26.5873778172988,6.5512
05/29/2023 15:40:43.730,65.5,24.2427037488972,6.5707
05/29/2023 18:09:33.830,66.27,23.8991135864965,6.6038
05/29/2023 20:38:24.410,73.98,21.874071708592,6.5823
05/29/2023 23:07:14.310,65.6,22.998174708592,6.5635
05/30/2023 01:36:05.070,68.97,16.3738524832397,6.6115
05/30/2023 04:04:55.220,62.13,15.1607790610769,6.6506
05/30/2023 06:33:46.360,72.73,26.3872011261442,6.6382
05/30/2023 09:02:37.440,69.74,23.2963960592786,6.6322
05/30/2023 11:31:30.200,65.31,22.5707921854414,6.6617
05/30/2023 14:00:22.020,56.05,18.778493826156,6.6352
05/30/2023 16:29:14.280,60.58,25.4278866996728,6.6548
05/30/2023 18:58:05.830,56.25,18.6510854308073,6.672
05/30/2023 21:26:58.380,65.6,24.9110435243125,6.6221
05/30/2023 23:55:51.890,53.84,26.0169720000466,6.678
05/31/2023 02:24:45.170,75.04,24.9257771597046,6.7192
05/31/2023 04:53:39.030,69.07,26.7794098777496,6.7117
05/31/2023 07:22:33.590,61.36,14.037801704328,6.6867
05/31/2023 09:51:26.610,65.88,22.9192225640794,6.7264
05/31/2023 12:20:20.990,56.73,23.293491944452,6.697
05/31/2023 14:49:15.200,70.32,19.1253916284889,6.7545
05/31/2023 17:18:10.280,63.09,25.7136069669271,6.7133
05/31/2023 19:47:05.590,61.84,15.8511152643935,6.6846
05/31/2023 22:16:00.420,67.62,24.0236725029018,6.7262
06/01/2023 00:44:55.660,57.31,12.9298034223744,6.7381
06/01/2023 03:13:52.810,57.31,29.3601159434799,6.7381
06/01/2023 05:42:48.670,57.31,25.0747472153969,6.7381
